userName,score,at,content
Pengguna Google,5,2025-09-25 09:50:09,sangat membantu mengontrol makanan harian
Pengguna Google,5,2025-09-25 06:01:24,Sangat membantu...!
Pengguna Google,5,2025-09-20 06:00:53,sangat membantu
Pengguna Google,5,2025-09-19 05:57:22,Terima kasih. sangat membantu
Pengguna Google,5,2025-09-18 20:45:47,"sangatlah baguss, saya bis akonsisten memakai ini"
Pengguna Google,5,2025-09-18 11:23:05,penggunaanku sudah lebih dari 1 th untuk penurunan bb/ kebugaran. mudah digunakan gampanv simple gen z bgt sih ga lemot .. saran dan masukan jangan beralih ke berbayar ya
Pengguna Google,5,2025-09-15 20:57:57,"bagus,membantu banget"
Pengguna Google,5,2025-09-15 06:23:43,Buat yang lagi Defisit Kalori cocok banget mudah digunakan tulisannya juga tidak terlalu kecil. Siapkan timbangan makanan dan juga hitung kebutuhan kalori Anda di TDEE Calculator.
Pengguna Google,3,2025-09-11 07:21:33,cocok sekali buat yg lagi diet ngitung kalori
Pengguna Google,1,2025-09-07 08:24:26,buat hitung kalori aja harus premium jadi fungsi apk ini apa?
Pengguna Google,5,2025-09-04 23:07:20,aplikasinya bagus..makanan lengkap terima kasih
Pengguna Google,5,2025-09-04 17:30:18,keren.. jadi mudah memantau kwbutuhan kalori harian
Pengguna Google,5,2025-09-04 10:25:43,cocok utk yg sdg diet
Pengguna Google,5,2025-09-03 23:58:31,mudah digunakan
Pengguna Google,5,2025-09-03 13:30:37,aplikasi ini sangat bermanfaat & membantu sekali untuk program diet
Pengguna Google,5,2025-09-03 11:00:41,sangat membantu program diet saya
Pengguna Google,5,2025-09-02 05:30:47,Membantu memantau kalori yg masuk ke badan sangat membantu
Pengguna Google,5,2025-09-01 19:17:56,terima kasih fat secret sudah menemani dietku
Pengguna Google,5,2025-08-28 20:56:42,aplikasi bagus
Pengguna Google,5,2025-08-24 09:34:34,sangat membantu saya dalam menjalankan diet sebat
Pengguna Google,1,2025-08-22 09:09:13,"Memberikan perhitungan yang salah, cari caloric deficit malah diberi caloric surplus, tolong perhitungan aplikasi bisa diperbaiki"
Pengguna Google,5,2025-08-20 09:23:58,Good
Pengguna Google,5,2025-08-20 05:17:09,sangat membantu untuk tracking makanan
Pengguna Google,5,2025-08-19 16:09:42,"dapat memantau berat badan dari berat awal sampai berat yang dituju dengan memasukan asupan makanan setiap hari , tiap Minggu dapat laporan rentetan kalori dan mengupdate berat badan"
Pengguna Google,5,2025-08-18 08:44:06,bagus membantu mengontrol berat badan dan makan
Pengguna Google,5,2025-08-16 13:24:59,bgus
Pengguna Google,5,2025-08-16 12:36:48,"bagus, tp sebaiknya di update lagi data makanannya, kadang byk yang ga ada."
Pengguna Google,5,2025-08-11 13:05:33,bagus bgt diet
Pengguna Google,5,2025-08-11 08:17:45,Alhamdulillah Barokallah dengan aplikasi ini saya bisa mengontrol kalori makanan yang saya akan makan.semoga saya bisa menurunkan BB saya Sesuai Idealnya.semamgat menuju 53kg🥰🥰🥰🥰 terimakasih fatscret😍😍
Pengguna Google,2,2025-08-07 13:01:59,"bagus, ada komunitasnya tapi ga bisa catat makanan diluar dari apa yang ada di aplikasi, contoh kayak donat milo. itu ga ada sama sekali di aplikasi, ga bisa tambah menu itu juga. capek"
Pengguna Google,5,2025-08-07 10:18:44,Mantap mmbantu banget ngitung kalori harian
Pengguna Google,5,2025-08-06 17:47:12,Membantu mengontrol masukan kalori
Pengguna Google,5,2025-08-05 11:07:54,sangat membantu
Pengguna Google,5,2025-08-04 15:37:30,Sangat membantu untuk diet
Pengguna Google,5,2025-08-03 13:25:21,okee
Pengguna Google,5,2025-08-02 07:15:18,Sangat membantu mengontrol kebutuhan gizi
Pengguna Google,5,2025-08-01 08:18:31,"Bagi yg mau diet, harus banget download aplikasi ini."
Pengguna Google,5,2025-07-31 16:53:53,love fatsecret. sangat membantu programku. thankyou fatsecret.
Pengguna Google,5,2025-07-31 08:34:49,bagus
Pengguna Google,5,2025-07-30 15:12:20,aplikasi terbaik
Pengguna Google,5,2025-07-25 12:57:30,"aplikasinya keren, mantap, mempermudah orang buat hitung kalori harian terkhusus buat yg lagi cutting"
Pengguna Google,5,2025-07-25 07:51:00,mmbntu skali untk mnghitng kalori harian
Pengguna Google,5,2025-07-24 20:32:01,membantu jaga kalori
Pengguna Google,5,2025-07-21 10:21:07,"aplikasi bagus membantu banget,saran saya menu makanannya di tambah lagi terutama di Makanan olahan ayam 👍👍"
Pengguna Google,5,2025-07-21 09:11:10,aplikasi yg bagus...
Pengguna Google,5,2025-07-20 17:49:21,bnr bnr ngebantu gua buat kontrol makan terimakasih banyak ya
Pengguna Google,4,2025-07-18 06:55:12,bagus menunjang perjuangan ku
Pengguna Google,5,2025-07-16 19:26:22,"kalau pakat fatsecret jd lebih disiplin,trims"
Pengguna Google,5,2025-07-12 20:31:37,okey
Pengguna Google,1,2025-07-12 19:37:02,"kenapa si astaga padahal jaringan bagus tapi buat buka aplikasi, buat input makanan gabisa, lucu banget"
Pengguna Google,5,2025-07-12 10:29:27,sangat membantu
Pengguna Google,5,2025-07-11 16:08:05,mantap
Pengguna Google,5,2025-07-09 15:29:43,"terbaik sih, aplikasinya keren, gampang dipahami. udh aku pakai dari awal diet di 2018. sampe skrg msh ku pakai. dari BB awal hampir 80 skrg di 62, tapi msh proses diet lgi hehe . setelah 3tahun berenti karena hamil dan menyusui."
Pengguna Google,5,2025-07-09 06:05:50,dietku jadi berhasil
Pengguna Google,5,2025-07-08 17:59:42,sangat bermanfaat
Pengguna Google,4,2025-07-08 17:30:57,ok
Pengguna Google,5,2025-07-08 13:00:20,sangat membantu
Pengguna Google,5,2025-07-04 19:25:29,Apk terbaik
Pengguna Google,5,2025-07-01 09:53:21,🤍
Pengguna Google,5,2025-07-01 08:30:16,bagus
Pengguna Google,5,2025-07-01 06:40:19,"Sangat amat memudahkan untuk menghitung kalori, bener bener mempermudah untuk orang yang mau diet"
Pengguna Google,5,2025-07-01 03:38:19,app yg sangat bagus dan membantu banyak orang untuk menghitung kalori harian.
Pengguna Google,5,2025-06-30 09:04:20,Hebat
Pengguna Google,4,2025-06-29 07:14:21,cocok
Pengguna Google,2,2025-06-28 18:37:43,ini pasti gak gratis
Pengguna Google,5,2025-06-25 11:49:04,sangat membantu
Pengguna Google,5,2025-06-22 20:00:57,"Omagaaa, cinta banget sama app satu ini! 😍🫶🏻"
Pengguna Google,5,2025-06-20 17:41:51,sangat membantuuu
Pengguna Google,5,2025-06-13 10:49:42,gacor banget
Pengguna Google,5,2025-06-12 07:54:54,Sangat membantu 😍
Pengguna Google,5,2025-06-11 14:03:59,aplikasi yang sangat membantu unk program defisit kalori
Pengguna Google,1,2025-06-09 19:10:21,apk gjls makanan aja ga lengkap mending cari di google aja
Pengguna Google,5,2025-06-05 07:36:07,"Sangat membantu dalam mengkontrol asupan kalori yang masuk ke dalam tubuh, juga menjaga pola makan tetap seimbang lewat laporan makro nutrisinya."
Pengguna Google,5,2025-06-04 11:17:25,"sangat bagus,puas bngt"
Pengguna Google,5,2025-06-02 00:30:03,"sangat membantu untuk pencatatan kalori, buat motivasi juga kalo misal kalori harian belum terpenuhi. sangat membantu saya untuk atur pola makan. terima kasihh"
Pengguna Google,5,2025-05-31 14:43:17,"saya menggunakan aplikasi ini untuk mengontrol kalori yang saya konsumsi setiap harinya dan saya sangat merasa banyak manfaatnya,selain berat badan saya turun saya juga merasa badan lebih sehat dan ringan karena tahu berapa banyak gula,garam dan lemak yang masuk ke dalam tubuh dan membuat kita lebih pintar dalam memilih makanan yang sehat dan sedikit kalori"
Pengguna Google,5,2025-05-30 19:57:29,Bagus
Pengguna Google,5,2025-05-30 11:24:02,mantap
Pengguna Google,5,2025-05-28 22:12:50,aplikasi andalan kalo udh pengen serius turun bb
Pengguna Google,5,2025-05-28 06:52:26,bagus membantu sekali
Pengguna Google,5,2025-05-26 12:41:43,aplikasi sangat bagus untuk mengontrol makanan yang dikonsumsi saat diet.
Pengguna Google,5,2025-05-26 09:19:07,Apk ini bagus banget. Dengan bantuan tambahan dari web aku cari AKGku&dengan bantuan AI aku bisa tahu berapa gram makananku. Untuk defisit kalori kurangin kalori harian kalian. Aku senang apk ini lengkap dan gratis. Btw aku turun 5 kg seminggu pakai apk ini dan aku jg olahraga 3x dalam seminggu.
Pengguna Google,5,2025-05-26 08:33:18,berguna bgt buat progress
Pengguna Google,5,2025-05-26 05:46:42,best !!!
Pengguna Google,5,2025-05-24 17:03:21,sangat membantu defkal
Pengguna Google,5,2025-05-22 08:46:21,sangat membantu tracking kalori setiap hari
Pengguna Google,5,2025-05-21 09:57:11,pemandu yg ok untuk diet
Pengguna Google,4,2025-05-21 06:36:04,cukup membantu program diet saya
Pengguna Google,5,2025-05-17 09:00:38,saya mau yang gratis.
Pengguna Google,5,2025-05-16 12:48:03,aplikaai yg sangat membantu
Pengguna Google,5,2025-05-14 09:18:33,"mudah,gampang difahami"
Pengguna Google,4,2025-05-13 16:00:55,"Aplikasi yang cukup bagus utk track Makro, namun kalo dari pengalaman ku makanan yang aku konsumsi kadang tidak ada data nya disini dan kadang data nya terkesan tidak akurat."
Pengguna Google,5,2025-05-13 09:18:21,"sangat membantu pola makan kita,biar bisa defisit kalori dengan adanya aplikasi fasecret ini👍👍"
Pengguna Google,5,2025-05-12 22:19:40,kalo bisa untuk nilai gizi bisa ditambah kalsium agar mempermudah jumlah kalsium yg kita konsumsi
Pengguna Google,5,2025-05-10 05:37:18,bagus sekali dan sangat membantu
Pengguna Google,5,2025-05-09 05:28:44,sangat membantu menghitung kalori dan membuat diet jd lebih semangat karna banyak dukungan dan info dr pengLaman pribadi org2 yg memakai apl ini membuat diet lebih senang karna bisa melihat info perubahan secara detail
Pengguna Google,5,2025-05-07 06:18:44,Sangat bermanfaat bagi yang mengatur pola hidup lebih sehat
Pengguna Google,5,2025-05-06 15:58:35,membantu sekali dalam menghitung kalori yg di makan
Pengguna Google,4,2025-05-06 08:43:01,"baguss sekali, tingkatan terus"
Pengguna Google,5,2025-05-05 06:18:00,sangat membantu dan sangat mudah menggunakan aplikasi ini🥰 Terima kasih banyak 😇🥰
Pengguna Google,4,2025-05-04 17:59:01,"halo saya ingin nanya satu hal, kenapa di aplikasi ini tidak ada penghitungan kalsium? yang ada malah kalium, apakah dalam aplikasi itu sama saja? karena setelah saya cari di google ternyata kalsium dan kalium berbeda, kalo memang berbeda, tolong tambahkan penghitungan kalsium juga."
Pengguna Google,5,2025-05-03 11:41:40,terimakasih banyak telah banyak membantu
Pengguna Google,5,2025-05-03 07:19:17,BAGUS BANGET ❤️❤️
Pengguna Google,5,2025-05-02 12:18:34,Bener bener ngaruh sih buat aku
Pengguna Google,5,2025-05-01 20:40:58,"mantap, bisa mantau hasil diet dan tracking kalori"
Pengguna Google,5,2025-04-29 17:08:30,"Bagus, membantu melacak/mengetahui intake kalori"
Pengguna Google,5,2025-04-25 15:16:14,sangat membantu dalam proses defisit kalori.
Pengguna Google,5,2025-04-22 20:09:40,mantap buat program diet
Pengguna Google,5,2025-04-20 14:10:59,bestt wajib download kalo mau cepat turun
Pengguna Google,5,2025-04-18 19:36:36,aplikasi best banget buat diet
Pengguna Google,5,2025-04-18 05:13:32,"sangat mudah diikuti, recomended👍 semoga fitur2 gratisnya ditambah lebih banyak😍👍"
Pengguna Google,5,2025-04-13 13:55:34,sangat membatu diet aku
Pengguna Google,5,2025-04-11 15:49:15,bagus
Pengguna Google,4,2025-04-10 13:04:19,Bantu buat diet
Pengguna Google,3,2025-04-09 23:28:46,"please make the widget size 4×2 for easy viewing. don't do 4×1, it's very annoying"
Pengguna Google,5,2025-04-09 20:22:55,sangat bagus
Pengguna Google,5,2025-04-08 10:09:17,ke'ren
Pengguna Google,3,2025-04-06 13:34:44,"kenapa sih harus pakai umur, kan segala usia berhak untuk bisa menjadi sehat😒"
Pengguna Google,5,2025-03-31 21:32:03,recomend banget pakai ini sih kalian harus coba
Pengguna Google,4,2025-03-29 08:20:56,"membantu bagi orang-orang yang sedang dalam program defisit kalori, hanya ada beberapa saran yaitu pilihan makanan yang harus lebih ditingkatkan dan tolong perbaiki proses loading yang terlalu lama saat mencari pilihan makanan, karena hal ini cukup memakan waktu, walau hal ini tidak sering terjadi diharapkan dapat menjadi saran yg baik"
Pengguna Google,5,2025-03-24 12:23:47,berguna banget
Pengguna Google,5,2025-03-23 19:03:48,dengan aplikasi ini sangat memudahkan dalam menjalani defcal
Pengguna Google,5,2025-03-20 18:03:23,"memudahkan sekali untuk program diet atau menambah berat badan, walau ga 100% akurat tetapi setidaknya mendapatkan gambaran besarnya"
Pengguna Google,5,2025-03-18 22:09:26,Bagus
Pengguna Google,5,2025-03-17 18:43:34,bagus dan berguna
Pengguna Google,5,2025-03-17 17:22:11,"aplikasiny membantu, tapi terkadang ada makanan2 daerah tertentu yg blm masuk, hihi"
Pengguna Google,5,2025-03-17 11:38:41,"Sangat terbantu sama apk ini, bisa makan apa aja asal tau batas kalorinya😀😀"
Pengguna Google,5,2025-03-17 08:00:14,Benar benar sangat membantu
Pengguna Google,5,2025-03-15 17:37:40,"sangat efektif menurunkan bb, sehingga kita tau cara defisit kalori"
Pengguna Google,5,2025-03-14 07:41:19,Bagus
Pengguna Google,5,2025-03-13 02:14:08,Terima kasih
Pengguna Google,5,2025-03-12 18:17:06,Saya dengan aplikasi ini mampu menurunkan berat badan dri awalnya 120 sampe ke 75 makasih fat secret
Pengguna Google,5,2025-03-11 13:22:03,kerenn
Pengguna Google,1,2025-03-10 09:42:34,GK bisa dibuka
Pengguna Google,5,2025-03-08 19:14:56,bagus
Pengguna Google,5,2025-03-07 05:19:03,Sangat membantu diet journey saya. So thankyou
Pengguna Google,4,2025-03-06 22:14:31,"Lumayan membantu, thanks"
Pengguna Google,5,2025-03-03 17:35:15,Bagus dan memudahkan rencana diet saya
Pengguna Google,5,2025-03-03 09:53:48,Sangat membantu 🥰👍🏻
Pengguna Google,5,2025-02-28 16:33:10,Aplikasii yang sangat baguss
Pengguna Google,5,2025-02-28 16:06:25,Baguss sekali untuk menghitung kalori
Pengguna Google,4,2025-02-28 07:09:29,"Udah bagus, gara² fathscreed aku jadi turun 4kg ,tapi tolong menu sama makanan,minuman,atau jajanan nya di tambahin lagi ya kadang suka binggung soalnya gaada di menu nya"
Pengguna Google,5,2025-02-27 06:41:07,"Bintang 5! nge bantu banget dan emang beneran worth it, target turun 5 kilo dalam 1 bulan, minggu ke 2 udah turun 2,5 kilo"
Pengguna Google,4,2025-02-26 18:54:32,Nice
Pengguna Google,5,2025-02-26 09:06:37,Membuat semangat diet saya karena dengan adanya aplikasi ini saya bisa mengontrol nafsu makan saya
Pengguna Google,1,2025-02-24 18:26:46,"Gak tau kenapa udah 3 hari, mau nyatet kalori harian pas maghrib ke atas langsung lemot, sebelemnya gak pernah kaya gini. Ini udah uninstal terus reinstal tetep sama, malah gak bisa login saking loading mulu."
Pengguna Google,1,2025-02-24 14:56:12,"Buruk, lag trus, masukin kalori aja susah, loading screen 1 jam"
Pengguna Google,1,2025-02-23 20:48:01,"Sebelumnya pernah pake, ngebantu banget turun hampir 10kilo, tapi secarang appnya entah kenapa ngak bisa kebuka stak di awal ngak mau masuk ke app nya."
Pengguna Google,5,2025-02-21 18:44:51,Sangat membantu untuk menghitung kalori harian. Terima kasih
Pengguna Google,5,2025-02-21 13:12:04,"Ini apk yang sangat bagus sekali. Saya bisa menghitung jumlah kalori setiap hari. Mohon dikembangkan lagi menu makanan/minuman yang bervariasi lagi, terimakasih fatsecret"
Pengguna Google,5,2025-02-19 14:16:18,Thankyou
Pengguna Google,5,2025-02-19 08:49:41,Aplikasi yang sangat bagus. Membantu menghitung kalori harian sangat membantu untuk diet. Recomen sekali
Pengguna Google,5,2025-02-17 23:34:57,Sangt membantu
Pengguna Google,5,2025-02-17 17:55:07,"sangat membantu, saya jadi tau kandungan kandungan kalori, protein, karbohidrat makanan yang saya makan"
Pengguna Google,5,2025-02-16 08:02:47,membantu sekali untuk mengendalikan nafsu makan
Pengguna Google,5,2025-02-15 10:49:46,Udh lama pake Apk ini dan udh pernah nyoba buat ikut Body kontes dan sangat amat membantu buat fitur² freenya...semoga kedepannya lebih banyak variasi makanan dan minuman yg dapet di lacak di Apk ini dan semoga lebih akurat juga untuk informasi gizinya 🙏🏻👍
Pengguna Google,5,2025-02-13 13:02:06,ngebantu banget itung kalori harian
Pengguna Google,5,2025-02-12 17:48:42,"bagus aplikasi ini, meskipun saya kurang disiplin tapi pake aplikasi ini udah turun 4 kg"
Pengguna Google,5,2025-02-11 13:12:34,Nice apps
Pengguna Google,5,2025-02-11 09:56:44,"Bagusss, memudahkan untuk hitung kalori, detail... recommended 👍 thank you"
Pengguna Google,5,2025-02-11 00:09:33,"Ngatur porsi makan pke aplikasi ini, defisit kalori dan olahraga. Dlm waktu 3 bulan turun 10kg, sangat membantu sekali. Terima kasih"
Pengguna Google,5,2025-02-10 19:08:19,bener bener ngebantu bangett untuk penghitungan kalori
Pengguna Google,4,2025-02-10 10:49:28,nice apps
Pengguna Google,5,2025-02-10 10:02:30,Sangat membantu
Pengguna Google,5,2025-02-10 05:58:55,Mantapp
Pengguna Google,5,2025-02-09 22:18:36,SEMOGA YANG BIKIN APLIKASI INI DAN TEAMNYA DAPAT PAHALA SETIAP SAYA INPUT MAKANAN! BERGUNA BANGET!!
Pengguna Google,5,2025-02-09 10:49:45,Apk GRATIS yang mmbantu bngt.. tanpa iklan pula
Pengguna Google,5,2025-02-09 10:28:51,sangat membantu
Pengguna Google,5,2025-02-09 09:21:13,sangat membantu
Pengguna Google,5,2025-02-08 21:46:12,"Apk yg sngt bagus, bisa mmbngu orng yg lgi diet"
Pengguna Google,5,2025-02-08 19:09:14,Membantu menghitung asupan makanan harian pada masa diet
Pengguna Google,5,2025-02-08 17:02:35,"Mantappp untuk menghitung kalori buat saya yang sedang diet, semoga tercapai body goals"
Pengguna Google,5,2025-02-08 10:27:13,"Sudah hampir 4 tahun pakai aplikasi ini, sangat membantu dan menyenangkan"
Pengguna Google,5,2025-02-08 07:51:27,Ngebantu banget buat diet harian mencatat kalori makanan per hari❤❤
Pengguna Google,4,2025-02-08 05:04:57,Sangat membantu dalam penghitungan kalori yang dimakan
Pengguna Google,5,2025-02-07 14:23:57,"Dietku bner2 trbntu berkat aplikasi ini,makasi fatsecret😍"
Pengguna Google,5,2025-02-06 18:37:24,Membantu banget aplikasi ini buat diet
Pengguna Google,1,2025-02-06 08:16:25,Menu makanan tidak banyak di ketahui
Pengguna Google,5,2025-02-05 12:01:15,love fatsecret🥰🥰🥰
Pengguna Google,5,2025-02-04 19:55:27,klo ada bintang 1000 aku kasih bintang 1000 karena ini kita tinggal ngetik tanpa ngehitung ini kita cuma perlu nimbang aja.
Pengguna Google,5,2025-02-03 13:06:16,Bagus banget jadi lebih terukur
Pengguna Google,5,2025-02-03 09:58:00,Ngebantu program diet aku banget
Pengguna Google,4,2025-02-03 07:21:24,"Aplikasi ini bagus, sangat membantu kita dalam memulai pola hidup sehat ada pemantauan kalori dan pencatatan makanan, tersedia catatan untuk melihat grafik timbangan,, tetapi ada beberapa makanan yang kadang belum terdata di aplikasi sehingga bisa dicatat manual resepnya🥰🥰🥰 bagi saya sejauh ini sudah memuaskan"
Pengguna Google,5,2025-02-02 20:00:14,Mantap
Pengguna Google,5,2025-02-02 06:08:59,aplikasi bagus
Pengguna Google,5,2025-02-01 16:50:58,Aplikasinya bagus saya berhasil turun 20 kg dalam 6 ⭐⭐⭐⭐⭐
Pengguna Google,5,2025-02-01 16:42:30,sangat akurat entah buat bulk atau cute defisit kalori mantep
Pengguna Google,5,2025-02-01 09:58:12,"aplikasi yang sangat bermanfaat, buat yang masih bingung untuk menghitung atau mengetahui kandungan nutrisi dari makanan/minuman, fat secret udah paket lengkap, mantap pokoknya"
Pengguna Google,5,2025-01-31 08:01:38,Sangat membantu dalam Pola makan dan Penurunan berat badan
Pengguna Google,1,2025-01-30 23:51:50,beda di iphone dan android tebang pilih g seru
Pengguna Google,5,2025-01-29 07:26:17,"gua jadi gak bersalah abis makan banyak,ternyata cuma lebih 200an kalori doang"
Pengguna Google,5,2025-01-28 11:35:53,Sangat membantu untuk diet sehat
Pengguna Google,5,2025-01-27 12:05:26,Bagus
Pengguna Google,5,2025-01-27 06:35:30,Mantap
Pengguna Google,5,2025-01-26 16:30:30,buriq
Pengguna Google,5,2025-01-26 13:35:44,Best
Pengguna Google,5,2025-01-26 11:17:58,Pakai aplikasi ini. Saya turun 18kg dalam 8 bulan. Diet sehat dan ga nyiksa
Pengguna Google,5,2025-01-25 10:06:24,Sangat membantu sekali
Pengguna Google,5,2025-01-25 07:52:53,Aplikasi ini ngebantu banget aku buat nurunin berat badan ❤️
Pengguna Google,5,2025-01-23 19:29:58,Bermanfaat
Pengguna Google,5,2025-01-23 12:59:04,Sangat membantu
Pengguna Google,5,2025-01-22 19:28:12,"sangat membantu mengatur jumlah kalori yang masuk, dak dibutuhkan"
Pengguna Google,5,2025-01-22 09:49:41,Sip..istimewa
Pengguna Google,5,2025-01-21 12:03:46,Membatu AQ diet mandiri
Pengguna Google,5,2025-01-21 09:26:47,sangat bermanfaat
Pengguna Google,5,2025-01-21 09:09:39,Aplikasi yang sangat membantu dalam menghitung kalori maupun gizi dari makanan yang kita makan
Pengguna Google,5,2025-01-20 18:10:59,lumayan bagus ni app bisa ngontrol kalori yg masuk
Pengguna Google,5,2025-01-19 20:21:19,Sangat membantu sekali 🤩 terimakasih
Pengguna Google,5,2025-01-18 16:46:41,Sangat bagus
Pengguna Google,5,2025-01-17 16:18:14,Memudahkan saya dalam mencatat makanan yg saya konsumsi setiap hari.
Pengguna Google,4,2025-01-16 21:51:50,Ini aplikasinya gratis jadi makasih ya sukses selalu
Pengguna Google,5,2025-01-16 13:05:06,Mempermudah banget saat difisit kalori
Pengguna Google,5,2025-01-16 09:59:03,"Berasa besti kitaa, bagusss"
Pengguna Google,5,2025-01-16 09:32:56,"Aplikasi nya sangat membantu proses diet ku, terimakasih fatsecret"
Pengguna Google,5,2025-01-16 06:29:54,Terkontorl asupan kalori nya baguuss
Pengguna Google,5,2025-01-15 10:24:19,Bagus aplikasi ini sangat membantu sekali untuk mengontrol porsi makan Dari BB 72 kg sekarang sudah 40 kg
Pengguna Google,5,2025-01-14 19:53:29,Sangat membantu untuk orang yang ingin menjalani pola hidup sehat
Pengguna Google,5,2025-01-13 15:47:33,Sangat membantu mengatur pola makan
Pengguna Google,5,2025-01-12 07:04:16,Membantu mengetahui kalori yang kita makan setiap harinya Cukup membantu untuk menerapkan defisit kalori
Pengguna Google,5,2025-01-11 05:41:56,Puas bisa membantu menghitung asupan kalori yang masuk ketubuh kita
Pengguna Google,5,2025-01-10 05:54:30,sangat membantu untuk diet.
Pengguna Google,5,2025-01-09 19:10:15,Sangat membantu bikin rencana harian
Pengguna Google,5,2025-01-09 18:13:33,Membantu diet
Pengguna Google,5,2025-01-07 08:12:56,Library makanannya lebih luas dan akurat
Pengguna Google,5,2025-01-06 08:44:56,Yang penting terus catat apa yang di makan. Utamakan makan makanan yang bernutrisi baik buat tubuh. Kalau udah kaya gini. Turunin berat badan jadi mudah
Pengguna Google,5,2025-01-05 21:02:58,Very useful for helping with a calorie deficit
Pengguna Google,5,2025-01-04 21:34:12,"5 bulan defisit kalori, terlihat jauh perbedaannya, keren banget emang ni aplikasi"
Pengguna Google,5,2025-01-04 12:51:26,"Terbantu dengan aplikasi ini,buat hitung kalori yg masuk setiap harinya Makasih yaa .. sukses terus dan semoga semakin berkembang"
Pengguna Google,5,2025-01-02 17:04:47,Sangat membantu saya saat defisit kalori
Pengguna Google,5,2025-01-02 14:10:45,Sangat membantu menghitung kalori dan penambahan massa otot
Pengguna Google,5,2025-01-02 09:36:42,"Membantu sekali unt ngetrack makanan apa saja yg sudah dimakan, jd mencegah kalap pas makan"
Pengguna Google,5,2024-12-31 10:29:36,Cocok untuk pemula yang mau belajar soal asupan kalori harian.
Pengguna Google,5,2024-12-30 14:53:38,Sangat membantu proses diet
Pengguna Google,5,2024-12-29 08:31:21,Aplikasi sangat bermanfaat. Sangat membantu proses penurunan berat badan
Pengguna Google,5,2024-12-28 16:29:27,"Aku merasa kaget melihat ini dan aku merasa terbiasa dengan buat akun baru untuk aplikasi penghitung kalori fatsectret yang sesuai dengan makan dan minum yang aku suka apalagi kalau apa saja yang aku makan minum 🤣. Terbantu dengan jumlah karbohidrat, protein, lemak, vitamin, mineral, kolesterol,serat, gula,sodium, kalium dan kalori yang dibutuhkan untuk sendiri"
Pengguna Google,5,2024-12-27 15:26:13,Mantap makro mikro nutrisi nya bisa dipantau hehe
Pengguna Google,5,2024-12-24 10:31:56,Sangat membantu program diet sayaa
Pengguna Google,5,2024-12-24 09:49:07,"KERENN BGTT PLISS! tp coba perbaiki lagi pake kamera gitu biar bisa tau kalori yang kita makan tuh berapa, jdi di deteksi otomatis"
Pengguna Google,5,2024-12-24 04:36:11,Sangat membantu
Pengguna Google,5,2024-12-23 08:25:07,Good
Pengguna Google,3,2024-12-23 07:08:38,Kenapa pasau foto makanam selalu balik lagi kameranyaa... Padahal saya butuh aplk ini... Apakah harus ganti hp
Pengguna Google,5,2024-12-23 05:49:29,Sangat sangat membantu
Pengguna Google,5,2024-12-22 10:33:45,Aplikasi yg sangat OK banget
Pengguna Google,5,2024-12-22 05:48:00,Selalu sukses sih kalo pake aplikasi ini rutin di catat makanan nya tapi kalo udah gak pake naik lagi bb nya 🤭 Akhirnya di simpan terus di hp dan timbangannya naik turun🤣🤣
Pengguna Google,5,2024-12-20 12:13:46,sangat membantu buat yang lagi diet
Pengguna Google,5,2024-12-20 12:05:00,aplikasi terkeren bisa mengevaluasi sekaligus membantu proses penurunan bb
Pengguna Google,5,2024-12-19 18:37:16,"Sangat sangat sangat bermanfaat, terima kasih banyak!!"
Pengguna Google,5,2024-12-19 07:15:14,Bagus
Pengguna Google,5,2024-12-18 13:09:51,Bisa menghitung kalori yg dimkn perhari jdi lbh mudah
Pengguna Google,5,2024-12-17 21:44:48,🤙
Pengguna Google,5,2024-12-16 18:40:44,Bagus jadi gampang ngitung kalorinya
Pengguna Google,5,2024-12-16 11:34:35,Baik
Pengguna Google,5,2024-12-16 11:33:13,Bagus
Pengguna Google,5,2024-12-16 11:02:55,Sangat memudahkan utk menghitung kalori harian. Pengunaan mudah
Pengguna Google,2,2024-12-15 16:02:07,Semenjak update otomatis semakin error uda 3 hari ini ga bisa di akses
Pengguna Google,5,2024-12-15 08:38:44,woi ini gimana. udah berhari2 ga bisa kebuka apknya 😭
Pengguna Google,4,2024-12-14 15:54:50,"Sebenarnya saya menggunakan aplikasi ini sudah dari jauh jauh hari dan udh ada mungkin 2 Tahun ya Tapi putus putus belum ada pondasi tentang program diet, dan skrg makin lama makin kesel buffering Mulu pas masukin daftar nama yaampun kesel bgt seolah olah KY hp sy yg gembel aplikasi GK BS di pake buat cepet cepet harus slowmo saya kan mau nempelin apa yang saya makan, udah ko makin bobrok aja ni aplikasi"
Pengguna Google,5,2024-12-13 09:40:32,Aplikasinya bagus
Pengguna Google,1,2024-12-12 12:42:40,"sekarang aplikasi selalu mental, mungkin updateny terlalu berat, dulu sempat pakai dan nyaman"
Pengguna Google,4,2024-12-11 18:27:42,"Kenapa sih skrng fatscreet ini sering eror, kdg gbisa dibuka, kdg gabisa ngitung makanan"
Pengguna Google,4,2024-12-11 10:42:45,"Sedih bgt ini, dr kmrn ga bs di pakai.... Udh di uninstall, download LG sama aj... LG update atau bagaimana ya?"
Pengguna Google,5,2024-12-11 06:09:14,bagus banget aplikasi nya membantu Bange 😚😚
Pengguna Google,5,2024-12-11 05:55:54,"Sdh bingung cara diet seperti apalagi, akhirnya pakai jendela makan dan pale aplikasi ini mudah d gunakan dan di mengerti.. tq yg sdh menciptakan apk ini secara gratis"
Pengguna Google,5,2024-12-10 13:52:21,Sangat membantu menghitung kalori harian
Pengguna Google,5,2024-12-10 12:55:24,Mantap
Pengguna Google,5,2024-12-09 19:29:54,sangat rekomended bisa mendapatkan makronutrisi dari makanan secara GRATIS gk kayak sebelah
Pengguna Google,5,2024-12-09 15:18:30,Bagus banget
Pengguna Google,5,2024-12-08 14:06:36,memudahkan..tq semoga bisa berproses brsama
Pengguna Google,4,2024-12-06 14:29:10,"Kenapa gabisa upload foto si? Udh Install trs uninstall, install lg ttep aja bgitu. Plis dong solusinya"
Pengguna Google,5,2024-12-05 13:02:37,"The best aplikasi nya, aplikasi nya membantu untuk saya yang sedang menaikan berat badan"
Pengguna Google,5,2024-12-04 16:16:45,Bagus
Pengguna Google,5,2024-12-03 18:34:03,Sangat membantu menghitung kalori makanan selama defisit kalori
Pengguna Google,5,2024-12-03 18:01:34,"Sangat membantu dalam menghitung jumlah kalori makanan, cocok buat yg sedang diet, atau menggemukkan badan"
Pengguna Google,5,2024-12-03 08:09:07,"Keren banget, apk diet sosial, saling memotivasi."
Pengguna Google,5,2024-12-02 10:02:04,Sangat membantu
Pengguna Google,5,2024-12-02 08:06:27,Aplikasi sangat informatif untuk mengetahui nilai gizi setiap makanan
Pengguna Google,3,2024-12-01 18:27:51,Mau ganti foto profil susah amat sihaT_T
Pengguna Google,5,2024-12-01 17:55:06,Berkat aplikasi ini bisa atuh asupan makanan harian dan sukses turunkan berat badan
Pengguna Google,5,2024-11-30 09:59:54,Mantap
Pengguna Google,5,2024-11-29 04:33:00,Sangat membantu
Pengguna Google,5,2024-11-28 18:35:15,Baguss item makanan cukup lengkap
Pengguna Google,5,2024-11-28 14:14:08,Aplikasi ini benar² sangat membantu dlm proses diet saya
Pengguna Google,5,2024-11-28 11:34:15,sangat membantu bisa menggukur kalori perhari saya rekomendasi kan apk inii🔥⚡⭐💥🎉✨✨💫🌟🌟✨✴️✔️✅
Pengguna Google,5,2024-11-27 05:57:56,"sementara ini oke banget, bisa history bb, history makan, smoga makin berkembang"
Pengguna Google,5,2024-11-27 05:18:15,"Bagus ,sangan membantu agar tau berapa kalori yg kita mkn"
Pengguna Google,5,2024-11-25 17:43:36,sangat membantu
Pengguna Google,3,2024-11-25 13:55:35,Notifikasinya ada bug
Pengguna Google,5,2024-11-25 13:13:24,aplikasi yang sangat bermanfaat
Pengguna Google,5,2024-11-25 12:07:05,Apk bagus
Pengguna Google,5,2024-11-25 07:20:36,Sangat membantu saya
Pengguna Google,5,2024-11-25 06:52:33,Bagus banget
Pengguna Google,5,2024-11-23 12:01:41,BS ngitung kalori harian
Pengguna Google,4,2024-11-23 11:24:04,"aplikasinya udah bagus, tp kadang suka ngebug aja, mungkin bisa lebih diperbaiki hehe"
Pengguna Google,4,2024-11-23 07:58:13,Bismillah saja Niat Sehat
Pengguna Google,5,2024-11-20 22:38:03,mantap
Pengguna Google,5,2024-11-18 14:30:37,"Setelah mengikut aplikasi ini, saya jadi semangat diet"
Pengguna Google,5,2024-11-18 13:05:10,aplikasi yg sangat membantu
Pengguna Google,5,2024-11-18 08:14:44,Sangat membantu mengukur jumlah kalori yg sudah dikonsumsi
Pengguna Google,5,2024-11-18 06:26:30,Mantapppp
Pengguna Google,5,2024-11-16 09:35:49,Mantaaap
Pengguna Google,1,2024-11-16 00:43:35,aplikasi error
Pengguna Google,5,2024-11-14 15:20:34,Aplikasi ini luas biasa
Pengguna Google,5,2024-11-14 06:47:58,Bagus bgt
Pengguna Google,5,2024-11-12 13:12:03,Aplikasi yang sangat membantu kesadaran penting nya menghitung kalori makanan yang kita santap setiap hari
Pengguna Google,5,2024-11-12 10:25:50,"Alhamdulillah,,Maasya Allah.. membantu sekali,dari 72 kg turun 60 kg."
Pengguna Google,5,2024-11-11 15:09:35,"Aplikasi ini bener2 bantu aq bangettt, yg lg proses diet. Bener2 lengkap banget.. sungkem sm yg udah bikin aplikasinya. Terima kasih yaaaa.."
Pengguna Google,5,2024-11-11 08:10:23,Sangat membantu untuk program penurunan berat badan
Pengguna Google,5,2024-11-10 09:18:50,Ini tuh kayak patokan kita udh turun atau ga karena ada fitur hitung berat badan 😍
Pengguna Google,5,2024-11-10 05:43:00,Bagus
Pengguna Google,5,2024-11-09 08:17:47,Sangat membantu sekali🥰
Pengguna Google,5,2024-11-08 08:23:33,"Mantab, bisa membatu untuk program diet"
Pengguna Google,5,2024-11-08 05:07:25,Sangat membantu sebagai acuan kalori makanan
Pengguna Google,5,2024-11-07 11:18:27,Bagus aplikasinya..kita jadi bisa memanage apa yg kita makan..dan dietnya tidak memberatkan
Pengguna Google,5,2024-11-06 10:06:40,Makasih fatsecret good aplikasi
Pengguna Google,5,2024-11-05 05:36:56,"Ngebantu bgt buat maintance kalori dan nutrisi harian, biar diet bs keliatan progresnya..."
Pengguna Google,5,2024-11-04 20:24:02,Semoga bermanfaat
Pengguna Google,5,2024-11-04 10:32:54,Mantapp
Pengguna Google,5,2024-11-04 07:07:42,"Sangat sangat membantu, kita bisa tau batasan kalori apa yg dimakan tiap hari.... Terimaksih banyak 🥰"
Pengguna Google,5,2024-11-03 04:23:12,Sangat membantu dalam program diet saya
Pengguna Google,5,2024-11-01 17:52:31,MantP
Pengguna Google,5,2024-10-31 14:36:43,Sangat membantu untuk menghitung kalori
Pengguna Google,5,2024-10-29 21:39:36,Apakah apl ini prabayar? Tlg jelaskan
Pengguna Google,5,2024-10-29 16:37:35,Applikasi yg bermanfaat
Pengguna Google,5,2024-10-29 09:09:14,sangat membantu untuk mengatur kebutuhan kalori harian dalam proses diet
Pengguna Google,5,2024-10-29 06:37:23,Versi Androidnya masih lola. Lebih mudahndibuka versi desktop
Pengguna Google,5,2024-10-26 22:01:12,Memuaskan
Pengguna Google,5,2024-10-24 20:15:56,Membantu sekali
Pengguna Google,5,2024-10-23 19:17:14,Aplikasinya sangat membantu
Pengguna Google,5,2024-10-23 12:02:59,"Apk nya berguna banget, makanan apapun tinggal sebut merk udh ada hitungan kalori dan gulanya 🤩"
Pengguna Google,5,2024-10-23 10:03:59,Sangat membantu mengontrol kalori makanan yg saya makan.
Pengguna Google,5,2024-10-22 06:19:36,Membantu tracking kalori
Pengguna Google,5,2024-10-21 12:41:25,Sangat membantu
Pengguna Google,5,2024-10-21 09:00:55,sangat membantu dalam menghitung kalori makanan ❤️
Pengguna Google,5,2024-10-21 08:30:19,Sangat berguna untuk yg mau defisit kalori
Pengguna Google,5,2024-10-20 15:12:17,bagus banget
Pengguna Google,5,2024-10-18 15:13:09,"min kok engga ada ayam begana khas betawi, tolong tambahin soalnya saya sering makan itu 😁"
Pengguna Google,5,2024-10-17 16:59:04,"bantu hitung kalori harian biar gak over, berguna banget buat yg pengen diet defisit kalori."
Pengguna Google,5,2024-10-15 18:24:28,Alhamdulillah aplikasi ini sgt membantu sekali untuk sy terutama yg sedang menjalani diet sehat
Pengguna Google,5,2024-10-15 17:54:52,sangat membantu
Pengguna Google,5,2024-10-14 19:13:13,Okee. Semoga lebih lengkap dan detail laagi untuk macam kalori makanan dan minuman
Pengguna Google,5,2024-10-14 08:55:56,Mantab
Pengguna Google,5,2024-10-14 08:05:11,jos
Pengguna Google,5,2024-10-14 08:02:07,Sangat membantu monitoring program
Pengguna Google,5,2024-10-13 15:41:05,Topppppp
Pengguna Google,5,2024-10-13 05:22:54,Sangat membantu dalam mengelola asupan makanan setiap hari.
Pengguna Google,5,2024-10-11 19:06:20,sangat membantu sekali
Pengguna Google,5,2024-10-11 19:05:52,Sangat membantu
Pengguna Google,5,2024-10-10 06:00:48,Syukaa.... 😍😍😍
Pengguna Google,5,2024-10-08 08:47:45,Keren aplikasinya bikin BB aku los 10kg dlm 2 bulan
Pengguna Google,5,2024-10-07 11:59:48,Membantu bgt saat aku defisit kalori
Pengguna Google,3,2024-10-06 18:44:57,Masi baru pake.. semoga membantu
Pengguna Google,5,2024-10-06 16:22:42,"Oke, lumayan enak buat ngontrol kalori"
Pengguna Google,5,2024-10-06 11:58:48,Sangat membantu saya menurunkan berat badan
Pengguna Google,5,2024-10-06 09:37:33,good
Pengguna Google,5,2024-10-06 09:21:02,Sangat membantu saya untuk mencari menu dan menghitung berapa banyak kalori yang saya makan
Pengguna Google,5,2024-10-04 12:12:11,Aplikasi simpel
Pengguna Google,4,2024-10-03 10:13:21,Sangat membantu
Pengguna Google,4,2024-10-02 08:19:23,Sangat membantu
Pengguna Google,4,2024-09-30 16:08:02,Sebenernya aplikasi ini membantu banget buat kontrol kalori harian yg masuk pas lagi diet. Cuma gatau kenapa akhir2 ini sering error ga muncul gambar2 postingan dari pengguna lain padahal koneksi internet stabil. Mohon perbaikannya demi kenyamanan pengguna 🙏
Pengguna Google,5,2024-09-30 10:21:39,Sangat membantu sekali😁saya pakai aplikasi ini dari akhir Februari 2024 dari BB 92 sekarang di akhir September 2024 sudah berada di BB 81😍masih harus target 11 kg lgi
Pengguna Google,5,2024-09-30 08:07:48,"Sangat membantu program diet saya ,dan bisa mandiri dilakukan"
Pengguna Google,5,2024-09-30 05:09:20,Aplikasi memuaskan Jd bisa kontrol kalori masuk
Pengguna Google,5,2024-09-29 15:33:16,Sejauh ini sangat membantu tpi sudah 2 hari ngga bisa komen di postingan orang
Pengguna Google,5,2024-09-28 19:38:55,Sangat bermanfaat
Pengguna Google,5,2024-09-27 14:03:56,Sangat membantu
Pengguna Google,5,2024-09-27 09:42:00,"Seneng bisa ngatur n pilih makan,dgn melihat kalori ."
Pengguna Google,5,2024-09-26 08:35:39,Sangat membantu untuk program diet aku
Pengguna Google,5,2024-09-25 23:11:51,Mebantu saya untuk awal dia yang lebih benar
Pengguna Google,5,2024-09-23 06:10:34,Sangat2 membantu dalam menghitung kalori harian
Pengguna Google,5,2024-09-22 18:03:45,App ini membantu saya menurunkan bb dengan defisit kalori
Pengguna Google,5,2024-09-21 09:37:28,Terimakasih
Pengguna Google,5,2024-09-18 20:16:47,ga ada komen apapun pokoknya download apk ini yang bantu diet gua berhasil
Pengguna Google,5,2024-09-16 08:20:18,Bagus buat membantu defcal saya
Pengguna Google,5,2024-09-15 13:28:17,"Sangat membantu utk program diet, kalori sudah terhitung jadi gak pusing buka browser stiap makan makanan,, Good job"
Pengguna Google,5,2024-09-14 09:58:36,"Suka banget sama aplikasi ini, tidak ribet tidak bnyak iklan dan tentunya sangat bermanfaat untuk kita yg ingin mengurangi berat badan 🥰🥰🥰 lov lov fat secret"
Pengguna Google,5,2024-09-14 07:38:18,Sangat membantu dlm mnurunkn bert bdan
Pengguna Google,4,2024-09-12 07:59:45,Sangat membantu untuk menghitung kalori yg kita tidak tahu. Pakai aplikasi ini bisa terkira² wlw mungkin yg kita makan bisa saja beda untuk ukuran kalori yg kita cantumkan. Klo bisa jangan berbayar doongg hehehe klo pun berbayar jgn mahal² 😁 thankyou
Pengguna Google,5,2024-09-11 20:20:35,Sangat membantu menghitung kalori
Pengguna Google,5,2024-09-10 09:37:10,Mantap
Pengguna Google,5,2024-09-10 08:55:48,Aplikasinya bagus membantu banget makasih ya
Pengguna Google,5,2024-09-10 08:39:00,Membantu bangettt
Pengguna Google,5,2024-09-09 08:22:19,Terbantu sekali diet menggunakan aplikasi ini
Pengguna Google,5,2024-09-09 07:18:07,Mantul sangat bermanfaat
Pengguna Google,5,2024-09-09 04:57:54,Terbaik
Pengguna Google,5,2024-09-07 18:10:19,Top dah bisa mngontrol asupan kalori dri apa yng kta mkan👍
Pengguna Google,5,2024-09-04 12:35:27,Aplikasi yang sangat bagus terutama bagi yang mau defisit kalori maupun yang sedang bulking dikarenakan fitur yang ditawarkan sangat berguna mulai dari nutrisi hingga yang porsi makanan dapat dihitung
Pengguna Google,5,2024-09-04 11:14:02,"baguss ,,membantu sekali untuk yg bener² ingin menurunkan berat badan"
Pengguna Google,5,2024-09-03 21:04:43,Sangat membantu untuk tracking kalori
Pengguna Google,5,2024-09-03 17:34:17,sangat membantu❤️
Pengguna Google,5,2024-09-03 15:19:17,Sangat membantu
Pengguna Google,5,2024-09-01 13:40:38,Nice
Pengguna Google,5,2024-09-01 05:21:55,Suka
Pengguna Google,4,2024-08-29 09:46:53,"Tidak tahu hasilnya, turun atau naiknya tidak ada info"
Pengguna Google,5,2024-08-26 08:47:22,Mudah mudahan bisa membantu untuk BB yang ideal dan sehat
Pengguna Google,5,2024-08-26 08:25:09,Sangat membantu prgram defisit kalori
Pengguna Google,5,2024-08-26 06:25:21,Rekomended sangat membantu dlm penurunan berat badan ..
Pengguna Google,5,2024-08-25 10:47:12,Keren si ini aplikasi sangat membantu dalam program diet ku dan sangat mudah di gunakan tentunya. Tengkyu FatSecret
Pengguna Google,5,2024-08-25 07:23:23,best
Pengguna Google,5,2024-08-25 07:13:47,"Aplikasi yg berguna untuk hidup sehat, semoga menu makanannya semakin lengkap khususnya untuk makanan tradisional Indonésia"
Pengguna Google,5,2024-08-24 08:34:10,Sangat membantu saya dalam mengontrol kalori harian. Opsi makanan dan minuman lengkap. Membantu saya mencapai berat badan ideal
Pengguna Google,5,2024-08-22 19:41:28,😍😍😍
Pengguna Google,5,2024-08-22 17:07:58,"Sangat membantu saya untuk diet dan Maintenance, walaupun gak 100% akurat tapi kita bisa tau hitungan kasar kalori intake"
Pengguna Google,5,2024-08-21 12:16:32,mantap utk diet
Pengguna Google,5,2024-08-20 22:39:30,Sangat nembantu.jd bikin semangat defisit kalori setiap hari.
Pengguna Google,5,2024-08-19 07:54:44,sangat membantu sy dlm proses penurunan berat badan 🥰
Pengguna Google,5,2024-08-17 16:36:03,"Ngaruh banget sii,makan jadi teratur"
Pengguna Google,5,2024-08-17 06:17:28,Ngebantu banget buat bantu jaga pola makan agar tetep terkontrol juga jadi lebih paham nilai gizi tiap makanan. Sejauh ini saya total udah berhasil turun 30 kg
Pengguna Google,5,2024-08-16 11:49:47,"Untuk menu makanan nya sangat2 lengkap,mantab!!"
Pengguna Google,5,2024-08-16 09:50:20,Aplikasi yang menemani saya selama melakukan program diet.
Pengguna Google,5,2024-08-14 07:31:57,Sejauh ini sangat membantu dalam mencatat kalori harian dan berat badan
Pengguna Google,5,2024-08-12 13:19:36,Aplikasi yang mudah untuk menghitung kalori harian
Pengguna Google,5,2024-08-12 11:21:02,"Apk sangat membantu saya diet ,,trimakasih saya jd semangat diet nya"
Pengguna Google,5,2024-08-12 09:29:05,Keren
Pengguna Google,4,2024-08-12 08:07:25,Baik
Pengguna Google,5,2024-08-11 22:21:00,Sangat membantu
Pengguna Google,5,2024-08-10 19:25:01,Sangat membantu sekali aplikasinya dalam menghitung kalori harian
Pengguna Google,5,2024-08-09 07:50:22,"Bagus banget. Yg gratis aja sdh bagus. Bisa makan apa aja tp jadi tahu.. oh.. bolen kalorinya segini, ya udah makan setengah aja. Atau.. ya udah, minumnya nggak jadi kopi susu, teh hijau aja. Bsk baru oatmeal dan kopi susu. Oh.. protein masih kurang.. malam ini tambahin ayamnya, nggak pake nasi. Jd nggak menggurui kita tp akhirnya ya nyuruh kita mikir sendiri mau makan apa, sebanyak apa, olahraga apa, dst.."
Pengguna Google,2,2024-08-09 07:31:01,"Ini bagus tapi kenapa gabisa dibuka ya, tbtb load bgt lama😭😭"
Pengguna Google,4,2024-08-08 19:36:51,Bagus
Pengguna Google,5,2024-08-07 05:47:57,"Sangat membantu dalam proses diet, dulu pas abis lahiran anak pertama pernah turun smpe 10 kg krna dibantu fs ini, skrg habis lahiran anak K2 MW mulai diet sehat LG dan pelan2 tapi pasti udh turun 2 kg dalam 2 Minggu . Krna tanpa olahraga hanya menimbang makanan aja hehe"
Pengguna Google,5,2024-08-05 17:09:06,samgat membantu mentracking makanan terimakasih sangat memudahkan program diet saya
Pengguna Google,5,2024-08-04 15:25:36,Good app
Pengguna Google,5,2024-08-03 23:02:03,Bagus membantu diet
Pengguna Google,5,2024-08-02 09:13:12,"Aplikasi wajib dimiliki saat kamu diet, Membantu Sekali!!!"
Pengguna Google,5,2024-07-30 21:57:13,"Sukaa bangt sama apli ini,sangt membantu ,dan alhamdulillah sudah mulai mncapai trget terimakash bnyk lov"
Pengguna Google,5,2024-07-30 17:12:51,Sgt mmbantu
Pengguna Google,5,2024-07-30 16:43:49,Mantull
Pengguna Google,4,2024-07-29 08:08:05,"Sangat membantu, semoga untuk jenis makanannya lebih lengkap lagi agar kalori yg dihitung lebih valid"
Pengguna Google,5,2024-07-29 07:02:03,sangat membantu program saya
Pengguna Google,5,2024-07-29 05:07:44,Sangat membantu sekali
Pengguna Google,5,2024-07-29 04:40:19,Sangat membantu
Pengguna Google,5,2024-07-27 09:28:15,Mantap utk yg sedang intermitten fasting
Pengguna Google,5,2024-07-26 11:05:28,Terbaik..bisa mengontrol kalori harian..dan banyak lagi.. membuat hidup lebih sehat dan disiplin terhadap makanan
Pengguna Google,5,2024-07-26 05:46:25,"Sangat"" membantu aku yg lagi dlm proses diet, terimakasih fatsecret"
Pengguna Google,5,2024-07-25 09:20:23,Sangat membantu
Pengguna Google,5,2024-07-25 05:47:20,Love it
Pengguna Google,5,2024-07-24 19:34:35,"Sangat membantu aku buat mengontrol Karbo yg aku makan, Alhamdulillah turun BB nya meski belum mencapai target udah turun 2,5% dari target dalam jangka waktu 20 hari. Diet gak nyiksa masih bisa makan enak dan BB pelan² turun"
Pengguna Google,5,2024-07-24 10:49:47,Membantu banget buat yg lagi diet
Pengguna Google,5,2024-07-23 14:41:36,Ngebantu banget buat yg Baru belajar diet
Pengguna Google,5,2024-07-23 06:52:31,Penghitung kalori paling bagus
Pengguna Google,5,2024-07-22 13:32:34,"Mantap, tambah lagi makanan yg belum terdaftarim"
Pengguna Google,5,2024-07-22 12:18:11,Luar Biasa Sangat Mwmbantu
Pengguna Google,5,2024-07-22 04:25:49,Sangat membantu untuk perjalanan diet
Pengguna Google,5,2024-07-21 04:42:46,Sangat membantu mengontrol kalori harian
Pengguna Google,4,2024-07-17 08:49:52,"Bagus aplikasinya sangat membantu asupan kalori, jadi tau berapa saja kalori yg kita makan"
Pengguna Google,5,2024-07-16 05:37:50,Sangat membantu
Pengguna Google,5,2024-07-14 08:23:05,Aplikasi sangat membantu proses diet. Dan saya sangat menikmati proses diet. Makanan apa aja bisa di masukan didalam ke aplikasi. Semua makro gizu sudah terbaca semua.
Pengguna Google,5,2024-07-13 22:40:51,bagus
Pengguna Google,5,2024-07-12 19:26:28,"saya sangat berterimakasih kepada aplikasi ini berkat aplikasi ini saya bisa turun 12kg,, aplikasinya sangat sangat bermanfaat"
Pengguna Google,5,2024-07-10 17:46:43,Sangat membantu proses diet
Pengguna Google,4,2024-07-09 18:40:22,"Semoga fiturnya sangat keren dan sangat membantu untuk menghitung kalori. Cara menggunakanjya juga sangat mudah Aada komunitas juga lagi untuk melihat diet dan pengalaman orang lain, tetapi saat melihat komen/profil masih sering bug, semoga dapat diperbaiki kedepannya"
Pengguna Google,5,2024-07-09 10:28:30,"Bagus aplikasinya,bisa mengontrol makan kita.baruvturun 5 kg"
Pengguna Google,5,2024-07-09 09:45:52,Cukup membantu mengontrol jumlah kalori yg masuk ke tubuh kita.
Pengguna Google,5,2024-07-08 14:41:33,"Sangat2 membantu ,informasi nya sangat jelas tidak bertele tele terus di jawab ke intinya langsung ♥️😍🥰"
Pengguna Google,5,2024-07-08 13:59:51,Ok
Pengguna Google,5,2024-07-08 08:41:17,Aplikasi ini mambantu pengaturan kalori sehari²..mantap
Pengguna Google,1,2024-07-07 12:15:13,masa es campur aj gk da dsni hdeh tambahin lgi gih menunya
Pengguna Google,5,2024-07-06 17:40:49,Sangat membantu menghitung kalori harian
Pengguna Google,5,2024-07-05 18:19:07,Sangat membantu mengatur jumlah kalori saat diet.... 👍🏼👍🏼 aplikasi nya juga gampang di gunakan. Masukkan aja untuk di tambah jumlah macam kalori varian makanan lebih banyak.
Pengguna Google,4,2024-07-05 12:41:26,"Dari semua app penghitung kalori, ini paling bagus sih. Cuma kurangnya suka nge bug tiap buka laporan gatau kenapa, makronya sering gagal load"
Pengguna Google,5,2024-07-04 13:02:23,"Dulu berhasil dari 135kg ke 85kg Sekarang gemuk lgi, tapi mencoba diet lagi dari 140kg target 90 Baru berjalan sebulan berat sudah 128kg. Karna sudah tau trik diet nya jadi mudah menjalani nya"
Pengguna Google,5,2024-07-03 04:01:15,Aplikasi ini sangat membantu saya
Pengguna Google,5,2024-07-02 05:54:23,Very good
Pengguna Google,5,2024-07-01 17:56:42,Mantap
Pengguna Google,5,2024-07-01 08:09:25,sangat membantu untuk defisit kalori
Pengguna Google,5,2024-06-30 18:07:18,Sangat membantu mngontrol pola makan dan jumlah kalori yg masuk tiap hari nya
Pengguna Google,5,2024-06-30 16:45:17,Sangat membantu Yang diet atau orang yang mau mengetahui kandungan gizi makanannya
Pengguna Google,5,2024-06-28 17:46:36,Baik
Pengguna Google,5,2024-06-27 22:16:38,"Terima kasih. Aplikasinya sangat membantu untuk makan dengan lebih mindfull. Saya pakai yang versi free sekitar 2 bulan terakhir, BB sudah turun hampir 10 % , keluhan nyeri sendi , dan sesak berkurang. Pingin coba yang versi bayar tapi masih kesulitan daftarnya"
Pengguna Google,5,2024-06-27 13:02:06,Senang sekali sangat lengkap eayangnya berbayar dan mahal
Pengguna Google,4,2024-06-27 06:55:27,tambahin gulai tempe om wkwk
Pengguna Google,5,2024-06-26 22:57:41,"Baru banget download, dan ternyata semudah ini pemakaian nya huhu, keren banget semoga makin berkembang"
Pengguna Google,5,2024-06-26 21:21:38,Praktis dan membantu sekali
Pengguna Google,5,2024-06-26 16:46:25,"Sangat membantu untuk mencari kalori harian, lebih ditingkatkan lagi menu makanan yang terkadang tidak ada dalam pencarian fat secret"
Pengguna Google,5,2024-06-26 11:26:31,Keren
Pengguna Google,5,2024-06-24 08:06:54,"Makanannya kurang lengkap,selebihnya ada cuma makanan yg buat ala ala sendiri gaada"
Pengguna Google,5,2024-06-24 07:26:40,Sangat membantu diet saya
Pengguna Google,4,2024-06-23 11:29:40,Seru JD tau kalori yg kita makan... Bisa juga ritme berat badan kita turun brp kilo
Pengguna Google,5,2024-06-22 15:13:06,Baru cobain
Pengguna Google,5,2024-06-18 13:17:07,Aplikasi yg sangat membantu untuk defisit kalori harian :D jadi bisa kontrol makan
Pengguna Google,5,2024-06-17 08:23:12,Bagus
Pengguna Google,5,2024-06-16 19:58:07,Sangat membantu takaran kalori saya
Pengguna Google,5,2024-06-14 20:36:54,Membantu penurunan berat badan
Pengguna Google,5,2024-06-14 14:30:04,Sangat membantu buat mengkontrol asupan kalori harian Ku
Pengguna Google,5,2024-06-13 17:38:23,Sangat terbantu dalam menghitung kalori dan memotivasi untuk turun berat badan.
Pengguna Google,5,2024-06-12 22:09:35,Keren
Pengguna Google,5,2024-06-12 16:08:16,"Sangat membantu sekali, penggunaannya juga sangat mudah"
Pengguna Google,5,2024-06-12 10:22:11,Keren sgt membantu tolong kategori makanan dan cemilan di lengkapi lagi
Pengguna Google,4,2024-06-10 12:34:26,Sangat membantu menjaga asupan harian saat diet ya
Pengguna Google,5,2024-06-10 12:28:16,Sangat membanty
Pengguna Google,5,2024-06-10 08:51:02,Membantu sekali
Pengguna Google,4,2024-06-07 11:28:46,Ok
Pengguna Google,5,2024-06-06 06:10:01,Aplikasi ini snagat membantu
Pengguna Google,5,2024-06-06 06:09:41,Sangat membantu dan memotivasi diet saya..
Pengguna Google,1,2024-06-06 02:33:23,Lag kali mau login doang lams kali
Pengguna Google,5,2024-06-03 08:18:55,Aplikasi yang helpful.. mungkin bisa ditambah lagi daftar makanan+kalorinya. Thankyou..
Pengguna Google,5,2024-06-03 05:19:44,Sangat membantu dalam defisit kalori Jenis makanan cukup banyak.
Pengguna Google,5,2024-06-02 06:59:59,Membantu sekali buat para pejuang turun bb
Pengguna Google,5,2024-05-31 13:14:16,sangat membantu untuk hitung kalori makanan
Pengguna Google,5,2024-05-29 20:28:41,"Aplikasi terbaik buat yang mau menghitung kalori dan protein harian, dan nutrisi lainnya"
Pengguna Google,5,2024-05-29 15:04:52,App yg bagus buat membantu diet .
Pengguna Google,5,2024-05-27 08:31:57,Alhamdulillah sangat membantu..saran hitung kalori lebih detail
Pengguna Google,4,2024-05-26 17:15:21,Kadang ngelag lemot tombol back ga berfungsi
Pengguna Google,5,2024-05-25 14:25:02,Bagus ok
Pengguna Google,2,2024-05-24 14:47:30,Seberapa akurat aplikasi ini??
Pengguna Google,5,2024-05-22 13:09:38,Bgus bisa utk menaikkan or menurutkan bb
Pengguna Google,5,2024-05-21 00:43:55,Ok
Pengguna Google,5,2024-05-20 18:30:10,thankyou
Pengguna Google,5,2024-05-20 01:54:29,"My honest gratitude for the dev and everybody related on making this app, it's truly helpful 🙏"
Pengguna Google,5,2024-05-19 09:13:47,Membantu menghitung kalori hari saya
Pengguna Google,5,2024-05-19 08:02:01,Membantu bgt
Pengguna Google,5,2024-05-18 17:14:27,"Terimakasih fatsecret, aplikasi sangat bermanfaat dan mudah d gunakan. Goodjob"
Pengguna Google,5,2024-05-18 07:52:11,Saya suka
Pengguna Google,5,2024-05-17 13:45:15,"Design tampilan aplikasi monoton, udah bertahun-tahun ga diupdate."
Pengguna Google,5,2024-05-16 19:51:12,"Sangat membantu saya dalam mentracking kalori harian, lengkap, penggunaan juga mudah pokoknya keren FatSecret 🔥"
Pengguna Google,5,2024-05-15 18:50:58,Very nice for helping
Pengguna Google,5,2024-05-15 10:10:49,Membantu menurunkan berat badan dengan cepat
Pengguna Google,5,2024-05-14 22:03:50,membantu
Pengguna Google,5,2024-05-14 18:03:45,Membantu banget mantapz
Pengguna Google,5,2024-05-13 08:22:14,sangat membantu mengontrol asupan kalori setiap hari.nya
Pengguna Google,5,2024-05-13 07:19:41,"Fitur2 gratisnya tolong ditambahin dong, seperti kasih resep masakan yg ada hitungan kalorinya"
Pengguna Google,3,2024-05-09 19:23:48,Tidak semua makanan Indonesia ada
Pengguna Google,5,2024-05-07 09:02:29,Tanpa olah raga cuma defcal dibantu dengan penghitungan kalori dari fat secret BB turun perlahan tapi pastis
Pengguna Google,5,2024-05-06 13:31:01,Sangat membantu tracking calorie
Pengguna Google,5,2024-05-05 14:08:35,Sangat membantu dalambmenghitung kalori harian
Pengguna Google,5,2024-04-29 07:36:43,Bagus sekali
Pengguna Google,4,2024-04-29 07:08:48,Sangat membantu untuk yang sedang defisit klori
Pengguna Google,5,2024-04-27 10:51:08,Membantu
Pengguna Google,5,2024-04-27 07:20:50,"Mantul, sangat membantu"
Pengguna Google,1,2024-04-26 17:07:26,"nih aplikasi kenapa sih selalu lag padahal jaringan bagus , jadi keganggu banget diet nys"
Pengguna Google,5,2024-04-23 17:51:11,Sangat me
Pengguna Google,1,2024-04-22 14:20:12,Ngelag terus
Pengguna Google,5,2024-04-22 09:19:58,Membantu hitung kalori yg msk harian ke tubuh
Pengguna Google,4,2024-04-20 17:31:27,"Oke ngak ribet,"
Pengguna Google,5,2024-04-17 16:24:53,"Sangatt membantu dalam mengontrol kalori harian, tq😚❣"
Pengguna Google,5,2024-04-16 11:53:25,Sangat membantu saya memantau kalori harian.
Pengguna Google,5,2024-04-15 07:49:29,bagus sangat membantu untuk program diet dan olahraga
Pengguna Google,4,2024-04-14 08:03:22,Bagus
Pengguna Google,5,2024-04-08 08:09:04,Sangat membantu program diet
Pengguna Google,5,2024-04-08 06:27:01,Good
Pengguna Google,4,2024-04-04 13:27:57,Sangat membantu untuk mencatat konsumsi makanan dan berat badan
Pengguna Google,5,2024-04-04 08:58:48,Mudah digunakan. Tambahin lagi pilihan makanannya dong min.
Pengguna Google,5,2024-04-03 10:01:10,Terima kasih
Pengguna Google,5,2024-04-02 04:39:26,Sangat membantu sebagai peningkatan untuk bisa makan tidak berlebihan
Pengguna Google,5,2024-03-30 16:45:01,Cukup membantu
Pengguna Google,4,2024-03-30 07:14:13,"sangat bermanfaat sekali, tapi masih agak kurang utk mengetahui jumlah kalori untuk makanan tradisional, (kurang lengkap dlm pencarian kalori pada menu)"
Pengguna Google,5,2024-03-19 21:06:06,Oke banhet sih
Pengguna Google,5,2024-03-18 04:26:51,Bagus sekali sangat membantu saya dalam menghitung kalori harian
Pengguna Google,5,2024-03-16 14:39:05,mantap bang apk nya bagus
Pengguna Google,5,2024-03-13 08:19:00,Sangat membantu atur menu Diet
Pengguna Google,5,2024-03-06 20:38:00,Aplikasi nya ngebntu
Pengguna Google,5,2024-03-02 23:18:55,Membantun
Pengguna Google,5,2024-03-02 06:34:28,Good job
Pengguna Google,5,2024-02-29 20:21:12,Support
Pengguna Google,5,2024-02-29 16:07:34,Aplikasi ini sangat membantu untuk menghitung kalori 👍👍👍
Pengguna Google,5,2024-02-29 14:25:35,Sangat bagus dan sangat membantu program diet saya l. Terimakasih fatsecret
Pengguna Google,5,2024-02-28 21:50:52,Jadi rajin itung berapa kalori yg masuk
Pengguna Google,5,2024-02-28 12:46:31,Aplikasi ini sangat membantu saya dalam mengatur pola makanan rendah kalori
Pengguna Google,5,2024-02-27 21:35:04,Mengingatkan akan target.. Smoga pengingat minumnya bisa free.. Dan ada fitur video olahraga nya 🥰🥰
Pengguna Google,5,2024-02-27 20:24:02,Membantu menghitung kalori makanan
Pengguna Google,4,2024-02-25 16:59:01,Rekomended walaupun gak semua makanan ada
Pengguna Google,5,2024-02-24 12:18:29,"bener bener ngebantu banget buat program diet aku, paketnya jg mudah, dan suka banget sama laman komunitas nya bikin makin semangat buat diet"
Pengguna Google,5,2024-02-24 09:22:21,Membantu mengukur asupan kalori
Pengguna Google,5,2024-02-22 10:31:40,mantap
Pengguna Google,5,2024-02-21 19:30:02,Sangat baik dan membantu
Pengguna Google,4,2024-02-21 09:24:43,membantu
Pengguna Google,4,2024-02-20 21:31:04,Good
Pengguna Google,5,2024-02-20 08:41:40,Merecord smua yg dimakan dengan mudah
Pengguna Google,5,2024-02-19 17:17:38,Sangat membantu mengatur kebutuhan kalori perhari. Termotivasi jg dg adanya share dari teman²
Pengguna Google,4,2024-02-13 20:39:42,Saya baru mencobanya dan saya lasi bintang 4 dulu nanti kalau membuktikan dapat menghitung kalori tu aku tambah bintang nya terimakasinya
Pengguna Google,4,2024-02-08 21:26:25,Kenapa gak bs upload komentar?tlg di perbaiki kinerjanya
Pengguna Google,5,2024-02-04 18:04:50,Tidak kerasa diet....nyantai...terukur...berat badan turun pelan pelan....tapi pasti
Pengguna Google,5,2024-02-01 23:34:46,Bermanfaat banget untuk mengontrol apa yg kita makan
Pengguna Google,5,2024-01-30 16:08:52,Good
Pengguna Google,5,2024-01-29 22:56:06,"Membantu sekali, jadi bisa konsisten defisit kalori"
Pengguna Google,5,2024-01-29 09:45:13,Dipp
Pengguna Google,5,2024-01-28 11:24:38,Bagus banget
Pengguna Google,3,2024-01-26 22:57:49,"Lemak sapi/ gajih, masa ga Ter daftar, saya makan bakso suka dikasih gajih"
Pengguna Google,5,2024-01-24 14:04:49,Waow 🤩
Pengguna Google,5,2024-01-19 08:15:00,Telat bgt baru Nemu aplikasi sebagus ini. Belum seminggu udh lost 4kg. Pola makan jadi ga rakus karna diatur. Makasih min
Pengguna Google,3,2024-01-17 21:38:15,Ada bug di hitung kalori. Target tujuan saya 800. Tapi di menu laporan kalori tertulis 900. Waktu diubah ubah juga sama. Ada bug. Tolong dicek.
Pengguna Google,5,2024-01-12 10:42:41,Sangat membantu untuk yang mau menjaga maupun menurunkan berat badan 👍
Pengguna Google,5,2024-01-11 21:18:23,Keren
Pengguna Google,5,2024-01-07 18:41:41,Mantap dan bagus aplikasinya sangat membantu saya dalam menaikkan berat badan dan menambah masa otot (bulking).dengan aplikasi ini saya berhasil naik berat badan sebanyak 7 kg dalam 5 bulan.dari 55 kg ke 62 kg💪👍👍👍👍👍👍👍
Pengguna Google,5,2024-01-07 06:19:36,Sangat membantu
Pengguna Google,5,2024-01-06 23:17:21,Membantu dalam proses pemasukan kalori dan makanan setiap hari
Pengguna Google,5,2024-01-06 05:35:26,"Aplikasi yang simpel, jelas, lengkap"
Pengguna Google,5,2023-12-29 18:13:32,"Sangat membantu saya dalam program diet... Makan jadi tau batasan,😀👍"
Pengguna Google,5,2023-12-29 17:34:12,"Dengan memakai aplikasi penghitung kalori ini saya bisa mengontrol makan2an apa saja yang bisa membantu saya dalam proses diet ini,semoga saya bisa berhasil menurunkan berat badan dgn usaha saya dan aplikasi ini"
Pengguna Google,5,2023-12-27 19:07:22,baguss
Pengguna Google,5,2023-12-25 18:21:48,Ok
Pengguna Google,3,2023-12-25 17:41:08,"Aku kasih bintang 3 dulu karena ada beberapa bug mungkin, protein dalam 100g kacang hijau kalo di google 24g protein kok di fatsecret cuma 5g doang mohon di perbaiki"
Pengguna Google,5,2023-12-24 20:25:48,Bagus sih buat hitung kalori harian buat yg surplus atau defisit kalori
Pengguna Google,5,2023-12-21 15:47:33,Bagus
Pengguna Google,5,2023-12-20 22:11:27,Terimakasih
Pengguna Google,5,2023-12-20 08:29:28,Untuk fatscreet tolong tambahkan makan dan minum yang bermerek lokal dan internasional jadi kita tau berapa jumlah kalori dari setiap makan dan minuman
Pengguna Google,4,2023-12-18 23:18:50,Coba dulu yo 😊
Pengguna Google,5,2023-12-18 19:57:35,Aplikasi sgt membantu sekali unt diet
Pengguna Google,3,2023-12-17 12:36:44,"Ampunnn dah ni aplikasi, nambahin lauk makan aja sampe ngebug harus ditambah ulang, tolongg lahh fatsecret minimal stlh update dikembang lagi toping makan pagi/siang/malam ny supaya gk ada trouble lg ;("
Pengguna Google,5,2023-12-16 21:10:40,"Bagus, sangat membantu"
Pengguna Google,5,2023-12-15 01:27:48,Semoga daftar menu makanan bisa semakin lengkap lagi.
Pengguna Google,5,2023-12-13 19:40:01,love
Pengguna Google,5,2023-12-13 05:14:24,Fatsecret sangat membantu
Pengguna Google,5,2023-12-12 12:03:09,Apk bagus untuk orang yg mau bulking👍
Pengguna Google,5,2023-12-11 21:25:49,"Membantu sekali untuk membantu hitung kalori makanan, hanya saja masih ada beberapa makanan yang tidak ada, semoga makin baik lagi"
Pengguna Google,5,2023-12-11 12:03:46,Oke banget ngebantu ngitung kalori harian 😍
Pengguna Google,5,2023-12-09 13:37:20,Bagus bgt sangat membantu 3minggu pakai app ini loss 3kg
Pengguna Google,4,2023-12-08 09:36:20,Sejauh ini masih mantap
Pengguna Google,5,2023-12-08 05:38:34,Berguna banget buat hitung kalori dan memantau progress
Pengguna Google,5,2023-12-07 19:06:52,Aplikasi ini sangat membantu karena saya sdg melakukan Deit dan sekaligus Defisit kalori
Pengguna Google,5,2023-12-06 22:48:46,Bagus aplikasi ini
Pengguna Google,5,2023-12-05 20:11:41,Sangat membantu
Pengguna Google,5,2023-12-05 09:24:25,Sgt membantu sekali.
Pengguna Google,5,2023-12-03 21:14:06,"Insyaallah akan sangat bermanfaat buat saya, aplikasi bagus, memberikan kemudahan , benar2 praktis"
Pengguna Google,4,2023-12-03 08:55:04,Sangat membantu dalam program diet
Pengguna Google,5,2023-12-02 06:05:11,Sangat membantu
Pengguna Google,5,2023-12-01 05:38:55,Recommended👌
Pengguna Google,5,2023-11-30 17:14:53,"Mohon dilengkapi dan ditentukan dengan benar kalorinya, ama nasi Kuning lebih rendah dari nasi putih, sisanya sudah sangat baik"
Pengguna Google,5,2023-11-30 15:39:23,Sgt membantu sekali
Pengguna Google,5,2023-11-30 09:40:09,"Aplikasi yg sangat membantu proses diet. Diet sama sekali gak nyiksa,masih tetep bisa menikmati makanan favorit,asal tau batasan dan tidak melebihi kalori harian"
Pengguna Google,5,2023-11-30 09:35:12,Hebat
Pengguna Google,5,2023-11-30 09:17:16,sangat membantu proses diet saya dalam menghitung kalori ialanan yang saya butuhkan ... terimakasih
Pengguna Google,5,2023-11-29 08:41:54,Memudahkan kita dalam menghitung kalori harian dalam tubuh
Pengguna Google,4,2023-11-29 07:52:41,Sangat membantu
Pengguna Google,5,2023-11-27 14:02:39,Sangat membantu
Pengguna Google,5,2023-11-27 02:10:35,Ok
Pengguna Google,5,2023-11-26 13:30:46,asangat membantu
Pengguna Google,5,2023-11-24 05:35:43,Sangat membantu program diet saya untuk menghitung kebutuhan kalori harian
Pengguna Google,5,2023-11-22 06:33:36,"Kalo bisa 10 star ga cuma 5, mantep ngebantu bgt daftar makanan nya juga lumayan lengkap drpd apk sebelah🤟🏻🤟🏻🤟🏻🤟🏻🤟🏻"
Pengguna Google,5,2023-11-22 04:36:44,Mantap
Pengguna Google,5,2023-11-21 21:19:02,Aplikasinya bagus sangat membantu
Pengguna Google,5,2023-11-20 20:01:34,rawrrrr
Pengguna Google,5,2023-11-20 17:58:45,Suka sekali dengan aplikasi ini jadi bisa memantau kalori harian dengan baij
Pengguna Google,5,2023-11-20 17:04:05,Bagys
Pengguna Google,5,2023-11-20 15:28:52,Mantapp
Pengguna Google,1,2023-11-20 11:59:18,"dulu perasaan tampilannya bagus ,kok sekarang ribet ya mau login gagal mulu"
Pengguna Google,5,2023-11-20 08:51:50,Sangat membantu program diet saya
Pengguna Google,4,2023-11-19 20:40:27,Kurang lengkap contohnya makanan papais
Pengguna Google,3,2023-11-19 16:50:50,"Ada apa, akhir akhir ini Fat secret loading screen trus saat input makanan?"
Pengguna Google,5,2023-11-19 15:26:18,"Bagus untuk mengontrol kalori, kalau bisa tambah lagi makanan nya, masih kurang lengkap, terutama makanan Indonesia👍"
Pengguna Google,4,2023-11-18 08:35:06,bagus dan sangat membantu
Pengguna Google,5,2023-11-15 12:24:08,Aplikasi bagus sekali buat yang benar benar dan keinginan yang kuat untuk program penurunan berat badan
Pengguna Google,4,2023-11-15 09:06:49,Sangat membantu untuk catat kalori harian overall bagus cuman interfacenya menurut saya keliatannya udh jadul/usang agak membosankan juga
Pengguna Google,5,2023-11-14 23:30:11,Kerennn
Pengguna Google,5,2023-11-14 08:41:01,Pakai aplikasi ini untuk diet membantu sekali. Mengontrol kalori makanan. Saya bisa turun 15 kg dalam tempo 6 bulan. Konsisten secara teratur memasukkan jumlah kalori ke aplikasi ini. Thanks
Pengguna Google,4,2023-11-12 17:03:20,Aplikasi membantu menurunkan BB ( berat badan )
Pengguna Google,5,2023-11-09 11:18:36,"Dear fatsecret tlg baca ini, tolong tambahin fitur pencarian pengguna lain dong biar ada temen bisa saling tambah pengikut sm wawasan jugaa. overall udah bagus"
Pengguna Google,3,2023-11-07 20:31:17,Aplikasi nya kadang ngebug anjay makanan semua yang di pilih ke doble
Pengguna Google,5,2023-11-07 07:19:07,Bagus... membantu sbg pengingat utk kalori kita...
Pengguna Google,5,2023-11-06 21:01:13,Naise.
Pengguna Google,5,2023-11-06 13:16:12,Greattt
Pengguna Google,5,2023-11-06 10:10:01,Saya jadi gk takut makan apapun lagi dengan aplikasi ini karna sudah tau batasan kalori nya
Pengguna Google,5,2023-11-04 21:48:09,mantap
Pengguna Google,5,2023-11-04 12:39:38,Alhamdulillah aplikasi ini membantu program penurunan berat badan saya
Pengguna Google,5,2023-11-03 05:12:15,Bagus
Pengguna Google,5,2023-11-02 20:54:42,Asli ini aplikasi bagus banget buat yg diet/bulking ..... tapi klo gw sih diet ya yang asalnya beratnya badan 52kg jadi ke 47 kg enak bgt aplikasi ini buat yg diet hanya butuh waktu 2 bulan untuk mengurang 5kg
Pengguna Google,5,2023-11-01 11:47:47,Good
Pengguna Google,5,2023-10-31 11:32:11,Membantu memperhitungkan kalori sehari-hari
Pengguna Google,5,2023-10-30 05:06:45,"udah gunain dari lama, emang bnr2 ngebantu bangetttt."
Pengguna Google,5,2023-10-29 09:24:47,"Bagus,membantu banget untuk bisa defisit kalori,makasi👍👍👍"
Pengguna Google,5,2023-10-28 08:32:29,Memudahkan saya menghitung kalori harian
Pengguna Google,5,2023-10-28 06:07:47,Sangat membantu dalam proses diet
Pengguna Google,5,2023-10-26 18:45:01,Sangat membantu
Pengguna Google,5,2023-10-26 17:49:58,Nice app
Pengguna Google,5,2023-10-26 07:27:28,Aplikasi ini sangat membantu saya untuk defkal..
Pengguna Google,5,2023-10-25 14:40:50,Aplikasi andalan saat diet. Ga ribet klo mau nyatat konsumsi kalori. Tgl taroh gramnya dan otomatis kehitung sndiri. Terbaik👍👍👍
Pengguna Google,5,2023-10-24 18:49:39,Membantu banget supaya konsisten dietnya
Pengguna Google,1,2023-10-23 12:07:13,Lemot
Pengguna Google,5,2023-10-23 08:03:41,Sangat menikmati aplikasi ini n sangat membantu saya yg super gak konsisten 🤭
Pengguna Google,5,2023-10-21 23:29:13,Good
Pengguna Google,5,2023-10-20 22:43:04,"So far so good, membantu menghitung kalori"
Pengguna Google,5,2023-10-20 14:14:22,Bisa masuk walaupun ganti akun baru. Semoga tidak eror lagi
Pengguna Google,5,2023-10-20 10:15:43,"Sudah 1 bulan lebih menggunakan Fat Secret.. ini sangat membantu sekali untuk aku yang lagi nurunin bb, dan syukur bb aku turun 16 kg untuk sementara, dari 96 ke 80.."
Pengguna Google,4,2023-10-18 04:17:54,"Alhamdulillah, membantu dalam proses mwnjaga kesehatan melalui pengawasan asupan makanan.. Terima kasih"
Pengguna Google,5,2023-10-17 20:10:20,Sangat membantu
Pengguna Google,5,2023-10-13 13:01:44,Keren
Pengguna Google,2,2023-10-12 17:23:17,Haduh udh 2 hr g bs dibuka nge bug aja
Pengguna Google,5,2023-10-12 13:14:35,"Aplikasi yang sangat membantu saya dalam proses menaikan berat badan, jd gampang hitung kalori, protein, lemak dan karbohidrat yang kita konsumsi tiap hari, pokoknya the best..."
Pengguna Google,5,2023-10-12 07:02:00,The best pokoknya... Bantu bgt buat yg lg diet
Pengguna Google,2,2023-10-11 16:57:11,Itu 100g nasi putih masa iya sodiumnya segede gitu.
Pengguna Google,5,2023-10-10 12:21:30,Bagus
Pengguna Google,5,2023-10-09 09:21:32,Membantu mengontrol asupan makanan harian saya
Pengguna Google,5,2023-10-08 12:45:36,Okee banget buat ngitungin kalori yang dibutuhin pas diet 😍❤️❤️❤️
Pengguna Google,5,2023-10-05 05:16:47,"Membantu banget untuk program defisit kalori aku, start 69 sekarang baru 55 berkat itung kalori di Fat secret!"
Pengguna Google,5,2023-10-03 13:02:52,Aplikasi yg bagus utk menghitung kalori yang kita makan
Pengguna Google,4,2023-10-02 12:36:33,"Bagus, hanya saja masih kurang lengkap 👌💯"
Pengguna Google,5,2023-10-02 04:09:45,Sangat bagus
Pengguna Google,5,2023-10-01 19:09:21,"Aplikasi bagus, stabil, detail lengkap dan sangat membantu"
Pengguna Google,5,2023-09-30 19:28:34,"Bagus banget, bener2 bisa ngebantu defisit kalori, ya Allah baru tau aplikasi ini gara2 tiktok, terimakasih fatsecret selalu tingkatkan performanya yaa jangan berubah,,,"
Pengguna Google,5,2023-09-30 07:20:59,Bagus
Pengguna Google,5,2023-09-30 06:47:03,Membantu jaga jumlah kalori yg masuk tubuh
Pengguna Google,5,2023-09-29 08:49:14,Bagus
Pengguna Google,5,2023-09-28 09:56:54,Aplikasinya sangat membantu
Pengguna Google,5,2023-09-25 18:47:18,"Good app, bisa turun sampe 20kg dan lebih sehat"
Pengguna Google,5,2023-09-25 09:29:34,Sangat membantu untuk yg lagi diet
Pengguna Google,5,2023-09-24 15:36:06,"Aplikasi ini sangat membantu saya, dengan aplikasi ini saya dpt mengkontrol asupan makan saya setiap hari. Kadang kelihatan makanan ini ringan dan kecil tapi kalorinya justru tinggi, thank fat secret its amazing.."
Pengguna Google,5,2023-09-20 06:34:35,Saya tidak bisa mendaftar premium Mohon dibantu
Pengguna Google,5,2023-09-19 07:12:38,Sangat berguna untuk mengontrol asupan kalori
Pengguna Google,5,2023-09-17 11:40:49,Sangat membantu kita tracking kalori harian. Ada pencatatan berat badan juga jadi aplikasi ini sangat ideal buat kamu yang mau hidup lebih sehat!
Pengguna Google,5,2023-09-12 09:47:06,Sangat membantu untuk melakukan perhitungan kalori atas makanan yang kita konsumsi
Pengguna Google,5,2023-09-12 09:04:00,Kereen
Pengguna Google,5,2023-09-11 14:30:35,Sangat membantu
Pengguna Google,5,2023-09-05 21:25:56,Good
Pengguna Google,5,2023-09-05 18:43:14,Awowkowkwow sugoi
Pengguna Google,5,2023-09-05 09:10:44,saya suka dan membantu saya untuk menaikan berat badan
Pengguna Google,5,2023-09-04 18:56:30,Sangat membantu program diet
Pengguna Google,5,2023-09-04 17:09:44,Halo kak. Apakah fatsecret mengalami kendala aplikasi? Tiap saya buka tidak pernah bisa. Sudah uninstal dan instal lagi jg tetap tidak bisa dibuka
Pengguna Google,5,2023-09-04 13:02:02,Amat Sanjay membantu yg mau mulai defcal
Pengguna Google,5,2023-09-04 12:47:48,Sangat membantu
Pengguna Google,5,2023-09-03 05:32:24,Membantu banget
Pengguna Google,5,2023-09-02 10:21:27,membantu banget
Pengguna Google,5,2023-09-02 05:59:53,Mantap
Pengguna Google,5,2023-09-02 05:04:21,Luar biasa
Pengguna Google,5,2023-08-31 19:07:09,Sangat membantu program diet saya
Pengguna Google,5,2023-08-31 09:06:10,Sangat membantu dengan perhitungan kalori nya
Pengguna Google,5,2023-08-30 18:34:49,Sangat sangat membantu
Pengguna Google,5,2023-08-30 10:12:17,Sangat baguss
Pengguna Google,5,2023-08-30 09:29:21,Sangat membantu
Pengguna Google,5,2023-08-30 08:09:02,Ko bagian laporan gak bisa dibuka ya...
Pengguna Google,5,2023-08-30 07:02:31,Terimakasih
Pengguna Google,5,2023-08-29 07:18:22,Sangat membantu buat yg lagi program defcal Alhamdulillah jadi ada remmm saat makan ga blong
Pengguna Google,4,2023-08-28 21:08:16,Informasi yg jelas. Dan use friendly
Pengguna Google,4,2023-08-25 09:39:46,Good
Pengguna Google,5,2023-08-24 20:37:37,Saya mau mulai diet dengan ini😁
Pengguna Google,5,2023-08-24 17:19:01,"Lumayan bagus,utk kontrol asupan kalori harian"
Pengguna Google,3,2023-08-20 14:41:22,Min tolong di tambah lagi daftar makanan nya masak bubur delima egk ada? Manah dh terlanjur di makan lagi rencana habis makan mau di catat e malah gak ada gimana si!!!!??
Pengguna Google,5,2023-08-20 06:39:39,So far so good.... Sgt membantu untuk perhitungan kalori harian
Pengguna Google,5,2023-08-19 07:48:45,Luar biasa sangat membantu sekali
Pengguna Google,5,2023-08-19 06:54:52,"Gak bisa dibuka, kalo udah normal dibalikin lagi bintangnya"
Pengguna Google,5,2023-08-18 16:22:44,aplikasi ini sangat membantu dan berguna untuk kita yang akan menghitung kalori. dan ini sangat praktis
Pengguna Google,2,2023-08-18 13:05:14,Habis upgrade seri kug malah tidak bisa dibuka apkikasinya ngelag terus
Pengguna Google,2,2023-08-18 12:42:32,Ini lagi ada gangguan ya kok ga bisa di buka
Pengguna Google,4,2023-08-18 12:38:38,Kenapa ya aplikasi ny di hp aku ngk bisa di buka
Pengguna Google,3,2023-08-18 12:16:58,Kenapa aplikasi ny tidak bisa di buka di hp saya
Pengguna Google,1,2023-08-18 12:13:52,Tidak recommended.. baru di pake beberapa hari sudah Erot padahal sudah d update tapi tetap saja eror
Pengguna Google,3,2023-08-18 12:04:54,App ini bgus tapi 2 minggu digunakan app nya gbisa dibuka lgi
Pengguna Google,5,2023-08-18 11:41:35,"Aplikasinya bagus banget, tapi kenapa yah sekarang gabisa kebuka mental trus setiap masuk aplikasinya"
Pengguna Google,2,2023-08-18 11:41:14,"Fatsecret saya gk bisa login padhal sebelum"" nya bisa aja kok tiba"" saya mau login buat hitung kalori gk bisa itu kenapa ya? Saya kasi bintang 2 aja dulu kalo udah bisa login baru 5"
Pengguna Google,4,2023-08-18 11:39:15,Apakah aplikasi sedang error
Pengguna Google,4,2023-08-18 10:55:47,aplikasinya kenapa gak bisa dibuka ya? padahal kemarin bagus
Pengguna Google,2,2023-08-18 10:43:01,aplikasinya ga bisa dibuka
Pengguna Google,3,2023-08-18 10:30:08,Min kenapa fatsecret saya TK bisa di buka ??
Pengguna Google,3,2023-08-18 10:29:32,Kenapa apk nya ga bisa di buka ya?
Pengguna Google,4,2023-08-18 09:52:59,Fat secret lagii kenapa ya hari inii? Kok loadingg muluuu habiss di update. . . Ga bisa track kalorii hariannn
Pengguna Google,1,2023-08-18 09:47:34,Aplikasi tidak bisa dibuka
Pengguna Google,5,2023-08-18 09:36:35,Selama ini pakai tidak ada kendala. Tetapi perminggu kemarin aplikasinya selalu loading lama. Itu kenapa ya?
Pengguna Google,4,2023-08-18 08:51:47,It need more food options
Pengguna Google,3,2023-08-18 08:49:13,"Mamak mulai pakai aplikasi ini dari awal juni.. Berat mamak yg tadi 87,5 kg berkurang jadi 77,7 kg sekarang.. Tapi kok tiba2 eror 😭😭😭 udah bolak balik install ulang.. Gak bisa aktif lagi.. Dah la"
Pengguna Google,3,2023-08-18 06:44:35,"Tiba2 tidak bisa digunakan, kenapaya. Apa wajib berlangganan?"
Pengguna Google,5,2023-08-17 20:07:51,Sangat membantu sekali untuk para sahabat yg ingin menambah/menurunkan berat badan.
Pengguna Google,5,2023-08-17 17:45:04,Sangat membantu
Pengguna Google,5,2023-08-17 08:12:39,"Aplikasinya sangat membantu, bagus sekali apk ini"
Pengguna Google,3,2023-08-14 10:34:34,Kurang lengkap
Pengguna Google,4,2023-08-13 09:56:51,Benar-benar membantu buat memantau kalori harian.
Pengguna Google,5,2023-08-12 12:46:10,"Aplikasi mantap, BB 45 ke 52,target 65 💪🦾"
Pengguna Google,4,2023-08-12 07:44:21,Good
Pengguna Google,5,2023-08-10 21:01:07,Aplikasi yang sangat membantu sayabturun 24kg
Pengguna Google,5,2023-08-10 20:53:05,Membantu banget program diet aq
Pengguna Google,5,2023-08-10 11:20:27,Membantu menghitung kalori
Pengguna Google,5,2023-08-10 08:24:39,Bagus banget
Pengguna Google,5,2023-08-10 06:34:24,Sangat memuaskan
Pengguna Google,5,2023-08-09 14:57:46,Oke
Pengguna Google,5,2023-08-09 08:11:06,Bagusss
Pengguna Google,1,2023-08-08 17:47:51,"mau bikin akun aja ga bisa, heran wkwkw"
Pengguna Google,1,2023-08-07 18:26:10,"Udh beli premium, eh nge bug"
Pengguna Google,4,2023-08-07 08:12:27,"Sangat membantu program penurunan berat badan, tp makanan Indonesia banyak yg blm masuk untuk penghitungan kalori"
Pengguna Google,5,2023-08-05 10:09:57,Sangat membantu dalam mentracking kalori daj berat badan 😻😻😻☺️☺️☺️
Pengguna Google,1,2023-08-04 21:39:11,Can't login
Pengguna Google,5,2023-08-04 11:08:08,kereeeenn
Pengguna Google,3,2023-08-03 07:49:17,"Aplikasi ini bagus untuk mengetahui kadar nutrisi di makanan, akan tetapi untuk lebih baiknya bisa diberikan foto makanannya terlebih camilan. Supaya kita mengetahui nama dan bentuknya kadang ada yang mirip"
Pengguna Google,5,2023-08-03 00:30:08,"Mau tanya admin, kenapa kok Tidur/Istirahat ada pembakaran kalori?"
Pengguna Google,5,2023-08-01 07:47:43,Sangat membantu untung menghitung calori harian saya
Pengguna Google,4,2023-07-31 01:33:55,"Udah bagus, cuman perbanyak lagi jenis menu makanannya yang bisa di analisis."
Pengguna Google,5,2023-07-29 14:38:27,Sangat membantu mencatat asupan kalori tiap hari
Pengguna Google,5,2023-07-28 14:06:03,Senang banget dapat aplikasi yang lengkap dan murah. Mungkin semakin diperlengkapi lagi biar tambah keren Terima kasih.
Pengguna Google,5,2023-07-28 13:06:35,Mantap hitung kalori perhari
Pengguna Google,5,2023-07-27 14:50:05,Ngebantu banget program diet akuuu😭👍
Pengguna Google,1,2023-07-27 08:07:44,"saya sdah dowloadnaplikasi tapi tidak tau bagaimana cara menggunakan nya dan apa fungsinya,aplikasi ini harsnya dibuat untuk mempermudah bukan mempersulit,saran saya coba di buat fitur untuk cara pemakaian aplikasi nya di awal tampilan nya,jadi pengguna awam ndak bingung dan biaa mngikuti panduan nya."
Pengguna Google,1,2023-07-26 12:25:09,"Apknya setelah update kok ngelag parah,mau ngukur kadar kalori loading mulu,trus tdk bisa dikeluarkan pake tombol.harus dikeluarkan dg paksa pake tombol home.intinya bug nya parah gaasik kek dulu"
Pengguna Google,5,2023-07-25 18:04:53,Seneng banget aku berkat aplikasi ini saya turun BB drastis makasih sekali lagi udh bikin aplikasi ini
Pengguna Google,5,2023-07-23 07:20:01,Good
Pengguna Google,5,2023-07-22 18:13:56,Penghitung kalori
Pengguna Google,1,2023-07-22 16:03:23,Data hari ini tiba tiba ilang
Pengguna Google,5,2023-07-20 20:50:38,"Ini aplikasi keren bgt sih sumpah, padahal iseng nyari apk buat hitung kalori harian dapet hiden gems ini sih gokil"
Pengguna Google,5,2023-07-20 13:40:48,"Sangat membantu mengontrol asupan gizi, Alhamdulillah"
Pengguna Google,5,2023-07-19 12:10:23,Sangat membantu
Pengguna Google,5,2023-07-18 11:22:21,"Aplikasinya bagus, sangat membantu untuk memantau program diet"
Pengguna Google,5,2023-07-16 15:24:50,Gua bakalan liat komen ini jika gagal
Pengguna Google,5,2023-07-14 07:58:29,Sangat membantu rencana diet sehat
Pengguna Google,5,2023-07-13 22:29:52,👍🏻
Pengguna Google,5,2023-07-11 18:18:00,Sangat baguss
Pengguna Google,5,2023-07-10 15:33:05,Bagus skali ini aplikasi cocok banget kalau lagi program diet aku terkontrol skali aku berhasil program diet pakek aplikasi ini
Pengguna Google,5,2023-07-07 18:42:13,Membantu saya dalam mengontrol kalori harian
Pengguna Google,5,2023-07-07 06:06:44,Aplikasi yang sangat bagus dan sangat membantu
Pengguna Google,5,2023-07-03 22:28:02,Mantap dah fat secret. Bener2 turun 14kg aku 😂
Pengguna Google,2,2023-07-03 13:56:10,B aja
Pengguna Google,5,2023-07-03 11:59:04,Terbaik
Pengguna Google,5,2023-07-02 11:10:57,Good
Pengguna Google,5,2023-07-01 18:12:13,"Bagus nih lengkap ada takaran nutrisi nya juga, jd diet lebih terukur"
Pengguna Google,5,2023-07-01 01:47:34,"bagus, aplikasi nya membantu :)"
Pengguna Google,5,2023-06-27 15:19:51,Bagus dan bisa digunakan walaupun yang gratis
Pengguna Google,5,2023-06-25 02:51:01,"Aplikasi ini sdh sangat membantu sekali dalam diet saya,,, terimakasih banyak min.."
Pengguna Google,5,2023-06-24 06:19:20,Pokoknya recommended aplikasi untuk yang lagi diet. Lengkap dengan data kalori semua makanan dan minuman yang kita konsumsi.🥰
Pengguna Google,5,2023-06-23 13:33:32,"Keren ,kebantu sekali"
Pengguna Google,5,2023-06-23 09:06:14,okey
Pengguna Google,5,2023-06-21 07:13:07,"Sudah lumayan lah.. saran saya untuk menu2 daftarnya tolong dilengkapi lg, dan kalorinya, supaya kita lebih mudah meng upload makanan yg kita makan"
Pengguna Google,5,2023-06-21 05:37:28,Terbajk
Pengguna Google,5,2023-06-20 21:23:32,Sangat membantu
Pengguna Google,5,2023-06-20 15:35:42,Membantu sekali untuk defkal. Jangan ragu untuk download
Pengguna Google,5,2023-06-20 12:58:10,Apk ini sangat membantu
Pengguna Google,5,2023-06-20 07:37:02,"Jadi disiplin, terjaga."
Pengguna Google,5,2023-06-19 05:32:17,Aplikasi terbaik
Pengguna Google,5,2023-06-18 22:39:47,Bagus diet lebih semangat
Pengguna Google,5,2023-06-17 12:04:52,"good aplikasi, kalau bisa gratis.."
Pengguna Google,5,2023-06-17 07:44:17,Menyenangkan
Pengguna Google,5,2023-06-16 08:14:46,Aplikasi yg sangat membantu untuk diet defcal. Juga membantu untuk hidup sehat.. Bagus banget deh pokoknya..
Pengguna Google,5,2023-06-15 14:26:05,Great
Pengguna Google,5,2023-06-15 06:24:54,KEREN INI APLIKASINYA
Pengguna Google,5,2023-06-13 10:58:09,Bagus bagus doi saya sudah pake kurusan dikit
Pengguna Google,5,2023-06-13 07:51:48,Bermanfaat sekali untuk mengontrol kalori harian thancuuu
Pengguna Google,5,2023-06-11 09:53:47,Love this app so muchhhhh
Pengguna Google,5,2023-06-10 10:25:32,baik
Pengguna Google,1,2023-06-09 18:41:17,udah lagi duit pas pasan. mau narik uang langganan GAK ADA KONFIRMASI DULU! GAK PROFESIONAL BANGET?
Pengguna Google,5,2023-06-09 06:12:28,Sangat bagus
Pengguna Google,5,2023-06-07 11:29:54,Membantu mempermudah menghitung kalori
Pengguna Google,5,2023-06-06 15:08:41,sangat membatu untuk mengetahui kalori harian
Pengguna Google,4,2023-06-04 09:59:27,Keren
Pengguna Google,5,2023-06-02 07:55:37,Oke bgt loh
Pengguna Google,5,2023-06-01 10:36:12,"Aplikasi penghitung kalori bagus banget buat yang mau diet, bagus juga karena aplikasi ini punya banyak fitur yang bisa buat hidup lebih sehat. Pokoknya keren deh!"
Pengguna Google,5,2023-05-31 08:43:45,"bagusss bgttt,bantu aku buat nge-track kebutuhab kalori hariaaan. thanks fat secret🖤🤗"
Pengguna Google,1,2023-05-30 20:35:02,"Istirahat kenapa secara default dihitung ngurangin kalori? ganggu banget sumpah, tambahin fitur buat matiin ini dong. cuma mau hitung pengurangan kalori dari olahraga jadi susah. sayang banget aplikasi bagus tapi bagian ini nya ga dibener""in."
Pengguna Google,5,2023-05-30 06:07:26,Sangat membantu
Pengguna Google,5,2023-05-29 14:36:16,Sangat membantu
Pengguna Google,5,2023-05-26 08:06:37,Sangat membantu
Pengguna Google,5,2023-05-25 18:57:22,Suka dengan aplikasi ini. Gak ribet. Dan bantu menjadi alarm tubuh
Pengguna Google,4,2023-05-23 06:56:41,sangat membantu
Pengguna Google,3,2023-05-22 21:35:32,Aplikasi bagus tp muter2 mulu internet pdhal internet pke wifi kesel bgt..
Pengguna Google,4,2023-05-22 12:23:38,membantu utk program diet
Pengguna Google,5,2023-05-20 17:48:41,gratis dan terpercaya
Pengguna Google,5,2023-05-19 17:54:19,Terbantu saat menentukan asupan makanan yang dimakan saat diet👍
Pengguna Google,5,2023-05-18 12:28:43,mantul sekali
Pengguna Google,1,2023-05-17 19:24:40,"Kenapa fatsecret saya gak bisa dicari ya makanannya ,terus gak bisa masukin makanannya ke list"
Pengguna Google,5,2023-05-17 11:41:31,Sangat membantu dalam defisit kalori...
Pengguna Google,5,2023-05-17 08:07:19,Good job 👍
Pengguna Google,5,2023-05-16 16:30:37,Ok
Pengguna Google,4,2023-05-15 15:33:38,"Aplikasinya loh bagus. Tapi kenapa sih kadang foto album udah di posting tapi gak muncul alias ilang. Undah klik klik keluar, gak bisa bisa. Belum lagi gak bisa tag nama orang saat komentar. Ini bisa jadi aplikasi yg makin gede loh. kalau toolsnya mampu mengikuti yang sudah sudah. Biar upgrade gitu...."
Pengguna Google,5,2023-05-14 15:21:22,Sangat membantu
Pengguna Google,5,2023-05-14 09:43:23,Best
Pengguna Google,1,2023-05-12 14:38:47,baguuus
Pengguna Google,5,2023-05-11 04:36:39,Emang efektif sih ini aku udh turun 2 kg lebih blm ada sebulan
Pengguna Google,1,2023-05-09 13:27:33,Kak kok aku g bisa masuk Ya????
Pengguna Google,5,2023-05-08 10:09:07,Gila sihh ini berguna banget buat yang mau defisit kalori (nurunin BB)
Pengguna Google,5,2023-05-07 19:01:59,Aplikasi yang bagus ...bisa mengontrol pola makan dan porsi yang ideal ... Sangat membantu saya untuk menurunkan berat badan
Pengguna Google,1,2023-05-06 22:46:51,Pada fitur kalori terbakar itu ada bug yang lama tidak diperbaiki padahal sudah saya matikan tidur 23 jam tapi tetap dihitung kalori terbakarnya
Pengguna Google,5,2023-05-02 13:04:26,Keren bgt Aplikasi ini. Benar2 Membantu sekali untuk melakukan diet sehat 🤩🤩
Pengguna Google,4,2023-04-21 19:23:25,Aplikasi nya membantu buat saya
Pengguna Google,5,2023-04-17 19:52:07,Great personal journal
Pengguna Google,3,2023-04-17 16:07:16,Kenapa saya tidak bisa buat akun dengan akun gmail utama saya ya? Jadinya saya mau gamau menggunakan akun gmail cadangan untuk mendaftar
Pengguna Google,4,2023-04-15 04:27:53,"Sudah semakin bagus, tapi tolong kyknya ada semacam bug deh. Setiap saya masuk prof orang mau back tuh gak bisa, mencet tombol back hp atau pun back apknya tetep gak bisa 😭🤣"
Pengguna Google,5,2023-04-13 04:24:18,Membantu bgt buat diet
Pengguna Google,5,2023-04-12 19:26:43,"Untuk Fat Secret makasih banyak udah nemenin aku turun berat badan dalam kurun waktu yang cukup agak singkat, terus pertahanin ya keunggulan Apl ini"
Pengguna Google,5,2023-04-08 05:01:58,"sangat terbantu,jadi tau berapa kalori harian saya,dan brp kalori yg saya mkn"
Pengguna Google,4,2023-04-06 22:25:18,Membantu bgt
Pengguna Google,5,2023-04-04 16:48:04,Membantu sekali🥰
Pengguna Google,5,2023-04-03 19:04:14,"Mantabb sangat membantu,"
Pengguna Google,2,2023-03-30 10:02:47,"Ini daftar untuk anggota baru tidak selesai-selesai selalu minta verifikasi cepat terus, bisa bantu di perbaiki"
Pengguna Google,5,2023-03-29 12:47:49,"Saya sangat menikmati menggunakan aplikasi ini. Aplikasi ini dapat membantu kita mencatat pemasukan kalori. Sehingga untuk yang ingin merencanakan defisit kalori, aplikasi ini sangat membantu. Dengan menjaga asupan nutrisi harian dan melakukan latihan seperti aerobik dan hiit Alhamdulillah berat badan saya sudah turun 3 kg lebih🤩 dalam waktu 2 minggu. diet itu berlangsung selamanya yess. Hidup sehat tujuan utamanya. Langsing sebagai bonusnya. Untuk pembuat aplikasinya, good job👍"
Pengguna Google,4,2023-03-28 14:09:27,Gua sih jual pulau🗿
Pengguna Google,5,2023-03-27 20:53:55,Sangat membantu saya dalam melakukan diet tanpa merasa stress.
Pengguna Google,5,2023-03-27 15:49:24,Turun 5 kilo 👍👍
Pengguna Google,5,2023-03-27 07:54:09,"Aplikasi diet paling keren. Counting kalori gampang, fitur free nya banyak"
Pengguna Google,5,2023-03-24 18:04:40,Sangan membantu defisit kalori sya
Pengguna Google,2,2023-03-23 22:18:12,"Anda harus perbaiki aplikasi ini, setelah di download tidak bisa di buka. Sudah saya uninstall lalu instal Kembali berulang sampai 5 x tetap tidak bisa di buka hanya berhenti di logo kunci."
Pengguna Google,5,2023-03-23 13:03:27,Sangat berguna bagi yg mau control makan dan defisit kalori
Pengguna Google,5,2023-03-22 17:48:04,"Aplikasi yg berhasil ngebantu BB aku turun dari 77 ke 62 (2020-2021). Bener"" ngebantu bgt buat defkal & bisa jadi penyemangat tiap liat postingan progres nya org""😍 Sempat uninstall di awal tahun 2022 & sekarang mau install lagi buat kejar target yg belum kesampean☺️"
Pengguna Google,5,2023-03-19 07:07:34,Mantap
Pengguna Google,5,2023-03-18 07:22:56,Aplikasi ini membantu saya untuk melakukan diet penurunan berat badan
Pengguna Google,5,2023-03-17 10:22:38,Keren Keren
Pengguna Google,5,2023-03-16 20:25:33,"Aplikasi ny sangat membantu ak dalam waktu 1bln bisa turun 4kg dibarengi olhrg jg, dan itungan kalori ini"
Pengguna Google,5,2023-03-15 06:57:50,"sudah bisa kak, terimakasih"
Pengguna Google,5,2023-03-14 09:56:58,asli bisa ngontrol makan dengan pake aplikasi ini. membantu banget
Pengguna Google,1,2023-03-13 23:08:59,Ujung² nya prabayar
Pengguna Google,5,2023-03-13 19:24:49,Aplikasi yang bagusss
Pengguna Google,5,2023-03-13 12:05:58,Aplikasinya bagus bisa memantau kalori yang masuk ke tubuh. Tetapi masih beberapa makanan masih butuh di input sendiri lagi dan kurang lengkap. Berat badan tadinya 85KG jadi 62KG di imbangi olahraga cukup.
Pengguna Google,4,2023-03-08 23:37:59,Sangat membantu agarkalori yg masuk bisa terkontrol. Cuma masih ada sedikit bug waktu mau edit porsi makanan
Pengguna Google,5,2023-03-08 19:52:56,Oke
Pengguna Google,5,2023-03-08 14:07:48,"Untuk aplikasi nya sudah sangat membantu bagi saya yang ingin menurunkan berat badan jadi tidak susah untuk menghitung kalori,semoga kedepannya untuk resep makanan di beri tambahan jumlah kalorinya"
Pengguna Google,5,2023-03-08 07:26:52,bagus bgt aplikasi nya
Pengguna Google,5,2023-03-07 23:04:30,Sangat membantu program diet monitoring
Pengguna Google,5,2023-03-07 05:25:37,Top keren
Pengguna Google,5,2023-03-06 08:54:57,"Sangat membantu proses diet ku, terimakasih banyak 👍👍👍👍"
Pengguna Google,5,2023-03-06 08:19:50,Saya suka apk ini Alhamdulillah sy sdh turun 13 kg
Pengguna Google,5,2023-03-05 22:36:41,Mantapppp!!
Pengguna Google,5,2023-03-04 13:36:56,"Bermanfaat dan cukup mudah digunakan. Hanya saja saya tidak tau cara menambahkan jenis makanan yang tidak ada pada mesin pencarinya. Jika memang bisa ditambahkan, tolong diinfokan caranya, agar kemudian saya review ulang. Trims Sudah bisa menambahkan jenis makanan. Trims balasannya tim fatsecret. Sukses selalu"
Pengguna Google,5,2023-03-04 09:59:14,JADI LEBIH TAU KALORI SETIAP HARI YG MASUK☺️ Gratisnya sudah oke dibandingkan App lain👍
Pengguna Google,5,2023-03-03 13:12:43,Good
Pengguna Google,5,2023-03-03 06:36:20,Sangat membantu untuk program diet
Pengguna Google,5,2023-03-02 17:34:07,Bagus sangat membantu
Pengguna Google,5,2023-03-02 14:47:25,"Ini beneran bagus sih! First time aku instal aplikasi ini tuh tahun 2021/2022, dari yang BB nya 56kg turun jadi 53kg! Hebat sihh. Tapi baru beberapa bulan, aku terpaksa hapus apk ini karena dulu aku butuh ruang di hp ku ini wkwk, dan dulu itu program aku udah acak-acakan karena abis ada acara, kalo gak salah. Now, aku instal lagi karena aku mau defisit kalori lagi dan hp sudah ada ruang kosong lagi, hehe. Kalian yang lagi berjuang buat defisit kalori juga, semangat ya! Kuncinya adalah sabar!"
Pengguna Google,3,2023-03-01 19:18:39,"Haloo... Bbrp tahun lalu sy pakai apk ini dan Puji Tuhan turun, dan di tahun 2023 di awal maret in sy mau coba lagi. Tinggi sy 159 bb 59 targesg 43 kg semoga berhasil."
Pengguna Google,5,2023-02-28 17:26:11,Berkat apk ini sya berhasil diet dari bb 106kg ke 64kg dalam 7 bulan
Pengguna Google,5,2023-02-28 08:20:39,"Aplikasinya sgt bagus, ngebantu bgt buat aq yg lg diet, makasih"
Pengguna Google,5,2023-02-27 18:00:48,Sangat membantu program diet
Pengguna Google,5,2023-02-27 16:40:09,Dalam 2 Minggu bisa nurunin 3 kilo... Keren bgt ini aplikasi
Pengguna Google,5,2023-02-26 00:14:30,"Aplikasi yg sangat membantu diet, jadi makanan yg kita konsumsi gk sembarang, karena ada batas kalori yg harus dijaga"
Pengguna Google,5,2023-02-23 18:17:12,Top mantap is the best
Pengguna Google,5,2023-02-23 17:40:01,Tolong di ditepatkan lagi informasi gizi dari sebuah makanan 👍👍
Pengguna Google,5,2023-02-22 17:32:39,"Mantap,👍"
Pengguna Google,5,2023-02-22 11:52:50,Ntaps
Pengguna Google,5,2023-02-21 18:46:59,Sangat membantu
Pengguna Google,5,2023-02-21 13:34:44,Aplikasi yang sangat bermanfaat bangetttt buat aku yg lagi diet.
Pengguna Google,5,2023-02-21 12:31:22,Maakasih banget saya jadi tau cara ngitung kalori
Pengguna Google,5,2023-02-20 16:51:40,"Membantu sekali dalam mengontrol kalori sehari2, bisa lebih tau apa saja yg sdh di makan dan berapa kalorinya, terima kasih fatsecret"
Pengguna Google,5,2023-02-20 05:21:59,Good
Pengguna Google,5,2023-02-18 17:30:57,Apk bagus untuk defisit kalori
Pengguna Google,4,2023-02-17 13:51:56,"Sangat membantu dan mempermudah untuk kita menjalani diet, dan sangat rekomendasi untuk pemula,,, tetapi tolong pihak admin di cek ada beberapa makanan yang tidak sesuai dengan nilai gizi,,"
Pengguna Google,5,2023-02-16 13:46:25,Bermanfaat sekali untuk perhitungan kalori Harian.
Pengguna Google,5,2023-02-15 12:45:02,"Ok siih menurtku sangat membantu asal di imbangi dengan minum air putih secukupnya dan olahraga walaupun cm sbentar.. selama saya memakai aplikasi ini makan jd lebih terkontrol, bb ku yg awal 73,80 dlm waktu 3 hari jadi 71,90.. turun 1,5 kilo gaaeeess.... sekarang lebih semangat lagi dalam mencapai target bb yg di inginkan.. 58kg"
Pengguna Google,5,2023-02-15 04:19:42,Membantu banget selama proses diet AQ. Udah pakai app ini 4th lebih. Secinta itu 🥰
Pengguna Google,5,2023-02-13 18:41:12,Ok
Pengguna Google,5,2023-02-13 18:11:09,Ok banget
Pengguna Google,5,2023-02-13 11:12:08,Membantu Saya Untuk Mengatur Berapa Jumlah Kalori Yang Kita Makan.
Pengguna Google,4,2023-02-12 12:38:24,Rekomen bgt
Pengguna Google,5,2023-02-12 08:06:46,"udah download app ini dari tahun 2018an, dan ngebantu banget ngontrol makanan. usernya juga ramah, berbagi tips sama motivasi hidup sehat gituu"
Pengguna Google,5,2023-02-11 22:24:57,"Bagus, berguna banget"
Pengguna Google,5,2023-02-10 07:10:30,Sangat bagus
Pengguna Google,5,2023-02-09 06:51:32,Puas
Pengguna Google,5,2023-02-08 12:24:15,Ngebantu banget buat ngehitung kalori harian tanpa ribet dan pastinya tepat
Pengguna Google,5,2023-02-06 18:33:14,Apk yang sangat membantu
Pengguna Google,3,2023-02-06 12:56:22,tolong dong di updet fariasi makanan dan jumlah kalorinya. masa saya download dari 2020 sampe sekarang sama aja
Pengguna Google,5,2023-02-05 09:41:49,Membantu sekali untuk mengatur pola makan defisit kalori..
Pengguna Google,4,2023-02-05 04:30:18,Jempol dah Abis
Pengguna Google,4,2023-02-04 20:10:04,"Terimakasih,Sangat membantu"
Pengguna Google,5,2023-02-03 19:42:26,Sangat membantu
Pengguna Google,3,2023-02-03 17:05:32,Love this community.. But my comment mostly error
Pengguna Google,4,2023-02-02 15:55:53,Apknya sudah bagus tapi yang jadi minusnya itu untuk scan barcodenya. Susah buat scannya ga langsung connect scannya
Pengguna Google,5,2023-02-02 14:53:43,Aplikasi ini sangat membantu bagi kita yang ingin defisit kalori.
Pengguna Google,5,2023-02-02 14:05:38,"Cinta banget, ngebantu bgt buat yg lagi defkal"
Pengguna Google,5,2023-01-31 03:48:40,Mqntap
Pengguna Google,5,2023-01-30 04:25:15,Sangat membantu mengatur makan
Pengguna Google,5,2023-01-29 08:43:52,Bagus aplikasi nya... Tapi kok di kegiatan dan latihan tidak ada futsal nya ???
Pengguna Google,5,2023-01-26 05:24:22,Sangat membantu dlm menghitung kalori sehingga makan lbh terkontrol
Pengguna Google,5,2023-01-25 19:02:21,"Bagus sekali, sangat membantu dalam diet saya dan peningkatan pola hidup sehat"
Pengguna Google,5,2023-01-24 17:27:06,Aplikasi bagus sih..cuma klo mau ke premium mikir2 dulu saya
Pengguna Google,5,2023-01-24 09:27:39,Terimakasih. Sangat membantu. Saya pakai apk ini alhamdulillah membantu saya mengatur defisit kalori saya🙏🙏
Pengguna Google,5,2023-01-23 16:45:11,sangat membantu menurunkn bb dari 89 skrng 83 kilo
Pengguna Google,5,2023-01-22 19:48:44,Luar biasa
Pengguna Google,5,2023-01-21 16:16:20,Kerenn
Pengguna Google,5,2023-01-20 20:51:00,Mantap
Pengguna Google,5,2023-01-20 11:53:34,Sangat membantu untuk mencatat kalori saat diet Informasi makanan yang ada cukup lengkap Dan bisa berbagi resep dan ide untuk makanan diet dgn pengguna lain
Pengguna Google,5,2023-01-19 06:54:17,bagus sangat membantu utk program dietku
Pengguna Google,5,2023-01-18 18:48:11,Dengan akun gratisan masih bisa dapat fungsi aplikasi yg lumayan lengkap
Pengguna Google,5,2023-01-17 09:46:19,Sangat membantu
Pengguna Google,5,2023-01-17 06:52:10,Membantu sekali
Pengguna Google,5,2023-01-15 17:35:09,Mudah digunakan trus di bimbing apa yg harus kita makan sampe mencapai defcal
Pengguna Google,5,2023-01-15 07:17:11,"Setiap diet selalu pake aplikasi ini, dulu sebelum nikah dan sekarang setelah melahirkan makan bener2 bisa terkontrol"
Pengguna Google,5,2023-01-14 20:54:44,"Kenapa nggak dari setahun lalu tahu app ini. Keren banget si, bisa monitor kebutuhan kalori harian ku."
Pengguna Google,5,2023-01-14 09:13:12,Keren
Pengguna Google,5,2023-01-14 07:27:36,Membantu sekali dlm diet defisit kalori
Pengguna Google,5,2023-01-12 13:23:06,"Banyak membantu untuk melaksanakan diet, terutama defisit kalori. Data kadar gizi makanan pun cukup lengkap."
Pengguna Google,5,2023-01-12 12:28:20,Jatuh cinta sama aplikasi ini
Pengguna Google,5,2023-01-10 23:30:27,Recommended bgt utk yg mau defkall tanpa tersiksa diet ketat ..
Pengguna Google,5,2023-01-09 11:05:25,Saya masih bingung cara penggunaan aplikasi ini gmna ya ?
Pengguna Google,4,2023-01-09 10:25:13,Aplikasi yang bagus untuk memantau pola makan kita.semangat sehat selalu!!
Pengguna Google,3,2023-01-08 22:31:59,"Saya sudah langganan premium fat secret min. Mau tanya, Apa jadwal makanan hanya untuk 7 hari saja? Apa tidak bisa 1/3 bln? Jika saya ingin makan makanan gizi seimbang masa hanya cuman bisa 7 hari? Saya rugi dong min. Yang saya butuh jadwal makanan tiap minggu itu berbeda. Apa bisa? Tolong jawab. Terima Kasih."
Pengguna Google,5,2023-01-05 20:02:13,"The best , sangat membantu untuk defisit kalori"
Pengguna Google,5,2023-01-05 11:44:22,Mantap sangat membantu
Pengguna Google,5,2023-01-03 15:44:46,Kereenn sangat membantu sekali program diet
Pengguna Google,5,2023-01-03 08:11:36,Very helpful
Pengguna Google,5,2023-01-01 09:32:06,"Aplikasi nya bagus,sangat membantu mengontrol pola makan yg mau hidup sehat."
Pengguna Google,5,2023-01-01 09:19:43,Alhamdulillah aplikasi pembantu turun 15KG
Pengguna Google,4,2022-12-31 13:40:52,"Sangat membantu dalam mengontrol makanan saat diet,jd tdk lapar tapi juga tdk kalap. Semangat pejuang diet"
Pengguna Google,5,2022-12-31 11:12:16,Helpfull
Pengguna Google,5,2022-12-31 09:33:37,sangat membantu dalam perjalanan diet saya
Pengguna Google,4,2022-12-30 17:36:10,Ngebantu banget ngontrol kebutuhan kalori harian
Pengguna Google,5,2022-12-30 10:51:25,Keren bet anjayyyyyyy
Pengguna Google,4,2022-12-28 21:25:37,keren tapi makanannya kurang lengkap
Pengguna Google,5,2022-12-28 06:12:07,Bagus
Pengguna Google,5,2022-12-28 05:40:43,"Bagus , membantu sekali, banyak temem jadinya pake apk ini. Thanks"
Pengguna Google,4,2022-12-27 19:24:05,Baguss
Pengguna Google,5,2022-12-27 11:17:14,Baguss buat mengontrol kalori harian
Pengguna Google,3,2022-12-25 21:37:26,Nggak bisa login/daftar
Pengguna Google,5,2022-12-25 06:02:00,"Bismillah mau coba hidup sehat lagi, bukan untuk diet atau tambah berat badan, tapi untuk tahu sejauh mana input kalori yang dikonsumsi, Thx fat secret"
Pengguna Google,5,2022-12-24 20:27:40,Bgs.
Pengguna Google,5,2022-12-24 14:06:19,Gw rajin bgt pake fatsecret.. Ngingetin aja kalau jatah per hari udh mau abis
Pengguna Google,5,2022-12-23 09:22:33,Bgs bngt jadi lebih bisa kontrol pola makan
Pengguna Google,5,2022-12-22 05:16:31,"Mantap, membantu banget dalam tracking apa yg kita makan..."
Pengguna Google,1,2022-12-21 16:56:28,Aplikasinya keluar² truss Ngk bisa login
Pengguna Google,5,2022-12-20 11:36:04,"Terima kasih untuk developer fatsecret, sangat terbantu saat saya menghitung menu harian saya , sangat terbantu untuk keperluan diet saya dan juga saya sangat menginginkan untuk menambahkan fitur olahraga apa aja yang cocok untuk orang yang mau memulai diet yang overweight tp selebihnya cukup bagus dan saya berharap lebih berkembang lagi dan lebih lengkap lagi fitur fitur di fatsecret terima kasih"
Pengguna Google,5,2022-12-19 10:25:42,Keceeee
Pengguna Google,5,2022-12-19 07:40:03,Aplikasi yang recommended banget
Pengguna Google,5,2022-12-17 17:44:33,Keren nih aplikasi
Pengguna Google,5,2022-12-17 13:27:12,Doing great!
Pengguna Google,5,2022-12-16 19:30:30,Biaya langganan seharusnya bisa lebih murah
Pengguna Google,5,2022-12-16 02:36:48,Pakai sejak awal 2019. Membantu banget untuk track kalori harian.
Pengguna Google,5,2022-12-12 06:56:21,Sangat membantu
Pengguna Google,5,2022-12-11 09:06:03,"Suka bangettt. Makasih fat secret, terus berkembang ya"
Pengguna Google,5,2022-12-10 08:37:42,Sangat membantu dlm diet saya
Pengguna Google,5,2022-12-10 07:22:39,Mantap bagus
Pengguna Google,5,2022-12-09 12:43:46,Good
Pengguna Google,5,2022-12-08 19:19:28,Sangat membantu
Pengguna Google,5,2022-12-08 10:27:14,"Aplikasi yang bagus, membantu mengatur kebutuhan kalori dan pola hidup sehat"
Pengguna Google,5,2022-12-07 12:08:41,Sangat membantu ku buat progres diet.. kalori harian benar2 trjaga
Pengguna Google,5,2022-12-07 06:24:51,Ok banget
Pengguna Google,5,2022-12-06 17:22:59,Nice
Pengguna Google,5,2022-12-06 06:10:39,Sangat membantu untuk lebih menghitung kalori
Pengguna Google,5,2022-12-05 11:41:56,Mantap
Pengguna Google,5,2022-12-05 05:36:07,Bintang 5
Pengguna Google,5,2022-12-04 18:28:01,"bagus apps nya ada update status juga bisa liat perkembangan sesama pejuang diet,, isi komunitas juga bagus pada support satu sama lain.. saran tambah fitur chatnya pake @ biar gampang balas chatnya, sama tabah buat jurnal ngukur lingkar tubuh donk buat yg gratis jadi biar tau perkembangannya selain berat badan"
Pengguna Google,5,2022-12-04 16:58:23,mantul
Pengguna Google,5,2022-12-02 08:18:27,kakangku
Pengguna Google,5,2022-12-01 22:26:43,Aplikasi nya keren bisa hitung kalori jd semangat DIEt nya
Pengguna Google,5,2022-11-30 13:47:34,Sangat membantu DIET
Pengguna Google,5,2022-11-29 09:57:09,Membantu banget si
Pengguna Google,5,2022-11-28 18:46:35,Sangat menyenangkan
Pengguna Google,5,2022-11-28 08:54:15,"Best lah,sangat membantu diet saya"
Pengguna Google,5,2022-11-27 23:03:39,"Sangat menarik & membantu mengontrol kalori tiap harinya., Tentunya sangat bermanfaat untuk program diet atau untuk kenaikan/penurunan BB., Sudah terdaftar banyak makanan/minuman dengan nilai kkal nya 🤗"
Pengguna Google,5,2022-11-27 10:00:43,terimakasih
Pengguna Google,5,2022-11-26 20:26:36,Good
Pengguna Google,5,2022-11-25 18:24:20,Saaaangat membantu appsnya
Pengguna Google,5,2022-11-23 12:14:40,Bagus buat hitung call
Pengguna Google,5,2022-11-21 06:18:13,Sangat membantu untuk program diet defisit kalori.
Pengguna Google,5,2022-11-20 06:45:00,Membantu sekali dlm defkal
Pengguna Google,5,2022-11-18 07:26:11,"aplikasinya sangat mudah digunakan, tidak banyak iklan dan sangat membantu. cuma agak kurang di pencarian menu yang belum komplit, tapi selain itu udh baguss!"
Pengguna Google,5,2022-11-17 09:10:13,Good
Pengguna Google,4,2022-11-16 05:51:23,Semoga bisa lebih akurat dalam menghitung kebutuhan kalorinya 🙏
Pengguna Google,5,2022-11-15 16:00:42,Kerna
Pengguna Google,5,2022-11-15 13:15:58,Bagus
Pengguna Google,5,2022-11-15 12:39:08,Mantep
Pengguna Google,5,2022-11-14 05:47:27,Bagud untuk membantu kontrol kalori.
Pengguna Google,5,2022-11-13 20:03:38,Bagus bgt
Pengguna Google,5,2022-11-13 09:57:21,"Sangat membantu. Terutama untuk yang defisit kalori. Aplikasi mudah digunakan, apalagi tanpa iklan yang sliweran. Semoga kedepannya tidak berubah 👍"
Pengguna Google,5,2022-11-13 08:27:16,apk ini sangat membantu program diet
Pengguna Google,5,2022-11-11 18:44:55,Bagus banget apps nya. Terima kasih. Aplikasi ini gratis dan ada fitur berbayar untuk advance nya. Tapi yang versi gratis juga sudah bagus sih.
Pengguna Google,5,2022-11-11 06:35:57,Sangat membantu😘
Pengguna Google,5,2022-11-11 04:15:16,Good apk
Pengguna Google,5,2022-11-10 23:31:36,Bagus sgt membantu kontrol kalori
Pengguna Google,5,2022-11-10 11:46:50,App yg bagus bgt.. Membantu bgt utk sy yg lg defkal + IF 😍😍
Pengguna Google,5,2022-11-08 06:30:50,Sangat membantu
Pengguna Google,1,2022-11-07 06:04:19,"SAYA KASIH BINTANG SATU KARENA PILIHAN PREMIUM PEMBAYARAN APLIKASI TIDAK ADA FITUR SEKALI BAYAR UNTUK SEUMUR HIDUP PEMAKAIAN, KECEWA AKU, KARENA KALAU BERLANGGANAN MAHAL HARUS TIAP HARI/MINGGU/BULAN DI BAYAR TERUS. HARUSNYA ADA FITUR SEKALI BAYAR PAKAI APLIKASI SEUMUR HIDUP. TOLONG SEMOGA ADA PILIHAN FITUR SEKALI BAYAR UNTUK PAKAI APLIKASINYA SEUMUR HIDUP."
Pengguna Google,5,2022-11-06 09:39:02,bagus bgt
Pengguna Google,5,2022-11-05 12:06:30,good aps
Pengguna Google,4,2022-11-05 06:26:32,Sangat membantu program diet
Pengguna Google,5,2022-11-05 05:33:15,Aplikasi ini menemani saya selama ini ini... walaupun belum mencapai body goal tapi Alhamdulillah bisa atur pola makan. Temen seperjuangan pun banyak jadi gak bakal merasa sendirian.. aplikasi TOP 👍👍👍
Pengguna Google,5,2022-11-04 20:04:15,Membantu menghitung kalori secara pas dan mudah 🥰
Pengguna Google,5,2022-11-04 19:30:16,Alpikasi yang sangat bangus
Pengguna Google,5,2022-11-04 06:38:36,Bagus
Pengguna Google,5,2022-11-04 06:31:26,Aplikasi yang sangat membantu dalam program dietku❤️🤌
Pengguna Google,4,2022-11-04 03:59:52,Aplikasi yg bagus
Pengguna Google,5,2022-11-03 05:37:34,Bagus membantu
Pengguna Google,5,2022-11-03 00:09:32,Good
Pengguna Google,5,2022-11-01 13:41:54,Complex
Pengguna Google,5,2022-11-01 07:22:35,Aplikasi bagus
Pengguna Google,5,2022-10-31 15:40:18,Sangat membantu
Pengguna Google,5,2022-10-31 09:08:58,Sangat membantu yg inget diet.. Jdi klo makan sesuatu mikir dlu.. Liat dlu berat kalori nya.. Thanks
Pengguna Google,5,2022-10-30 22:50:59,Sangat berguna
Pengguna Google,5,2022-10-30 07:36:35,"Sangat membantu diet aku,,alhamdulillah turun pesat cuma pakai aplikasi ini"
Pengguna Google,5,2022-10-29 12:42:53,👍🏻👍🏻👍🏻
Pengguna Google,5,2022-10-29 09:42:17,Aplikasi terbaik buat diet.
Pengguna Google,5,2022-10-28 11:39:04,ngebantu banget buat ngitung kalori harian
Pengguna Google,1,2022-10-27 19:45:04,"G ada senjata,elite pass g ada..burik🖕🖕🖕"
Pengguna Google,5,2022-10-27 08:18:56,"Suka banget sama aplikasi ini, menemani perjalanan Kalori Devisit aku, manfaat baik nya banyak banget, free lagi. Buat yang pemula seperti aku bener2 berasa manfaat baik nya 🙏❤ terimakasi"
Pengguna Google,5,2022-10-25 05:31:07,"sangat baik untuk melakukan diet, rekomen:)"
Pengguna Google,5,2022-10-24 08:58:06,good
Pengguna Google,5,2022-10-24 06:23:24,Sangat membantu
Pengguna Google,5,2022-10-23 07:20:49,"Bagus, berguna utk yg sedang melakukan diet. Cukup mahal untuk versi premium"
Pengguna Google,5,2022-10-20 13:39:12,Lebih membantu mengontrol kalori harian
Pengguna Google,4,2022-10-18 05:02:04,"Sangat puas,, daftar makanan pun lengkap"
Pengguna Google,5,2022-10-17 01:01:59,Alhamdulillah semenjak saya pakai aplikasi ini jadi terjamin keluar masuk nya kalori. Jadi diet GK bingung dan GK takut gagal trimakasih 🙏😁😁
Pengguna Google,4,2022-10-16 15:21:28,Membantu saya
Pengguna Google,5,2022-10-14 12:56:43,Sejuah ini bisa ngontrol
Pengguna Google,5,2022-10-14 06:53:18,Bagus.. berat badanku juga turun perlahan. Makasih
Pengguna Google,5,2022-10-13 19:49:26,guud
Pengguna Google,3,2022-10-13 15:44:55,Masih dalam proses kalau berhasil bintang 5 okeyy
Pengguna Google,5,2022-10-12 17:58:02,sangat bermanfaat apk nya . semoga dapat terus ditingkatkan kualitas dan fitur fiturnya . terimakasih ..
Pengguna Google,5,2022-10-12 17:23:47,"Ini cara,hitung kalori yg sedang kita makan gmana"
Pengguna Google,5,2022-10-09 21:10:05,Dari 2018 pake ini. Emang bikin semangat 🏋️
Pengguna Google,5,2022-10-09 20:18:21,Alapiyuuuuu... 😘😘😘😘
Pengguna Google,5,2022-10-09 06:19:34,Sangat berguna Terima kasih 😘💕😘💕😘💕
Pengguna Google,5,2022-10-07 10:16:26,"membantu sekali dalam program penurunan berat badan., thank you 💕💕"
Pengguna Google,5,2022-10-07 09:57:46,"Bagus banget, aplikasinya praktis gak kebanyakan iklan. Bisa berbayar dan bisa gratis. Tapi fasilitas gratisnya udah bagus kok untuk kalian yg mau diet defisit kalori."
Pengguna Google,5,2022-10-04 18:39:31,Ok
Pengguna Google,5,2022-10-03 12:37:34,"Coba lagi ,semoga sukses"
Pengguna Google,3,2022-10-01 22:29:07,Untuk data kacang hijau nya ga tepat
Pengguna Google,5,2022-09-30 14:55:30,Bagus banget sih untuk diet kalori. Bisa dihitung dan banyak bertukar cerita
Pengguna Google,5,2022-09-30 13:55:20,Ok
Pengguna Google,5,2022-09-29 19:44:47,Best
Pengguna Google,5,2022-09-29 12:24:13,TERIMAKASIH BUG NYA SUDAH DI BENAR KAN
Pengguna Google,5,2022-09-29 12:20:35,Sangat membantu motivasi penurunan berat badan saya
Pengguna Google,5,2022-09-29 11:09:12,😍😍😍
Pengguna Google,5,2022-09-28 10:51:10,aplikasi terbaikkkk
Pengguna Google,5,2022-09-27 19:05:40,"Kak tambahkan fitur ""tambah menu/resep"" buat anggota dong. Supaya kami bisa lihat resep yang dimakan oleh anggota lain. Soalnya banyak banget resep enak. Kalau bisa custom langsung oleh anggota tersebut kan bagus."
Pengguna Google,5,2022-09-26 22:36:06,"Love bgt, buat ngerem makan. Biasanya selalu bablas sekarang bisa defisit"
Pengguna Google,5,2022-09-26 20:29:03,Every summer time
Pengguna Google,5,2022-09-26 11:29:26,Mudah
Pengguna Google,5,2022-09-26 10:07:44,Sangat membantu mengatur kalori yang masuk
Pengguna Google,5,2022-09-24 07:28:46,Buat saya aplikasi ini Sangat membantu sekali
Pengguna Google,5,2022-09-24 05:18:50,"Bagus bgt, bisa membantu kontrol kalori harian nih"
Pengguna Google,5,2022-09-23 11:52:21,Sangat membantu program diet saya. Terimakasih sudah menciptakan aplikasi sebagus ini.
Pengguna Google,5,2022-09-23 06:59:23,Aplikasi ini gak ribet sangat mudah untuk dipahami
Pengguna Google,5,2022-09-22 06:57:05,mantaps❤️
Pengguna Google,5,2022-09-21 17:52:01,Sangat bermanfaat
Pengguna Google,5,2022-09-21 11:55:48,"Trimakasih buat aplikasi nya.sangat,membantu Dari sekian aplikasi.baru ini yang nyaman di aku"
Pengguna Google,5,2022-09-20 12:06:23,Suka bgttttt
Pengguna Google,5,2022-09-20 06:04:17,👍
Pengguna Google,5,2022-09-19 18:50:55,Yayaya
Pengguna Google,5,2022-09-18 23:45:34,Sangat terbantu
Pengguna Google,5,2022-09-16 06:06:05,"Terimakasih, membantu sekali buat defisit kalori^^"
Pengguna Google,5,2022-09-13 18:47:36,good 🤩👍
Pengguna Google,4,2022-09-12 19:48:47,Mau cek makanan selalu ke laporan terus
Pengguna Google,4,2022-09-11 14:25:13,Ngubah satuan lb jdi kg gmn ya
Pengguna Google,5,2022-09-10 12:12:42,"Sangat membantu diet saya. Kunci diet cuma 1, defisit kalori."
Pengguna Google,2,2022-09-10 06:50:27,"Kalau bisa fitur menghitung airnya di gratisin aja, fitur premiun di hapus aja. Kasian kami yg ingin menggunakan fitur tapi tidak bisa karna harus berbayar dengan harga yang mahal. Tolong adminnya untuk fitu airnya di gratisin aja"
Pengguna Google,5,2022-09-09 13:14:50,Membantu menghitung kalori harian sehingga memudahkan dlm mengontrol apa yang masuk keperut
Pengguna Google,5,2022-09-09 11:51:36,Ok
Pengguna Google,5,2022-09-09 10:04:42,Kerennnn
Pengguna Google,5,2022-09-09 05:22:28,"Keren aplikasinya, ga cuma ada jurnal catatan makanan, tapi banyak panduan/informasi lainnya, bisa melihat postingan teman2 juga, selain rincian kalori juga ada rincian nutriennya 👍"
Pengguna Google,5,2022-09-07 21:09:03,Sangat membantu untuk menghitung kebutuhan kalori
Pengguna Google,4,2022-09-06 14:26:27,Sangat membantu adek saya yang lagi proses penurunan bb
Pengguna Google,5,2022-09-05 15:03:00,Aplikasu yg sangat membantu
Pengguna Google,5,2022-09-05 12:43:38,Cukup membantu
Pengguna Google,5,2022-09-05 11:49:37,"Sangat membantu, baguss"
Pengguna Google,5,2022-09-04 07:35:21,tolong perbanyak lagi jenis makanan maupun cemilannya
Pengguna Google,5,2022-09-03 18:33:35,"Bagus sih cuma makanan yang bergoreng goreng kalorinya kurang lengkap 😜 kayak tahu goreng kalori di kemenkes 100 lebih kalo di FS cuma 35 atau 65 gitu wkwkwk cuma fersi yang gapake minyak wkwkkw, but semuanya oke sih. saran semoga tambah dibanyakin lagi ya kak perhitungan kalori sama nama nama makanan yang di pencarian mohon lebih dibanyakin lagi referensi pencarianyaa ❤thankyoou 😍"
Pengguna Google,5,2022-09-03 09:50:48,Panduan yg sangat mbantu
Pengguna Google,5,2022-09-02 21:53:35,"Very helpfull, thankyou so much"
Pengguna Google,5,2022-09-02 17:04:03,"Sangat membantu untuk menghitung kalori harian, terimakasih 🥰"
Pengguna Google,5,2022-09-01 21:31:20,Sangat membantu
Pengguna Google,5,2022-09-01 08:19:17,Cukup membantu
Pengguna Google,5,2022-09-01 08:02:57,Bagus membantu menghitung kalori harian
Pengguna Google,5,2022-08-31 21:57:19,Perbanyak menu dan akses gratis ...
Pengguna Google,5,2022-08-31 18:51:09,Saya suka
Pengguna Google,5,2022-08-31 12:36:29,Good
Pengguna Google,5,2022-08-31 06:32:43,Terima kasih sudah mmbantu dengan sangat mudah menghitung kalori
Pengguna Google,4,2022-08-30 08:22:01,Semoga opsi makanannya lebih lengkap
Pengguna Google,5,2022-08-30 06:18:15,"Apl yg membantu kita menghitung kalori yg kita makan, jadi berguna banget sih buat org2 pejuang defkal ❤️"
Pengguna Google,5,2022-08-29 16:00:29,Dengan adax app ini sungguh sangat membantu..love fs😘
Pengguna Google,5,2022-08-29 15:28:08,"Sangat membantu, yooo semangatt!!"
Pengguna Google,5,2022-08-29 11:25:44,Membantu saya menghitung kalori yang saya makan lebih mudah.... Saran saya akan lebih membantu jika memasukkan lebih banyak hitungan kalori masakan rumahan karena yang berdiet pasti akan lebih memilih masakan rumahan sehat... Terimakasih
Pengguna Google,3,2022-08-29 06:20:13,"It's hard to use, MFP is easier than this."
Pengguna Google,5,2022-08-28 15:06:26,Bagus
Pengguna Google,5,2022-08-27 07:14:34,Ngebantu bangett sukaak
Pengguna Google,5,2022-08-27 05:37:19,"Mantap, makasih buat yg udah nyiptain applikasi ini❤️❤️❤️ bb ku naik karna waktu pandemi, sekarang turun lagi😍😍😍"
Pengguna Google,5,2022-08-26 17:23:23,Good
Pengguna Google,5,2022-08-26 13:40:09,Sangat membantu saya dalam progam devisit kalori
Pengguna Google,5,2022-08-25 09:36:04,Sangat membantu cuman masih ada daftar makanan yg belum ada dalam menu jenis makanan.
Pengguna Google,1,2022-08-25 00:29:13,Masa nama anggota nya gabisa di tulis si. Gagal mulu
Pengguna Google,5,2022-08-24 12:20:15,Membantu program dietku
Pengguna Google,5,2022-08-23 06:37:45,Sangat membantu mengontrol progress diet ^^
Pengguna Google,5,2022-08-22 19:22:36,Membantu banget
Pengguna Google,5,2022-08-21 19:23:25,Aplkasi pndukung diet sht
Pengguna Google,5,2022-08-21 08:42:46,Sangat bagus aplikasinya
Pengguna Google,5,2022-08-20 18:30:58,"Keren nih, buat gw yg mau naikin bb😁"
Pengguna Google,5,2022-08-20 16:05:28,Sangat membantu menjaga pola makan 👍
Pengguna Google,5,2022-08-20 13:42:53,Terimakasih banyak sangat membantu saya buat ngitung2 kalori harian saya cukup membantu sekali biat saya...
Pengguna Google,4,2022-08-19 16:06:45,Sangat membantu jumlah kluar masuk kalori harian
Pengguna Google,5,2022-08-18 12:07:42,Best ever aplikasi penurun berat badan
Pengguna Google,5,2022-08-18 12:05:39,"aplikasi nyaa sangat membantuuu, thnksss"
Pengguna Google,5,2022-08-18 11:40:15,Bismillah
Pengguna Google,5,2022-08-17 13:19:20,"Saya beruntung banget bertemu aplikasi ini sejak 2017. Aplikasi ini cukup membantu. Asal rajin dan konsisten, Insya Allah bisa mencapai tujuan berat badan yang di inginkan. Terimakasih untuk pembuat aplikasi ini!"
Pengguna Google,5,2022-08-17 11:43:46,Tengs sama yg bikin aplikasi ini. Anda punya amal jariyah. Pengen salim yg bikin aplikasi ini. Tengs bgt.
Pengguna Google,5,2022-08-17 05:31:20,"Aplikasi bagus, sangat membantu saya untuk menghitung kalori. Jika bisa diperbanyak lagi menu makanannya."
Pengguna Google,5,2022-08-15 13:52:12,Ngebantu banget ♥️
Pengguna Google,5,2022-08-15 10:06:20,Sangat membantu kontrol diet saya
Pengguna Google,5,2022-08-13 21:31:49,"Bermanfaat sekali buat yang lagi diet, daftar makanan cukup lengkap"
Pengguna Google,5,2022-08-13 16:23:46,bantu banget buat saya yang lagi defisit kalori
Pengguna Google,5,2022-08-13 11:47:04,"Aplikasi yang sangat bagus sangat membantu aku turunin berat badan,walau kadang masih suka ngemil,makan pun kita masih bisa makan apa aja yg kita mau walau dibatesin"
Pengguna Google,5,2022-08-13 07:05:27,Membantu ngontrol nafsu mkan sih..krna jmlah kalori yg masuk khitung..
Pengguna Google,5,2022-08-12 05:32:03,sangat membantu untuk defkal..
Pengguna Google,5,2022-08-08 09:31:13,"App nya membatu banget buat ngitung kalori buat yg lg defcal jd terkontrol, bisa sharing sama komunitas sama sama pejuang diet juga"
Pengguna Google,5,2022-08-07 09:55:35,Bismillah bener dietnya
Pengguna Google,5,2022-08-05 05:54:49,Sangat membantu diet sayaa terimakasih
Pengguna Google,5,2022-08-04 22:40:38,Oke
Pengguna Google,5,2022-08-04 19:14:46,bagus
Pengguna Google,5,2022-08-04 11:29:40,Sangat membantu dalam program diet dan membentuk badan sesuai kebutuhan kalori harian tubuh karena masing-masing orang beda kebutuhan kalori nya.. semoga makin banyak viturnya buat Fat Secret
Pengguna Google,5,2022-08-03 03:21:33,App bagus bisa bantu kontrol kalori harian dan sangat lengkap ❤
Pengguna Google,5,2022-08-01 18:51:07,Aplikasinya bagus
Pengguna Google,4,2022-08-01 17:42:17,Masukkannya untuk lebih lahi menambahkan produk makanan dan minuman
Pengguna Google,5,2022-08-01 15:49:29,Sangat membantu saya untuk diet karna bisa mengetahui jumlah kalori
Pengguna Google,5,2022-08-01 15:13:07,Berhasil utk menurunkan bb
Pengguna Google,4,2022-08-01 13:12:05,"Membantu mencari jumlah kalori makanan, walau tidak semua jenis makanan bisa didapat jumlah kalorinya dari aplikasi ini ,tapi sangat membantu"
Pengguna Google,4,2022-08-01 09:42:07,Membantu memantau asupan makan
Pengguna Google,5,2022-08-01 05:08:01,Membantu hitung kalori diet saya
Pengguna Google,5,2022-07-29 22:05:12,Membantu program diet
Pengguna Google,5,2022-07-27 06:44:01,"Terimakasih sangat membantu penghitungan kkal walaupun cuma pakai akun free,saran harga VIP membernya di murahan biar banyak yg pakai VIP,menu makanan ditingkatkan lagi dong"
Pengguna Google,1,2022-07-26 21:12:28,Kenapa sering gak ke update?
Pengguna Google,5,2022-07-24 18:20:54,"Banyak fitur yang berguna, Thanks"
Pengguna Google,4,2022-07-23 05:43:00,App nya sudah bagus. Menu Makanan ditingkatkan lagi donk. Masih banyak makanan yg tidak ada di menu. Keseluruahan sudah sangat membantu. Terima Kasih
Pengguna Google,5,2022-07-22 18:32:22,Good
Pengguna Google,5,2022-07-20 19:08:39,Membantu
Pengguna Google,5,2022-07-19 19:27:19,"Berat badan bukanlah target utama, Melainkan berpola hidup lebih sehat, dg mengetahui jml kalori yg kita konsumsi agar tercipta defisit kalori yg baik, adl yg utama ☺️👍🏾"
Pengguna Google,5,2022-07-19 18:41:33,Bagus banget aplikasinya
Pengguna Google,4,2022-07-19 15:46:58,Bagus untuk ngetrack kalori harian
Pengguna Google,5,2022-07-19 09:23:16,love this app
Pengguna Google,4,2022-07-18 20:44:03,"Sangat membantu sekali ,tapi kenapa kok ngeblank ya ...gak bisa dipencet ,dikembalikan juga gak bisa"
Pengguna Google,1,2022-07-18 15:08:09,Aplikasi sialan !!!!!! Gak bisa di buka Yang mau instal jangan deh buang buang data aja
Pengguna Google,2,2022-07-18 08:47:56,"Akhir akhir ini gabisa ngeupload foto kesel gw+jenis"" Makanan nya juga ga lengkap"
Pengguna Google,2,2022-07-17 17:01:03,"Suka eror gabisa upload foto. Mohon diperbaiki! Oiya buat yg bilang makanannya gak lengkap, ribet, justru lebih akurat klo kita ukur takarannya satu2 pake timbangan (gram).."
Pengguna Google,4,2022-07-17 14:11:30,Sulit untuk upload foto makan dan selalu kembali tanpa terupload. Tolong segera diperbaiki
Pengguna Google,2,2022-07-17 13:41:00,kenapa gak bisa upoad foto ya aplikasi ini
Pengguna Google,5,2022-07-16 21:09:49,Sangat membantu 😚😚😚😚😚
Pengguna Google,5,2022-07-16 19:35:31,Turun 7 kg dalam 3 bulan krna apk ini
Pengguna Google,5,2022-07-16 09:51:43,"applikasi yang membantu bgt untuk diet, seperti menghitung kalori makanan yg di makan dan catatan Berat Badan gitu deh"
Pengguna Google,2,2022-07-15 20:12:06,Masa gabisa masukkkk huhu padahal dri kmrn² bisa skrg keluar mlu sekalinya bisa menunya pas di search gada yg muncul halaman habis itu keluar sendiri terusss
Pengguna Google,5,2022-07-15 08:13:50,Baguss
Pengguna Google,5,2022-07-15 08:08:21,siiiip
Pengguna Google,1,2022-07-15 08:07:39,gabisa dipake
Pengguna Google,2,2022-07-15 07:28:30,"Kenapa sekarang jadi error mulu sih, turunin lagi lah dulu bintangnya, kalo dah ga error naekin lagi"
Pengguna Google,5,2022-07-14 19:08:30,Baguuusss bgd
Pengguna Google,4,2022-07-13 11:33:27,"Aplikasinya bagus, dn tolong diupgreat agar dftar mknan lbih lngkap. Dn lbih bgus dsertai gmbar mkanan sprty google saat pencarian mknan. Untuk tkaran jgn hnya mnggunakan gram. Krna tdk smw org pnya timbangan. Lbih baik tmbh dgn takaran sendok"
Pengguna Google,5,2022-07-12 20:09:48,Sangat membantu
Pengguna Google,1,2022-07-12 15:29:17,Sangat penting
Pengguna Google,5,2022-07-12 09:15:44,apk nya sangat mudah di pahami
Pengguna Google,5,2022-07-12 07:20:11,Gila ngebantu bnget sih
Pengguna Google,5,2022-07-11 05:22:12,"Aplikasinya bagus, sngat membantu sekali"
Pengguna Google,5,2022-07-10 12:23:07,"Aplikasi anjime🥶😁🥶☝️😐😔😐😣🥶🤨🥶🙏🙂,mantep slurdddd, auto Bisha ngukhur kalori harian, makthebb aselisjwjwjwjsjshsjs"
Pengguna Google,5,2022-07-09 12:42:09,Sangat membantu saat kita diet...🤭🤭
Pengguna Google,5,2022-07-08 11:00:44,Ok bgt lah .. no loading lama
Pengguna Google,5,2022-07-08 08:18:58,Aplikasi yang banyak membantu untuk hidup lebih sehat
Pengguna Google,5,2022-07-07 18:09:42,sangat membantu untuk defisit kalori
Pengguna Google,3,2022-07-06 19:52:54,Membantu menghitung kalori tetapi daftar makanan kurang lengkap
Pengguna Google,4,2022-07-06 16:43:26,Ribet ada premium segala
Pengguna Google,5,2022-07-06 08:10:05,Sangat membantu diet saya
Pengguna Google,5,2022-07-06 06:44:00,Oke banget
Pengguna Google,5,2022-07-05 18:26:35,Sangat membantu untuk yg sedang menjalani diet defisit kalori
Pengguna Google,5,2022-07-05 07:53:10,sangat membantu diet ku💗
Pengguna Google,5,2022-07-04 15:31:13,cukup membantu menghitung kalori
Pengguna Google,5,2022-07-04 05:40:34,Sangat membantu dalam proses PMB dan IF yang sedang kami jalankan
Pengguna Google,5,2022-07-03 22:43:30,Good
Pengguna Google,5,2022-07-03 08:10:34,Ter the best poko nya
Pengguna Google,5,2022-07-02 18:34:33,Sangat membantu dalam pola diet sy
Pengguna Google,4,2022-07-02 10:17:17,Bagus tinggal di lengkapin makanannya aja
Pengguna Google,5,2022-07-01 23:47:35,"daftar menu makanan, tolong dilengkapi"
Pengguna Google,3,2022-07-01 17:47:10,👍
Pengguna Google,5,2022-07-01 07:08:51,Pola makan dan hidup lebih terjaga. Thanks a lot FatSecret
Pengguna Google,5,2022-06-30 15:56:50,Thankyou fat secret
Pengguna Google,5,2022-06-29 08:49:22,"Bener"" berguna banget"
Pengguna Google,5,2022-06-28 07:36:24,Nice aplikasi
Pengguna Google,5,2022-06-28 05:59:21,Aplikasi yg membantu banget buat ngitung kalori makanan harian..juga bisa banyak motivasi diet dari temen2 yg seperjuangan..makasih ya..
Pengguna Google,5,2022-06-27 19:09:29,Sangat membantu untuk menghitung kalori
Pengguna Google,5,2022-06-27 16:12:53,Bagus...sangat membantu buat menghigung kalori makanan harian...
Pengguna Google,5,2022-06-27 08:22:26,Mantapppp
Pengguna Google,5,2022-06-27 06:14:38,Aplikasi ini sangat membantu sekali
Pengguna Google,1,2022-06-26 09:46:35,Loadingnya lama bangeet
Pengguna Google,5,2022-06-24 13:03:05,Bagus banget aplikasi ini
Pengguna Google,5,2022-06-24 07:10:19,Sangat membantu dalam mengontrol asupan kalori setiap hari
Pengguna Google,1,2022-06-22 20:22:05,"Daftar makann ga lengkap,, dan seharusnya aplikasi menyesuikan hasilnya apa yg kita cari,, ini mah kita yg harus menyesuikan dan nerima seadnya yg ada di dalam daftar makanannya, contoh sya mkan nasi 4 sendok makan,, di daftar ga ada ya kali di bikin 100 gram,, kan dlam 4 sendok nasi ga ada 100 gramm haduhhh,,, kayaknya mending searching di google aja hasilnya lebih akurat👎"
Pengguna Google,5,2022-06-22 19:46:15,Love banget
Pengguna Google,5,2022-06-21 11:39:18,Bagus dan ngebanti banget
Pengguna Google,5,2022-06-21 08:46:17,Oke bngt
Pengguna Google,4,2022-06-21 05:09:50,perlu lebih detil lagi soal dftr makanan dan minumannya
Pengguna Google,5,2022-06-19 11:02:16,Top
Pengguna Google,5,2022-06-19 08:56:02,Sangat membantu
Pengguna Google,4,2022-06-18 18:50:17,Keren
Pengguna Google,5,2022-06-16 16:58:11,"Bagus bangeett buatku yang defisit kalori, membantu hitung kalori harian.. sukaaaa 🥰🥰"
Pengguna Google,5,2022-06-16 12:02:01,Enak banget pake apk ini jadi bisa ngatur porsi makan deh makasihhh... 😊
Pengguna Google,4,2022-06-16 11:10:11,Nice apk. Saran tambah daftar makanan lg dev
Pengguna Google,5,2022-06-15 17:26:15,"Kadang males buat update, tapi sejauh ini membantu buat program diet ku"
Pengguna Google,5,2022-06-15 09:30:04,Membantu
Pengguna Google,5,2022-06-15 05:18:46,Good aplikasi
Pengguna Google,4,2022-06-14 21:04:49,Bagus untuk atur pola makan
Pengguna Google,5,2022-06-14 10:17:59,Sekarang fatsecret lebih mudah di gunakan...semakin berwarna dan bagus...
Pengguna Google,5,2022-06-12 15:30:40,Tooooop bangeet
Pengguna Google,3,2022-06-12 14:04:14,"ada kekurangan apk ini menurut aku daftar makanan nya krg lengkap, bahkan makanan sehari"" atau makanan yg sering kita makan aja ga ada. tapi, terkadang makanan yg ga terlalu sering di temui bahkan ada kadang apa yg aku makan, ga sesuai sm daftar yg aku buat karna ketidaklengkapan daftarnya"
Pengguna Google,5,2022-06-12 10:28:16,Mantap....
Pengguna Google,5,2022-06-11 20:29:32,Sangat membantu
Pengguna Google,5,2022-06-11 17:57:45,Bagus
Pengguna Google,1,2022-06-10 15:21:45,Lemot
Pengguna Google,5,2022-06-09 10:05:23,Oke banget
Pengguna Google,5,2022-06-09 09:17:35,Tolong kkalo bisa ditambahkan gambar pada setiap nama makanan/minuman
Pengguna Google,5,2022-06-08 18:07:18,"Kenapa sekarang jadi gini ya, nge bug"
Pengguna Google,5,2022-06-07 23:02:40,Bagus... Tp perlu dbanyakin lg jenis kalori pd makanannya... Sprti es krim jg msh krg...
Pengguna Google,3,2022-06-07 13:09:12,Ko ngga bisa diinstal ya min?
Pengguna Google,5,2022-06-07 06:03:40,Sangat membatu saya dalam menjalankan program saya
Pengguna Google,5,2022-06-07 05:24:34,Sangat membantu dalam program diet sehat
Pengguna Google,5,2022-06-06 23:58:54,Nice
Pengguna Google,5,2022-06-05 12:32:31,Mantappp
Pengguna Google,4,2022-06-04 21:13:37,"Coba dulu, rekomendasi dari teman"
Pengguna Google,5,2022-06-04 09:06:09,Aplikasi ini bagus bgt....bisa membantu proses diet dgn baik.....ada resep masakannya jg kl kita bingung mau makan apa...menu pilihannya jg banyak yg sehat...
Pengguna Google,5,2022-06-03 21:56:16,Sangat membantu
Pengguna Google,4,2022-06-03 17:51:16,Baru mau mulai lagi. App yang sangat cocok untuk orang-orang yang sedang diet menurunkan dan menambah berat badan. Karena ada sistem penghitungan kalorinya juga.
Pengguna Google,5,2022-06-03 12:35:57,"Suka aplikasinya, cuma makanan yg ada susah2 gampang utk menyesuaikan kalorinya.. jenis makanan msh banyak yang kurang .. tp ok lah"
Pengguna Google,5,2022-06-03 10:27:27,Sangat memudahkan untuk yg mau hidup lebih sehat dengan kontrol kalori
Pengguna Google,5,2022-06-03 08:19:39,Goood
Pengguna Google,5,2022-06-03 04:13:31,Apl ini membantu saya dlm menjalankn program defisit kalori yg sedang saya jalankan. Tingkatkan terus fasilitas yang mendukung dalam apl ini.
Pengguna Google,5,2022-06-03 02:55:09,Aplikasinya Sangat membantu aku yg sedang program diet
Pengguna Google,5,2022-06-02 16:51:35,"Aplikasi ini sangat membantu sekali untuk mengetahui kandungan gizi, kalori, & membantu membatasi kalori harian.."
Pengguna Google,5,2022-06-01 21:26:33,Good
Pengguna Google,1,2022-06-01 12:45:05,Apk ga guna...ga bisa di buka
Pengguna Google,5,2022-06-01 11:26:45,"The best banget nih apps, lengkap banget informasi gizi nya, cocok banget buat yg lagi defisit kalori, thanks banget karena udah buat apps yg sangat useful ini 😃"
Pengguna Google,5,2022-06-01 08:54:10,Sangat membantu dan mudah digunakan
Pengguna Google,1,2022-05-31 09:13:54,Haarus bayar
Pengguna Google,5,2022-05-31 06:15:25,goooodddd
Pengguna Google,5,2022-05-31 06:11:48,Sgt mendukung bgt untuk membantu diet
Pengguna Google,5,2022-05-30 18:33:07,Sangat membatu defcal saya
Pengguna Google,5,2022-05-30 09:36:49,👍
Pengguna Google,5,2022-05-28 14:02:54,Sangat membantu proses diet defkalku. Kereenn
Pengguna Google,5,2022-05-28 09:35:40,Membantu
Pengguna Google,5,2022-05-28 08:33:07,Membantu bgt hitung kalori harian buat defisit kalori. Mantappp👍
Pengguna Google,5,2022-05-27 12:01:05,Bagus banget aplikasinya udah 2 thn pakai ini🥰🥰🥰
Pengguna Google,5,2022-05-26 19:03:33,Sangat membantu - terima masih FatSecret
Pengguna Google,5,2022-05-25 15:59:14,APK ini cocok untuk diet dan hidup sehat
Pengguna Google,5,2022-05-24 18:01:12,sudah pakai sejak 2014 bagus
Pengguna Google,5,2022-05-24 17:10:16,"Mantap aplikasinya, gak neko2 tepat guna buat dampingi orogram dietku"
Pengguna Google,5,2022-05-24 16:42:11,Terimakasih membantu banget untuk ngitung kalori
Pengguna Google,5,2022-05-24 10:03:08,Sangat membantu dalam diet.. tapi yg penting adalah niat dan kemauan
Pengguna Google,4,2022-05-24 08:52:29,"Segini dlu, beberapa makanan belum ada di app"
Pengguna Google,5,2022-05-24 08:22:22,Aplikasi yang membantu proses defisit kalori. Semoga aplikasi ini dapat membantu mencapai body goals saya
Pengguna Google,5,2022-05-24 08:01:56,Sangat membantu saya untuk hidup sehat
Pengguna Google,5,2022-05-23 08:57:35,Bagus utk mengontrol makanan. Intinya dibawa enjoy aja
Pengguna Google,5,2022-05-22 19:28:48,Sangat sangat sangat berguna
Pengguna Google,5,2022-05-22 06:16:38,Sangat membantu utk mulai hidup lbh sehat dg pola makan yg benar
Pengguna Google,5,2022-05-22 03:32:28,Aplikasinya sangat membantu
Pengguna Google,3,2022-05-21 16:53:23,Habis diperbarui malah tidak bisa dibuka
Pengguna Google,5,2022-05-21 12:45:57,Sangat bagus untuk diet.jadi tau berapa calori yg harus d butuhkan untuk menurunkan berat badan.
Pengguna Google,5,2022-05-21 09:17:56,Bisa memudahkan saya untuk mengontrol makanan apa saja yang masuk smga bisa mengurangi berat badan dengan penuh semngatt hehe terimakasih fatsecret
Pengguna Google,5,2022-05-20 10:58:46,usefull bgttt thank u
Pengguna Google,5,2022-05-19 17:12:59,Diet jadi terkontrol 🤟
Pengguna Google,5,2022-05-19 09:05:42,Aplikasi yg sangat membantu untuk menjaga pola makan aku
Pengguna Google,5,2022-05-18 18:21:24,"Luar binasa ya minggu ptama turun 1,7 kg .."
Pengguna Google,5,2022-05-17 07:33:37,Keren
Pengguna Google,5,2022-05-16 19:27:47,Bagus
Pengguna Google,5,2022-05-16 14:43:48,"Bagus sekali... Membantu pejuang diet untuk menghitung kalori makanan tiap hari, banyak juga contoh2 menu yg bisa kita masak sesuai kalori harian"
Pengguna Google,5,2022-05-16 08:31:00,Good sih dari 65 turun sampai 58
Pengguna Google,5,2022-05-16 03:54:03,Penting untuk asupan gizi
Pengguna Google,5,2022-05-15 07:20:20,"Aplikasi yg sangat super bagus, saya sudah mulai turun berat badan saya. Mantap kasih bintang 5. Klo ada bintang 10 pun saya kasih. Betul aplikasi yg super bagus. Sangat rekomen bagi org yg pingin turun berat badan."
Pengguna Google,5,2022-05-13 07:29:25,Sangat membantu
Pengguna Google,5,2022-05-12 11:35:16,sangat berguna
Pengguna Google,5,2022-05-11 18:41:23,sangat membantu untuk menghitung nutrisi harian thx
Pengguna Google,5,2022-05-10 06:34:23,Sangat membantu program dietku
Pengguna Google,5,2022-05-09 20:52:44,Sangat membantu karena dilengkapi dengan fitur-fitur yang mudah untuk di gunakan
Pengguna Google,1,2022-05-09 20:48:29,Aku tidak tahu caranya ..
Pengguna Google,5,2022-05-08 17:20:39,"Sumpah aq baru download bulan maret, skrg bln mei bb aq turun 4 kg,"
Pengguna Google,5,2022-05-06 22:13:18,the best aplikasi sih ini
Pengguna Google,5,2022-05-06 18:54:38,"Bener2 Bantu stabilin bb, good luck"
Pengguna Google,5,2022-05-02 05:20:29,"Smnjak ada apl ini dietku jadi lancaf,,,sangat mmbantu"
Pengguna Google,5,2022-04-27 20:09:23,"Membantu untuk mengetahui kebutuhan kalori tiap orang dengan mengukur tinggi dan berat badan,"
Pengguna Google,5,2022-04-27 19:26:52,Haduh kira2 bisa gak ya buat busui soalnya dulu saat saya belum nikah diet apk ini dan hasilnya ok banget Semoga bisa ya
Pengguna Google,5,2022-04-27 04:30:01,Sangat membantu
Pengguna Google,5,2022-04-25 10:27:36,Sangat membantu
Pengguna Google,5,2022-04-25 07:37:01,"Sangat bagus,membantu saya mengetahui kebutuhan kalori sehari-hari Aplikasi yang sangat bagus untuk diet"
Pengguna Google,5,2022-04-24 22:27:15,Good
Pengguna Google,5,2022-04-23 07:28:57,Bagus bisa ngontrol kalori kita
Pengguna Google,5,2022-04-21 22:18:24,"Aplikasi yang sangat bermanfaat😍 Klo boleh saran, tambah lagi daftar mknan yang belum tersedia di aplikasi🙏"
Pengguna Google,5,2022-04-19 08:56:52,Sangat sangat membantu
Pengguna Google,5,2022-04-17 19:29:08,Kerenlah
Pengguna Google,5,2022-04-16 21:44:14,Bagus
Pengguna Google,5,2022-04-14 21:52:59,Aplikasi nya sangat membantu proses diet!!!!👍🏻
Pengguna Google,5,2022-04-12 15:55:59,buat Tampilan nya lebh ramah di mata.. jangna buat pusing
Pengguna Google,5,2022-04-12 11:27:32,Ga cuma buat jurnal diet bisa buat motivasi jg dr komunitas yg share tips kesehatan dan resep diet
Pengguna Google,5,2022-04-11 22:31:14,"Aplikasi bagus,memudahkan kita mengontrol BB .....lom berhasil sprti keinginan sich tpi alkhamdulillah udah berkurang"
Pengguna Google,5,2022-04-10 19:40:08,Sangat membantu kontrol kalori
Pengguna Google,5,2022-04-10 19:01:37,Sangat amat membantu
Pengguna Google,5,2022-04-10 04:32:11,Sangat membantu menghitung kalori.jd lbh terarah dlm makan dan tdk berlebihan
Pengguna Google,5,2022-04-09 19:23:12,Alhamdulillah selama 1 bln setengah bb aku turun 4 kg the best pokoknya
Pengguna Google,5,2022-04-09 04:32:54,Membantu sekali
Pengguna Google,1,2022-04-09 04:02:00,"the food search is not complete, the calorie calculation in the food is wrong, there are many bugs and frequent lags, when looking for food it takes a long time to load, even though there are no problems with my internet network."
Pengguna Google,3,2022-04-08 21:18:01,"Reports and recently eaten does not load until I clear thw cache, please fix this"
Pengguna Google,5,2022-04-08 06:44:26,"Sangat membantu mengontrol kalori harian, thanks Fat Secret 👏"
Pengguna Google,5,2022-04-05 13:15:32,Kurang lengkap kalo serch menu
Pengguna Google,5,2022-04-05 03:34:05,Aplikasi ini sayang membabtu aku dalam perjalanan diet aku sumpah yah aplikasi nyw itu mudah banget dimengerti dan juga lengkap aku bisa menghitung kalori makanan aku tanpa ribet lagi deh 😘
Pengguna Google,5,2022-04-04 13:30:52,Good
Pengguna Google,5,2022-04-04 12:07:56,Aplikasi yang sangat membantu dietkuuu
Pengguna Google,5,2022-04-03 21:15:49,Keren
Pengguna Google,5,2022-04-03 19:37:13,Aplikasi yang recomend dalam menghitung kalori
Pengguna Google,5,2022-04-02 06:17:58,Sangat membantu menghitung kalori diet
Pengguna Google,5,2022-04-01 12:55:39,❤️👍
Pengguna Google,5,2022-04-01 10:28:49,"Aplikasi ini bnr2 membantu bngt dlm diet ku,Jd LBH konsisten Cm menu makanannya krng lngkp aja sih."
Pengguna Google,5,2022-04-01 00:41:18,Aplikasinya membantu saya untuk menghitung kalori harian.. terima kasih banyak..
Pengguna Google,5,2022-03-31 12:25:16,Ok
Pengguna Google,4,2022-03-31 10:55:10,"Ada beberapa makanan yg gak ada di list, but overall bagus si sangat membantu"
Pengguna Google,4,2022-03-31 06:45:10,Praktis dan sangat membantu defkal
Pengguna Google,5,2022-03-30 21:05:38,Bagus bgt buat program diet
Pengguna Google,5,2022-03-30 07:10:39,Love banget
Pengguna Google,5,2022-03-29 18:42:48,Bagus sekali dan selalu menemani saya disaat berjuang untuk langsing
Pengguna Google,5,2022-03-28 07:59:30,Terbaikkkk
Pengguna Google,5,2022-03-28 06:31:02,"terima kasih banyak membantu, dan terus tingkatkan, semoga banyak bermanfaat bagi banyak orang"
Pengguna Google,5,2022-03-28 04:56:52,Mantap
Pengguna Google,5,2022-03-27 10:22:59,👍👍👍
Pengguna Google,5,2022-03-27 09:15:36,Sangat membantu
Pengguna Google,5,2022-03-26 21:18:16,Sangat membantu dlm menghitung kalori 😁👍
Pengguna Google,5,2022-03-25 06:26:36,👍👍👍👍👍👍👍
Pengguna Google,5,2022-03-23 14:29:31,Berkat aplikasi ini aku bisa nimbang2 mau makan apa shngga tdk mengkonsumsi kalori berlebihn. Aku masi trhitung pemula blum melakukan makro mikro atau persenan hny menjaga kalori dan sbulan bs turun gaiss..tenkiuu buat aplikasi ini dan yg sudh merekomendasikn ini di sosmed🥰🥰
Pengguna Google,5,2022-03-23 11:29:18,Bagus bgt
Pengguna Google,5,2022-03-23 08:29:54,"Sangat membantu buat nurunin berat badan jadi lebih terkontrol,,mudah juga dipakenya,,tambah semangat,,🥳"
Pengguna Google,5,2022-03-22 19:44:48,"Mantap defisit kalori dengan ngitung kalori dgn ini wih lumayan udh turun bb nya, mksh"
Pengguna Google,5,2022-03-20 06:59:59,Membantu banget program diet saya
Pengguna Google,5,2022-03-19 18:43:26,Ngebantu bgn sih untuk yg baru mulai diet
Pengguna Google,5,2022-03-19 07:43:47,"Diet jd lebih memperhatikan kalori kalo sekarang, thx"
Pengguna Google,5,2022-03-19 05:56:44,Bgus bgtt apliksinya
Pengguna Google,5,2022-03-18 16:42:27,App ini bagus untuk diet dan sejauh ini bb ku berkurang 20kg
Pengguna Google,5,2022-03-18 11:03:03,Bagus sekalii apk nyaaa
Pengguna Google,5,2022-03-17 13:59:10,Aplikasi bagus
Pengguna Google,5,2022-03-17 11:40:51,Sangat membantu
Pengguna Google,3,2022-03-17 09:12:24,"Maaf sebelumnya mau nnya, kalo untuk mencatat makanan yang kita makan tuh dmna ya? Saya masih kurang ngerti karna baru saja menggunakan aplikasi ini"
Pengguna Google,5,2022-03-16 18:25:54,"Applikasi yg luar biasa, terbaik diantara yg terbaik. mempermudah perhitungan kalori, dgn penyimpanan catatan yg terperinci. Terima kasih"
Pengguna Google,5,2022-03-16 09:21:00,Sangat membantu dalam perhitungan kalori per hari nya.
Pengguna Google,5,2022-03-16 07:08:33,gut
Pengguna Google,5,2022-03-16 07:07:52,Sangat bermanfaat!
Pengguna Google,1,2022-03-15 11:46:28,Baru menginstall aplikasi ini
Pengguna Google,5,2022-03-15 06:20:24,Samgat membantu
Pengguna Google,5,2022-03-14 18:53:56,good
Pengguna Google,5,2022-03-12 19:39:52,Bagus min..sangat membantu..tpi saran saya banyakin lagi daftar makanannya min..cz bnyak yg blom tercantum d dlmnya
Pengguna Google,5,2022-03-11 12:34:12,Membantu bgt aplikasinya
Pengguna Google,5,2022-03-11 03:43:21,Maksimal
Pengguna Google,5,2022-03-10 07:35:35,Okehhh
Pengguna Google,5,2022-03-09 20:15:14,Aplikasi ini bagus banget saya setiap mau makan apapun selalu nyatat dan lebih tau berapa kalori yg saya makan Bets deh😖😖😍😍
Pengguna Google,5,2022-03-09 14:10:58,Membantu
Pengguna Google,5,2022-03-09 09:41:04,Pilihan menu dengan kalorinya sangat Banyakk sehingga memudahkan saya
Pengguna Google,3,2022-03-09 09:17:40,"Masih bingung dengan jumlah ""Kalori Terbakar"" pada aplikasi FatSecret ini..., pada pengisian kolom (Kalori Terbakar > Catatan Latihan) saya belum mengisi apapun tapi kalom ""Kalori Terbakar"" sudah terisi 1638kal... dan pada saat saya mengisi ""Catatan Latihan"" duduk selama 1 Jam (96kal) angka 1638 bertambah menjadi 1665 hal ini membuat sy bingung.. Kenapa aplikasi ini sudah mempunyai angka pada Kalori Terbakar ""1638 kalori"" padahal saya belum melakukan aktivitas yang membakar banyak kalori"
Pengguna Google,5,2022-03-08 23:45:27,Helpful
Pengguna Google,5,2022-03-08 18:17:22,Sangat membantu mengatur pola makan
Pengguna Google,5,2022-03-08 17:08:20,Sangat membantu
Pengguna Google,5,2022-03-08 16:07:52,Alhmdulillah smenjak pke aplikasi ini BB saya trun stengah kg/hari luar biasa Semoga trus konsisten dlm mnjalankan diet ini Thank 😙
Pengguna Google,5,2022-03-08 06:52:52,Baguss
Pengguna Google,5,2022-03-07 18:18:29,Apks good bisa bntu menghitung kalori yg kita makan
Pengguna Google,5,2022-03-07 09:40:06,Sangat membantu untuk tetap fokus hidup sehat dan teratur
Pengguna Google,5,2022-03-06 13:34:21,It helps too much.. 👍👍👍
Pengguna Google,5,2022-03-06 12:19:57,membantu sekali buat perencanaan diet kalori
Pengguna Google,5,2022-03-06 06:39:36,Semoga fiturnya dibuka secara gratis
Pengguna Google,5,2022-03-04 00:37:45,"Bagus , buat nyari makanan nggak susah, tapi tolong tambahin resep makanannya"
Pengguna Google,5,2022-03-03 22:06:08,Sangat membantu pejuang diet khususnya pemula.mantap
Pengguna Google,5,2022-03-03 20:54:27,"Apik tenan, josss pokoke"
Pengguna Google,5,2022-03-03 16:17:57,Lebih mudah mengontrol jadwal makan.. dan berapa kalori yg kita konsumsi.. Smg sya bisa mencapai target bb yg sy inginkan
Pengguna Google,5,2022-03-03 05:54:32,Sangat Membantu Dalam Menghitung Kalori Harian
Pengguna Google,4,2022-03-02 09:38:50,Menbatu sekali
Pengguna Google,5,2022-03-02 06:03:27,Sangat membantu untuk penurunan berat badan
Pengguna Google,5,2022-03-01 14:42:55,Berkat fat secret berat badan saya turun 40 kg dalam 5 bulan. Terima kasih!!!!!
Pengguna Google,5,2022-03-01 05:52:46,Sangat membantu proses dietku. Makan lebih terpantau. Ku kasih bintang 5 karna memang bermanfaat bgt😊
Pengguna Google,5,2022-02-28 00:57:03,😀👍🏼
Pengguna Google,5,2022-02-28 00:01:12,Sangat membantu untuk yg baru mulai hidup sehat hihi
Pengguna Google,5,2022-02-27 16:07:16,Nice
Pengguna Google,5,2022-02-27 13:10:10,"Mempermudah menghitung kalori saya yg sedang diet, terimakasih"
Pengguna Google,5,2022-02-26 22:49:00,Keren bgt lah aplikasinya baru sadar sangat membantu
Pengguna Google,5,2022-02-26 19:22:55,Mantul
Pengguna Google,5,2022-02-26 16:45:03,Membantu sekali program dietku
Pengguna Google,5,2022-02-26 05:16:17,"Penggunaan nya sangat mudah, sangat membantu dalam hal mengontrol asupan kalori harian dan membantu menurunkan berat badan"
Pengguna Google,5,2022-02-25 11:08:06,Aplikasinya sangat bagus
Pengguna Google,5,2022-02-25 08:50:17,Sangat membantu menghitung jumlah kalori..🥰🥰
Pengguna Google,5,2022-02-22 21:30:55,mengkontrol makan
Pengguna Google,5,2022-02-22 21:12:18,Mantap
Pengguna Google,3,2022-02-22 16:32:05,Gak paham cara penggunaannya 😢
Pengguna Google,5,2022-02-21 20:52:31,Semoga aplikasi ini bisa membantu aku dlm menurunkan berat badan
Pengguna Google,5,2022-02-21 20:14:45,Nice good lah
Pengguna Google,5,2022-02-21 12:26:12,Bagus
Pengguna Google,5,2022-02-21 11:37:54,"Mantap,sangat membantu sekali ❤️"
Pengguna Google,5,2022-02-20 21:43:08,Amazing app 😍
Pengguna Google,5,2022-02-20 10:12:15,Saya sangat suka program ini
Pengguna Google,5,2022-02-20 09:03:25,Cara pake apknya apa harus di ubah kepremiun y?
Pengguna Google,5,2022-02-19 20:51:38,Pemula
Pengguna Google,5,2022-02-19 06:26:13,Best😌
Pengguna Google,4,2022-02-18 08:55:04,Mantap
Pengguna Google,5,2022-02-17 15:02:35,Sangat membantu skli untuk melihat jumlah kalori yg masuk dlm tubuh. Aplikasi yg bagus untuk org yg mau hidup sehat. Smg aplikasinya dpt dtingkatkn... 😊
Pengguna Google,5,2022-02-17 07:42:46,Pernah mencoba dan sukses.
Pengguna Google,5,2022-02-17 07:33:39,"Membantu menghitung menu defisit kalori,banyak menu indonesia juga.."
Pengguna Google,5,2022-02-17 07:29:45,Sangat sangat membantu
Pengguna Google,5,2022-02-16 19:58:59,Mantab
Pengguna Google,5,2022-02-16 15:37:48,Aplikasi yang bagus...bs detail menghitung kalori
Pengguna Google,5,2022-02-16 10:32:30,Bermanfaat
Pengguna Google,5,2022-02-16 05:50:40,Bagus sekali
Pengguna Google,3,2022-02-15 18:32:09,Buat standar
Pengguna Google,5,2022-02-15 13:29:20,"Bagus banget beneran, ngevantu banget buat yang pengen diet tapi ga ngerti ngitung kalori buruan download"
Pengguna Google,5,2022-02-14 12:54:46,Sangat membatu
Pengguna Google,5,2022-02-13 23:25:59,"Berguna sekali , awal nya ragu setelah pakai sebulan berat badan turun 4kg tanpa menyiksa hanya mengurangi porsi makan"
Pengguna Google,5,2022-02-12 15:54:43,"Bagus, membantu. Kayanya lebih oke kalo ditambahin resep² enak, gampang, murah + rendah kalori yang lengkap dengan dicantumin hitung²an kalorinya. Lebih mantap lagi kalo kita bisa chat sama orang yang ahli yang bisa dimintai saran/ ditanya tentang gizi, latihan atau yang lainnya. Thanks 👍👍"
Pengguna Google,5,2022-02-12 08:49:03,Sangat membantu proses diet ku👍
Pengguna Google,5,2022-02-12 08:33:22,Sangat membantu diet tapi tetep sehat. Tetep bisa makan enak. Tapi Timbangan selalu bisa berkurang . Good
Pengguna Google,5,2022-02-11 16:13:53,Aplikasi yg keren banget untuk pejuang bb
Pengguna Google,5,2022-02-11 12:32:54,helpful
Pengguna Google,5,2022-02-11 12:23:39,Bestt aplikasi bgt buat akuu yg lg mantau kalori dan nutrisi asupan masuk dalam tubuh👍
Pengguna Google,5,2022-02-10 18:16:30,Mantap
Pengguna Google,5,2022-02-09 14:50:53,Sgt bagus dan membantu
Pengguna Google,5,2022-02-09 09:58:27,Sangat amat membantu sekali buat ngatur kalori harian🥰🥰🥰
Pengguna Google,4,2022-02-08 22:29:01,"sangat membantu ,berat badan pun terkontrol..."
Pengguna Google,4,2022-02-08 15:39:18,Bagus
Pengguna Google,5,2022-02-08 11:31:31,Sangat membantu program saya
Pengguna Google,1,2022-02-08 09:37:17,"Mau pakai yang berbayar mahal, pakai yang free dulu"
Pengguna Google,5,2022-02-07 14:21:50,Goodd jobb
Pengguna Google,5,2022-02-07 10:32:44,Nyoba defisit kalori pake aplikasi ini dari bulan Januari 2021 tahun lalu.. Alhamdulillah sejauh ini berat badanku udh berkurang 11 kg dari 67 kg sampe skrg 56 kg.. Masih blm mencapai target sih karna targetku punya berat badan 47 kg. Semangattt!! 💪
Pengguna Google,5,2022-02-07 08:28:33,Sangat membantu untuk pencatatan kalori harian.
Pengguna Google,5,2022-02-07 07:23:51,Sangat membantu
Pengguna Google,5,2022-02-07 05:32:13,"Tolong dong, update selanjutnya bisa saling membalas komentar, soalnya riber harus ketik username komentar orang lain secara manual 🙏"
Pengguna Google,5,2022-02-06 21:16:03,Bagussedikit
Pengguna Google,5,2022-02-06 14:58:22,berguna
Pengguna Google,5,2022-02-05 06:30:19,"Udah dari dulu pake apk ini, bener2 membantu... Pola makan jdi terjaga...pokoknya ngga nyesel install apk ini...."
Pengguna Google,5,2022-02-04 19:52:04,Kereeennn membantu Alhamdulilah
Pengguna Google,5,2022-02-04 07:40:56,Oke nih
Pengguna Google,5,2022-02-03 20:52:57,Bagus
Pengguna Google,5,2022-02-03 14:29:11,Beneran bisa membantu dalam ngurangin berat badan. Untuk developer mungkin bisa memperbaiki user interface biar lebih menarik 😁✌
Pengguna Google,5,2022-02-03 10:37:11,"Aplikasinya sangat membantu saya yg sedang menjalankan program diet, jdi tahu brpa banyak kalori yg saya konsumsi setiap hari"
Pengguna Google,5,2022-02-03 07:52:39,Membantu banget dalam progam diet aku makasih fatsecret🤗
Pengguna Google,5,2022-02-03 06:02:34,Aplikasi yg bagus
Pengguna Google,5,2022-02-01 11:39:55,Bagus
Pengguna Google,5,2022-02-01 06:59:28,Sangat terbantu dg aplikasi ini
Pengguna Google,5,2022-01-31 19:56:00,Mantap...sy ksh bintang 5
Pengguna Google,5,2022-01-31 14:56:59,Sangat membantu saya saat defkal 😊
Pengguna Google,5,2022-01-31 09:06:40,"Sangat amat membantu diet saya, 2 minggu turun 4 kilo 😭😍"
Pengguna Google,5,2022-01-30 09:52:48,Mudah Membantu
Pengguna Google,5,2022-01-29 22:15:43,Sangat memotivasi untuk kontrol kalori yg masuk perutku
Pengguna Google,5,2022-01-29 21:55:10,Membantu sya dalam menurunkan bb
Pengguna Google,5,2022-01-29 06:37:11,suka..aplikasi yg sangat membantu
Pengguna Google,5,2022-01-29 05:33:06,The best
Pengguna Google,5,2022-01-28 21:22:32,Mantap sangat membantu
Pengguna Google,4,2022-01-28 21:17:57,Gus bagosss
Pengguna Google,5,2022-01-28 20:28:48,"Membantu sekali,,nice app"
Pengguna Google,5,2022-01-28 13:31:01,pliss makasih banget sama ni apk<3333
Pengguna Google,5,2022-01-27 22:22:35,"Aplikasi mantab, menjaga pola makan"
Pengguna Google,5,2022-01-27 20:06:56,Sangat membantu buat yg lagi diet
Pengguna Google,5,2022-01-27 05:35:42,"Sangat membantu, jdinya termotivasi buat diet hehehe... 😁"
Pengguna Google,1,2022-01-26 18:06:12,Untuk pencarian makanannya ga lengkap.!
Pengguna Google,5,2022-01-26 08:33:12,Bagus sekali prediksi hitungan kalorinya cukup lengkap
Pengguna Google,5,2022-01-26 07:46:03,Sangat membantu
Pengguna Google,5,2022-01-25 22:26:29,Aplikasi termudah yg saya temukan. Saya dapat mengontrol berat badan saya tanpa harus takut gemuk. Saya menggunakan aplikasi ini bisa turun 10kg lebih. Dari 65kg menjadi sekarang 54kg. Saya masih berjuang agar turun lagi sebanyak 5kg. Semangat 🙏
Pengguna Google,5,2022-01-25 21:29:27,Bagus
Pengguna Google,5,2022-01-25 19:24:33,Bermanfaat
Pengguna Google,5,2022-01-25 15:06:36,Membantu program def.kalori...tolong ditambah daftar makanan ringannya lg....
Pengguna Google,5,2022-01-25 04:59:18,Mantap
Pengguna Google,5,2022-01-24 18:51:29,Terimakasih sudah membantu
Pengguna Google,5,2022-01-24 14:34:10,Baik
Pengguna Google,5,2022-01-24 11:49:36,"Good, Buat manage asupan kalori yg masuk"
Pengguna Google,5,2022-01-23 19:28:52,Bagus
Pengguna Google,4,2022-01-23 18:48:41,"Mantap... Tinggal komplitin data camilan khas indonesia aj, krn banyak yg tidak ada"
Pengguna Google,4,2022-01-23 11:42:06,overall oke sih cuman masih ada kurang jenis makanan dan minumannya
Pengguna Google,5,2022-01-22 15:31:05,"Sy suka sekali penghitung kalori ini jd bisa ngontrol, bahkan sdh sy sampaikan ke teman2 banyak yg lgsg instal jg"
Pengguna Google,5,2022-01-22 08:23:55,Smoga yg buat aplikasi fs ini mendapat berkah dan keuntungan.. karna sangat membantu.. Kalo bisa kedepannya.. Smoga nanti pas di profil kita menjelaskan asal kota kita tinggal.. Langsung keluar makanan2 tradisonal dsna
Pengguna Google,5,2022-01-21 20:09:30,Sangat membantu
Pengguna Google,5,2022-01-21 19:20:22,Ok
Pengguna Google,4,2022-01-21 08:05:45,Semoga semakin lebih baik lagi
Pengguna Google,5,2022-01-21 07:24:01,Sangat membantu program defisit calori
Pengguna Google,1,2022-01-21 04:47:58,Kenpa gue gakbisa download sllu tertunda?
Pengguna Google,5,2022-01-21 01:08:56,Sangat membantu
Pengguna Google,5,2022-01-20 16:38:04,"Dulu pernah pake apk ini sampe bisa turun bb 25kg , 4 thn k belakang sekarang kembali gendut dgn berat 105kg berusaha kembali untuk fit"
Pengguna Google,5,2022-01-19 16:15:18,Bagus
Pengguna Google,5,2022-01-17 20:55:51,Good aplikasi
Pengguna Google,5,2022-01-17 17:13:05,Aplikasi yang sangat bermanfaat!
Pengguna Google,5,2022-01-16 17:34:58,"Bagus banget, Menolong banget bagi yg ingin diet. Dan sejauh ini bisa bantu program dietku sehingga sudah turun 7 kilo..😍😍"
Pengguna Google,5,2022-01-16 14:18:07,Mantap👍😭
Pengguna Google,5,2022-01-14 12:38:01,Bagus sekali
Pengguna Google,5,2022-01-13 22:45:50,Alhamdulillah
Pengguna Google,5,2022-01-13 19:23:10,Salah satu aplikasi yang bener2 ngebantu buat diet. THANKS
Pengguna Google,2,2022-01-13 15:44:12,Harus bayar
Pengguna Google,4,2022-01-13 11:29:44,Lumayan
Pengguna Google,5,2022-01-13 11:25:49,good apk
Pengguna Google,5,2022-01-12 16:44:12,Membantu mengontrol kebutuhan kalori.
Pengguna Google,5,2022-01-12 16:07:45,"Aplikasi nya bagus bgt, jd terarah dengan asupan yg kita makan"
Pengguna Google,5,2022-01-11 10:34:02,Sangat membantu utk program diet sy..
Pengguna Google,5,2022-01-10 14:41:13,Sangat membantu meremainder kl lg khilaf makan berlebih 😁 ... sukses terus ya FS ...
Pengguna Google,5,2022-01-10 12:49:36,Bagus sangat membantu
Pengguna Google,5,2022-01-10 05:49:25,Sangat membantu saat sy ingin mengontrol jumlah kalori dan nutrisi yg sy konsumsi tiap hari
Pengguna Google,5,2022-01-09 08:13:15,Mantap
Pengguna Google,5,2022-01-09 07:04:50,"Suka , membantu banget untuk diet 😊"
Pengguna Google,4,2022-01-08 21:31:41,"Aplikasi bagus sangat bermanfaat, kalo boleh saran makanan'y di perbanyak lagi karena masih banyak makanan yang belum ada si aplikasi"
Pengguna Google,5,2022-01-08 17:53:43,Keren
Pengguna Google,5,2022-01-08 17:49:09,Ok
Pengguna Google,5,2022-01-08 14:57:09,"Membantu sekali untuk defisit kalori, banyak komunitas juga yang nyemangatin."
Pengguna Google,5,2022-01-06 13:09:15,Sangat mudah digunakan. Dan sangat membantu dalam proses diet
Pengguna Google,5,2022-01-06 12:10:51,Keren
Pengguna Google,5,2022-01-06 09:57:20,appp terbaik buat defkal semoga bisa konsisten aminn
Pengguna Google,5,2022-01-06 09:52:31,"Membantu sekali,térutama di kalkulasi kalori per day,per week, terimakasih fatsecret"
Pengguna Google,5,2022-01-05 22:29:05,sangat sangat membantu
Pengguna Google,5,2022-01-05 16:31:56,Kenapa ya bb nya stuck 😧
Pengguna Google,5,2022-01-05 12:47:18,Berat waktu bulan kemarin tanggal 6 Desember 2021 90kg dan sekarang tepat pada 05 januari bb aku jadi 86kg
Pengguna Google,5,2022-01-05 07:44:26,Cukup mudah dalam memantau berat badan dan makanan yg di konsumsi
Pengguna Google,5,2022-01-04 18:48:46,Bagus...
Pengguna Google,5,2022-01-04 13:28:08,Sangat membantu program diet
Pengguna Google,5,2022-01-03 15:25:06,Sangat membantu. Semoga database makanan diperlengkapi lagi. Mantap
Pengguna Google,5,2022-01-03 10:54:33,Bagus bisa untuk kontrol karoli haria
Pengguna Google,4,2022-01-02 19:58:40,"Yg menarik di sini itu ada komunitasnya, ada rincian perharinya juga, sayang sy kurang konsisten dan berkomitmen serta disiplin, semoga lain kali bisa mengatasi hal ini. Semangat pejuang sehat. 💪"
Pengguna Google,5,2022-01-02 05:27:52,Perbanyak lagi ceklist makanan nya ya
Pengguna Google,5,2022-01-01 14:24:28,"pas pencarian nama makanan,dikasih foto tiap itemnya,biar makin keren terimakasih"
Pengguna Google,5,2022-01-01 12:02:25,Nice application... Membantu diet untuk orang mageran ky gw.. Hehe
Pengguna Google,5,2021-12-31 12:28:10,Sangat membantu untuk aku yg lg defisiit kalori. Tp sygnya banyak makanan Indonesia yg gak tercantum jg. Semoga daftar makanannya lebih lengkap dan banyak.
Pengguna Google,2,2021-12-31 10:06:26,Pilihan makanan dgn kalorinya kurang sesuai. Misalnya telur dadar hanya 93 kkal. Padahal menurut panduan dari Kemenkes 188 kkal
Pengguna Google,5,2021-12-31 09:38:17,Ok
Pengguna Google,5,2021-12-31 06:04:54,Okeee bantu bgt cek kalori harian
Pengguna Google,4,2021-12-30 19:38:35,Bagus untuk diet kita cuma perlu ohlahraaga dan mengontrol kalori ohlaraga:treadmill 30 menit Kalori sesuai apk ajaaaa BGusssssss Saran ak siii Gausah mkannn Minum air aj (Kl bisa)
Pengguna Google,5,2021-12-30 10:31:54,Bikin semangat... Semoga terus semangat....
Pengguna Google,5,2021-12-30 09:20:25,Bagus
Pengguna Google,5,2021-12-30 08:22:34,It's Work
Pengguna Google,5,2021-12-29 18:03:08,Ok bisa atur pola makan dan bnyk teman diet
Pengguna Google,4,2021-12-28 13:11:16,Control good
Pengguna Google,1,2021-12-28 06:53:19,Saya ga makan kikil kenapa masih ada kikil di laporan mingguan saya padahal di catatan harian saya tidak ada kikil sama sekali.. Aplikasi gajelas bikin itungan rusak aja
Pengguna Google,4,2021-12-27 11:38:31,"Sangat membantu , semoga lebih banyak gratis nya"
Pengguna Google,5,2021-12-27 08:22:56,Berguna bgt... Aku Uda turun BB
Pengguna Google,5,2021-12-26 21:43:14,Ok
Pengguna Google,1,2021-12-26 21:25:06,"Kenapa di hp ku ngelag""gtu si aneh bgttt😤😤😤"
Pengguna Google,5,2021-12-26 19:31:01,bagus
Pengguna Google,5,2021-12-26 14:10:50,Mantap
Pengguna Google,5,2021-12-26 08:12:19,Sangat membantu sekali
Pengguna Google,5,2021-12-25 13:30:52,Mantab
Pengguna Google,5,2021-12-25 09:46:30,Program ini sangat membantu program diet saya
Pengguna Google,5,2021-12-25 05:19:32,Bagus buat saya yg sedang menjalani program diet...
Pengguna Google,5,2021-12-25 03:01:26,Bagusss
Pengguna Google,5,2021-12-23 20:43:36,siappppp
Pengguna Google,5,2021-12-23 11:30:52,"Bagus bangettt, jadi ga perlu takut kalori harian berlebihan"
Pengguna Google,5,2021-12-23 08:24:41,Bagus ya aplikasinya. Membantu
Pengguna Google,5,2021-12-23 06:40:23,Kebantu bgt turun badan dgn defisit kalori di fat secret 😍
Pengguna Google,5,2021-12-21 20:48:39,untuk saat ini okeey. baguss. buat pantau program diet
Pengguna Google,4,2021-12-21 20:08:35,Aplikasi bagus dan cukup lengkap. 4 karena jarang dipakai.
Pengguna Google,5,2021-12-21 15:06:27,Bagus banget apk nya.. 👍👍👍👍👍👍 suka sekali pakenya gampang dan bisa ekspor data ke pdf ... Profesional apk😎🤩 bisa sharing juga sama pengguna lain.. Kontrol makanan jadi lebih gampang.. Good job buat yg bikin apknya terimakasih udah buat apk ini..
Pengguna Google,5,2021-12-20 11:18:51,Sangat membantu
Pengguna Google,3,2021-12-20 09:17:54,saya ingin mengubah angka akg kenapa selalu gagal ya? Itu kenapa
Pengguna Google,5,2021-12-19 11:55:41,"Membantu mengukur makan, good app"
Pengguna Google,5,2021-12-19 05:59:40,Sangat membantu agar tidak repot saat menghitung kalori yang masuk dalam tubuh. Terima kasih FatSecret. 🙌
Pengguna Google,5,2021-12-16 14:28:23,Membantu
Pengguna Google,5,2021-12-16 12:00:24,"Terbantu sekali dgn program diet yg ringan ini. Tapi kalau bisa tolong diperbanyak input jenis makanannya, kadang karena nggak ada jadi cari alternatif makanan yg mirip2 utk diinput."
Pengguna Google,5,2021-12-16 07:28:50,Love this app. I have been using it for a few months and will be using it for years.
Pengguna Google,5,2021-12-15 19:33:48,Sangat cocok untuk Anda yang ingin diet atau menambah berat badan
Pengguna Google,5,2021-12-15 17:10:00,Keren banget nih aplikasi
Pengguna Google,5,2021-12-15 15:45:25,Ok
Pengguna Google,5,2021-12-15 11:03:08,Bagus
Pengguna Google,5,2021-12-14 11:48:32,Ok
Pengguna Google,3,2021-12-14 11:19:58,Saya kasih 3 dulu bintangnya nanti kalau saya sudah paham betul dengan apk nya saya naikkan bintang nya
Pengguna Google,5,2021-12-13 19:32:19,👍👍 membantu
Pengguna Google,5,2021-12-13 16:37:03,good
Pengguna Google,5,2021-12-13 10:44:33,paling membantu sudah pakai dari lama
Pengguna Google,5,2021-12-13 08:26:31,Mantap
Pengguna Google,5,2021-12-13 06:43:32,Buat menghitung n mencatat kalori kayakny ini yg paling oke sejauh ini dibanding yg lainnya
Pengguna Google,5,2021-12-13 04:07:13,Sangat membantu dalam pengaturan menu dan kalori yang dibutuhkan
Pengguna Google,5,2021-12-12 19:46:29,Bagus buat penunjang diet
Pengguna Google,1,2021-12-12 19:18:54,"Babi ga bisa dibuka, kadang loding padahal udah coba pake data dan wifi, apk babi anjingg, BABI AJGGGG"
Pengguna Google,2,2021-12-12 18:46:51,Napa loadingnya lama haduhh
Pengguna Google,1,2021-12-12 18:45:23,"Tiba tiba tidak bisa log in,pdhl kouta aman dan buka apk lain lancar jaya."
Pengguna Google,1,2021-12-12 18:25:27,saya gatau kenapa ini gamau kebuka aplikasinya setelah 7 hari pemakaian
Pengguna Google,5,2021-12-12 08:10:42,"Sejauh ini bagus! Makanan nya komplit, sampe biskuit bett*r juga ada 😆😆"
Pengguna Google,5,2021-12-11 13:55:33,Enak mudah gampang jelas
Pengguna Google,5,2021-12-10 08:40:48,"Lengkap jenis makanan indonesianya, cocok untuk org indo"
Pengguna Google,5,2021-12-09 23:23:05,"Lumayan, memudahkan atur defisit kalori, ga takut makan apa saja asal masih kontrol tetap defisit kalori. Pengen makan banyak, pilih rendah kalori. Pengen makan enak yang tinggi kalori ga masalah asal porsi yang pas sesuai target defisit kalori."
Pengguna Google,5,2021-12-09 18:01:18,Mantap perhitungan nya
Pengguna Google,5,2021-12-09 17:42:30,bagus hiyaa
Pengguna Google,5,2021-12-09 16:07:37,keren
Pengguna Google,5,2021-12-08 12:01:25,Aplikasi yg sangat membantu
Pengguna Google,5,2021-12-08 09:10:21,Membantu sekali dalam menghitung kalori per hari
Pengguna Google,5,2021-12-08 07:22:16,Mempermudah diet
Pengguna Google,5,2021-12-08 04:41:11,Membantu banget ketika defisit kalori. Makasih ya 😍
Pengguna Google,4,2021-12-07 06:42:12,Berguna sekali
Pengguna Google,5,2021-12-06 12:08:53,Good
Pengguna Google,5,2021-12-05 20:11:52,Sangat membantu saya dalam menurunkan bb alhamdhulillah bb sy bisa turun 10kg dalam waktu 3bln.. Saran saya agar lebih ditambah lagi daftar makanannya di list pencatatan kalorinya.. Percaya dan yakinlah jika ada niat pasti bisa.. Semangatttt
Pengguna Google,3,2021-12-05 18:31:00,semoga bisa membantu aku buat diet
Pengguna Google,5,2021-12-05 08:06:57,Sangat membantu
Pengguna Google,4,2021-12-05 06:41:02,Sangat membantu bagi yang mau diet untuk pemula seperti saya.. terima kasih fs..
Pengguna Google,4,2021-12-03 18:11:50,"Meskipun tidak 100% akurat, tetapi bisa estimasi brp kalori yg masuk, saran: perbanyak list data makanannya"
Pengguna Google,5,2021-12-02 15:56:09,"terimakasih sudah menciptakan apk ini, saya sangat terbantu"
Pengguna Google,5,2021-11-30 17:54:06,Terimakasih banyak. Aplikasi ini sangat membantu saya untuk diett😍😍
Pengguna Google,5,2021-11-30 17:34:23,Bantu banget buat defisit kalori
Pengguna Google,5,2021-11-30 10:27:57,Suka sekali dg apk ini
Pengguna Google,5,2021-11-29 16:31:26,Sangat membantu saya dalam program diet saya
Pengguna Google,5,2021-11-29 08:17:48,Sangat membantu....
Pengguna Google,5,2021-11-29 07:47:32,Keren
Pengguna Google,5,2021-11-29 06:07:24,Hehee not bad seminggu bisa turun 3 kg dengan olahraga dan konsumsi yang tepat
Pengguna Google,5,2021-11-27 16:34:42,Keren
Pengguna Google,5,2021-11-26 19:32:05,Hanya di fatsecret Mengurangi bb dgn enjoy😎😎
Pengguna Google,5,2021-11-26 14:26:47,Sangat membantu dalam program diet yang ku jalani untuk memantau pola makan dan menhitung kalori harian
Pengguna Google,5,2021-11-26 09:56:55,Cukup membantu untuk diet
Pengguna Google,5,2021-11-26 08:08:35,sangat membantu
Pengguna Google,4,2021-11-25 19:12:57,Good
Pengguna Google,5,2021-11-25 17:40:21,Terimakasih banyak
Pengguna Google,5,2021-11-25 17:03:52,"Bagus cuma beberapa makanan ga ada, kurang lengkap"
Pengguna Google,5,2021-11-25 09:30:38,Mantap
Pengguna Google,5,2021-11-24 18:20:17,Lumayan buat pantau makanan
Pengguna Google,5,2021-11-24 08:47:56,Sangat membantu untuk diet bagi pemula
Pengguna Google,5,2021-11-24 06:23:15,Mantap
Pengguna Google,5,2021-11-23 17:06:12,Aplikasi keren pengontrol jumlah kalori yang masuk dengan komposisi gizinya. Membantu saya untuk dapatkan gizi seimbang setiap hari
Pengguna Google,5,2021-11-23 09:55:01,Good app!! Sangat membantu
Pengguna Google,5,2021-11-23 07:40:08,Top!!!
Pengguna Google,5,2021-11-23 07:34:09,Apk nya bagusss
Pengguna Google,5,2021-11-22 11:07:28,Aplikasiii usefull bangeettt.. 😍
Pengguna Google,5,2021-11-22 09:45:40,Membantu sekali
Pengguna Google,5,2021-11-22 09:13:53,"Bagus banget apk ny, cocok buat yng lagi diet"
Pengguna Google,5,2021-11-22 09:05:27,Bisa jd pedoman gizi makanan sehari-hari
Pengguna Google,5,2021-11-22 08:14:05,"Bismillah, udh 4 hari ada penurunan, semogaa terus turun sampai target. Yuk konsisten kalori defisit sama fatsecret😍"
Pengguna Google,5,2021-11-21 09:17:04,Good
Pengguna Google,5,2021-11-21 07:51:06,Thank youu yg sudah bikin apk ni🥰
Pengguna Google,5,2021-11-21 07:27:22,Bagus
Pengguna Google,5,2021-11-21 07:15:02,Aplikasi diet terbaik.... Dlu mengira menghitung kalori sangat merepotkan dgn adanya aplikasi ini menjadi sangat mudah... Tidak ada pantangan selama tidak berlebihan
Pengguna Google,2,2021-11-20 15:54:06,Lumayan
Pengguna Google,5,2021-11-20 08:55:10,Makasih bb ku turun 5kg 😆
Pengguna Google,5,2021-11-19 11:09:22,"Berkat aplikasi ini, saya bisa mengontrol makanan dengan perhitungan kalori, pokoknya the best dah thank you kalori fatsecret😘"
Pengguna Google,5,2021-11-19 08:36:50,Kerenn
Pengguna Google,5,2021-11-18 22:00:44,Sgt bermanfaat
Pengguna Google,3,2021-11-18 13:56:10,Kenapa tampilan fatsecret saya seperti script/beta? Tidak seperti sebelumnya.. apakah harus berbayar agar tampilannya rapi seperti sebelumnya?
Pengguna Google,5,2021-11-18 09:36:38,Sangat membantu untuk program diet.
Pengguna Google,5,2021-11-18 08:48:47,Sangat bermanfaat buat diet
Pengguna Google,5,2021-11-18 08:22:05,"Seminggu gw bisa turun 4 kg dong , mantab ni apk"
Pengguna Google,5,2021-11-18 06:57:16,"Sangat membantu perdietan. Bisa interaksi dengan pejuang diet lain, semoga daftar kalori makanan semakin lengkap"
Pengguna Google,5,2021-11-17 19:39:27,Bagus
Pengguna Google,5,2021-11-17 18:02:06,jujur sangat sangat membantu utk program diet klo bs tolong update lg kalori menu makannya kadang sya masukin makanan 1 per 1 kaya bikin resep hehehe
Pengguna Google,5,2021-11-17 12:15:16,Suka
Pengguna Google,5,2021-11-17 08:20:33,Sangat membantu perjalanan fitness saya. Terima kasih
Pengguna Google,5,2021-11-17 07:34:39,Aplikasi ini membantu memnghitung kalori daru amkanan yg kita makan.. suka sekali.. sekaligus merekam berat basan kita setiap hari
Pengguna Google,5,2021-11-17 03:24:34,Great apps to track my diet
Pengguna Google,5,2021-11-16 14:10:10,Sangat membantu
Pengguna Google,5,2021-11-16 08:31:11,Cukup Membantu
Pengguna Google,5,2021-11-16 04:30:52,Puas
Pengguna Google,5,2021-11-15 14:26:06,"aplikasi nya baguss , berat badan saya turun :D"
Pengguna Google,5,2021-11-15 08:22:39,Sangat membantu program diet...
Pengguna Google,5,2021-11-14 09:24:56,Gampang digunakan dan sangat efektif
Pengguna Google,5,2021-11-14 06:14:02,Sgt berguna dan membantu hitung kalori
Pengguna Google,5,2021-11-13 09:01:24,Lopee sekeboon 💙
Pengguna Google,4,2021-11-13 08:30:23,Sangat membantu pola makan saat diet. Oke bangett
Pengguna Google,5,2021-11-13 06:27:35,Aplikasi yang sangat bagus.bagi yang mau diet aplukasi ini sangat dibutuhkan untung mengatur konsumsi dan pembakaran kalori.terima kasih fat secret
Pengguna Google,5,2021-11-13 05:34:48,Amat sangat membantu kita dalam proses defisit kalori
Pengguna Google,4,2021-11-13 04:14:30,Berguna buat ingetin kalori harianku
Pengguna Google,5,2021-11-12 22:40:36,Mantab iniii
Pengguna Google,5,2021-11-12 17:52:06,Sangat membantu untuk membaca kalori per hari
Pengguna Google,4,2021-11-12 13:30:08,Semoga membantu
Pengguna Google,5,2021-11-12 10:34:21,Sangat membantu dalam mengetahui kandungan dan nutrisi makanan
Pengguna Google,5,2021-11-12 10:03:03,Bisa konsisten turun bb
Pengguna Google,5,2021-11-11 10:15:24,Sangat membantu diet aku 👍 Trimakasih FS😘
Pengguna Google,5,2021-11-11 08:06:31,Sangat bagus
Pengguna Google,5,2021-11-10 18:27:32,Dengan adanya aplikasi ini saya bisa mengontrol kalori yang saya perlukan setiap hari the besstt 👍👍👍
Pengguna Google,5,2021-11-10 09:57:10,Bantu banget buat itung kalori
Pengguna Google,5,2021-11-10 06:10:45,Thank you
Pengguna Google,5,2021-11-09 22:05:11,Recomended
Pengguna Google,5,2021-11-09 21:30:26,Sangat bermanfaat
Pengguna Google,5,2021-11-09 20:03:53,BAGUSS BANGETTT !!! ❤️❤️❤️
Pengguna Google,5,2021-11-09 19:52:03,Membantu sekali untuk diet
Pengguna Google,3,2021-11-09 17:46:52,"Aplikasinya bagus tpi Kenapa aplikasi nya sering nge bug ya di hp saya. Padahal pake aplikasi lain bahkan yg jauh lebih berat aman"" aja?"
Pengguna Google,5,2021-11-09 08:26:30,Aplikasinya bagus aku bisa turun 17 kg dalam 4 bulan dari 65-48👍🏻🤓
Pengguna Google,5,2021-11-09 08:17:48,Mengontrol kalori gw
Pengguna Google,5,2021-11-08 21:54:44,Sangat membantu dalam proses diet sehat
Pengguna Google,5,2021-11-08 13:08:32,"Alhamdulillah dengan bantuan aplikasi ini, aku bisa turun 3 kg dalam 4 minggu.. Bantu banget sih, jadi terkontrol pola makan dan gizi yang masuk ke tubuh."
Pengguna Google,5,2021-11-08 10:03:32,Yg utama menjaga kesehatan langsing itu bonus👍
Pengguna Google,5,2021-11-08 09:08:55,Sangat membantu
Pengguna Google,5,2021-11-07 21:43:48,"makasiii banyak fatsecret, kalo pake ini enak bgt jadi tau berapa banyak yang kita makan aku awalnya 78 sekarang jadi 73 padahal belum sebulan mwhehwh makasii"
Pengguna Google,5,2021-11-07 20:40:40,Bagussssss
Pengguna Google,5,2021-11-07 14:38:38,Aplikasi yang sangat membantu program diet. Bisa sharing dan belajar bareng teman-teman di aplikasi ini. Dan semuanya ramah tamah. Jadi semangat menjalani dietnya. Apalagi lihat photo yang udah berhasil. Jadi semangat deh.
Pengguna Google,5,2021-11-07 10:23:40,App bermanfaat
Pengguna Google,5,2021-11-07 09:49:33,Aplikasi yang sangat membantu untuk perhitungan kalori dan gizi
Pengguna Google,5,2021-11-07 07:47:19,Semenjak memakai aplikasi ini mempermudah cara saya untuk diet.. Diet enak tanpa takut makan😍
Pengguna Google,5,2021-11-06 23:36:33,Bagus
Pengguna Google,5,2021-11-06 18:40:46,terbaik lah 👍👍👍😊😊😊😍😍😍
Pengguna Google,5,2021-11-06 14:13:57,Mantap
Pengguna Google,5,2021-11-06 07:24:08,Good...membantu mengatur kalori harian yg kita konsumsi
Pengguna Google,5,2021-11-05 18:38:54,Aplikasinya mantab... Bisa kontrol makanan seberapa seimbang.. Jadi lebih mudah buat milih2
Pengguna Google,5,2021-11-05 11:55:47,Ajg gua disuruh guru IPA ku download apk ini 🗿🗿
Pengguna Google,5,2021-11-05 08:39:33,Membantu bgt utk kontrol makanan ❤
Pengguna Google,5,2021-11-05 05:56:39,Sangat membantu dan bisa dijadikan sebagai acuan awal guna memahami hitungan kebutuhan kalori tubuh kita....suksess 👍
Pengguna Google,3,2021-11-04 09:27:13,Please fix bug. Look at tike for sleep and rest. There are wrong conclusions for calories which burnt and time to sleep
Pengguna Google,5,2021-11-04 08:24:43,Cool
Pengguna Google,4,2021-11-03 11:02:14,Bagus
Pengguna Google,5,2021-11-03 09:56:10,Sangat membantu dalam perhitungan kalori defisit saya Terima kasih
Pengguna Google,4,2021-11-03 09:34:59,"Fat secret sangat membantu dalam menghitung kalori saya, ada resep2 sehat, dan ada jurnal untuk kita. Tapi ada beberapa kekurangan kalori makanan nya tidak lengkap"
Pengguna Google,5,2021-11-03 09:23:09,Mantep banget aplikasi ini.... Suka banget pokok nya
Pengguna Google,5,2021-11-03 07:44:01,Memuaskan
Pengguna Google,4,2021-11-02 18:08:31,Sejauh ini cukup membantu..sekedar saran..ditambahin terus resep2 masakan dan kalorinya berapa..jadi kita gak perlu ngira2 kalorinya berapa karena otomatis muncul
Pengguna Google,5,2021-11-02 08:37:10,Mantap!
Pengguna Google,5,2021-11-02 07:39:44,Sangat membantu
Pengguna Google,5,2021-11-02 07:19:11,Bagusss
Pengguna Google,5,2021-11-02 05:35:52,Memudahkan perhitungan kalori masuk dan keluar
Pengguna Google,5,2021-11-01 21:37:15,Good👍👍👍👍
Pengguna Google,5,2021-11-01 18:58:24,Membantu. Makasih
Pengguna Google,5,2021-11-01 13:45:34,Sangat membantu untuk program diet. Aplikasinya simpel dan mudah digunakan.
Pengguna Google,5,2021-11-01 06:56:25,"ngebantu banget buat diet. menu nya juga macem² hampir semua ada disini, untuk yg gratisan masih worth it sii"
Pengguna Google,5,2021-11-01 06:26:02,Sangat membantu buat nurunin berat badan suka banget sama aplikasinini 😍😍😍😍😍
Pengguna Google,5,2021-11-01 05:58:54,It was a great app!
Pengguna Google,5,2021-10-31 08:28:22,"Aplikasi yang sangat membantu, untuk orang² yang sedang menjalani program diet."
Pengguna Google,5,2021-10-31 06:22:48,"Good banget... Bisa monitor perkembangan BB naik dan turunnya tiap hari, asal rajin dan konsisten"
Pengguna Google,5,2021-10-30 12:32:52,Sangat membantu dan mempermudah untuk menghitung kalori ...terima kasih sudah buat aplikasi yg sangat bermanfaat ini.
Pengguna Google,5,2021-10-30 09:00:10,manfaat
Pengguna Google,5,2021-10-30 07:38:20,"Wae bener2 membantu saya dlm menurunkan BB, ""berhenti sebelum kenyang"" mantapppp"
Pengguna Google,5,2021-10-29 19:43:29,"Aku suka bgt, stiap hari bsa itung kalori yg masuk, berat ku dlu 69 kg, baru download fat scret dan diet defisit kalori lewat aplikasi ini, skrg berat ku udh 63 kg, sudah 2 Minggu lebih, yg pasti tetap bantu dgn olhraga ,krna olhraga bantu diet lbih berhasil"
Pengguna Google,5,2021-10-29 08:01:49,Bagus utk pemgaturan kalori harian 👍
Pengguna Google,4,2021-10-29 06:41:47,Bantu buat menghitung kalori yg masuk jd bisa kontrol tapi sayang bangett ga semua makanan ada jdi agak bingung gimana pilih nyaaa huuuu semoga kedepannya lebih banyak makanan lagi yaaa biar lebih mudah jugaa
Pengguna Google,5,2021-10-28 14:30:50,Terima kasih aplikasinya sangat bermanfaat sekali buat aku yg lg program diet dengan aplikasi ini aku jadi tahu semua jumlah kalori yg masuk dan kalori yg terbakar 🙏😍😘😘😘
Pengguna Google,5,2021-10-28 10:54:21,Mantap
Pengguna Google,5,2021-10-28 09:17:50,Salah satu rem mulut yg baik
Pengguna Google,5,2021-10-28 07:38:21,Terbantu sekali saat sedang defkal n diet 4no
Pengguna Google,5,2021-10-27 00:03:35,Bagus sekali
Pengguna Google,5,2021-10-26 19:24:04,Bermanfaat untuk yg lagi diet biar tau defkal harian
Pengguna Google,5,2021-10-26 05:19:26,Bagussss bnget aplikasinyaaaaa. Sangat sangat terbantu
Pengguna Google,3,2021-10-25 18:55:27,Mon maap kenapa tampilannya jadi berantakan ya pas liat jurnal
Pengguna Google,5,2021-10-25 10:38:26,Membantu sekalii 😍
Pengguna Google,5,2021-10-25 08:19:24,Sgt membantu
Pengguna Google,5,2021-10-25 07:54:29,Sangat membantu program diet defisit kalori belum 1 bulan sudah turun 4 kilo.. karna busui makan masih banyak tp pilih2 yang kalorinya lebih kecil😁😁😁
Pengguna Google,4,2021-10-25 05:40:07,"Rumayan mmbntu,"
Pengguna Google,5,2021-10-24 12:45:37,"Aplikasi sangat baik untuk orang "" sedang mengatur pola makan 👍"
Pengguna Google,5,2021-10-24 12:13:29,Suka sama aplikasi ini. Sangat membantu dalam mengontrol makanan
Pengguna Google,5,2021-10-24 11:19:22,"Mantap berkat hitungan fat secret, bisa memaksimalkan hidup sehat"
Pengguna Google,5,2021-10-24 09:43:55,"Membantu banget pake aplikasi ini, jadi bisa kontrol makanan sehari-hari. Makasih FS 😘😘😘"
Pengguna Google,3,2021-10-23 18:37:58,Kenapa ini ko jadi eror gambar jd gede
Pengguna Google,3,2021-10-23 15:47:51,bagus.. kalo untuk laporan kalori terbakar mingguanl/bulanan apakah ada? saat ini saya lihat hanya ada laporan makanan mingguan.. semoga bisa ada laporan kalori terbakarnya jg ya.. jd lengkap..
Pengguna Google,5,2021-10-23 14:58:45,Sangat membantu
Pengguna Google,4,2021-10-23 13:27:53,Bagus
Pengguna Google,5,2021-10-23 13:16:48,Baik
Pengguna Google,5,2021-10-23 08:05:15,"Sangat bagus, kita bisa mengontrol apa saja yang kita makan"
Pengguna Google,5,2021-10-23 05:36:10,Sangat membantu sy dlm menjalankan program penurunan bb yg dl samgat sulit dan awam
Pengguna Google,5,2021-10-21 17:29:41,Ok
Pengguna Google,5,2021-10-19 19:32:44,"Apk nya bagus untuk yang mau diet dan menggemukkan badan, tapi asal konsisten aja...saran aja sih tambahin lagi fitur total vitamin yang terkandung di setiap makanan nya"
Pengguna Google,4,2021-10-19 19:17:18,"Please bantu, bentuk Laporan makanan harian sama mingguanku aneh. Gk kayak dulu tampilannya bagus dan memudahkan... ada solusinya gk ?"
Pengguna Google,5,2021-10-19 11:58:08,Keren. Memudahkan banget
Pengguna Google,5,2021-10-18 22:28:37,Dengan aplikasi ini aku jadi tau buat jumlah kalori dan lemak yang aku konsumsi seharian jadi diet bisa teratur buat yang melakukan diet tp ga tau lemak atau kalori makanan kalian yg mau kalian konsumsi disaranin download ini deh biar diet kalian berhasil ini apk membantu sekli
Pengguna Google,5,2021-10-18 15:07:50,Luar biasa sangat bermanfaat
Pengguna Google,5,2021-10-18 08:26:03,Very helpful
Pengguna Google,5,2021-10-18 07:35:28,Sangt membantu
Pengguna Google,4,2021-10-18 05:35:35,"Bb turun, sejak ada ap fs, semua yg di konsumsi bisa di hitung sesuai kalori yg di butuh kan"
Pengguna Google,5,2021-10-17 21:40:09,App yang sangat sangat membantu dietku bangettt baguss poll
Pengguna Google,5,2021-10-17 10:33:35,"Aplikasi yg sangat bagus , Namum ada juga makanan yg blm ada di daftar , terus tingkatkan lagi , saran tambahan kan fitur sensor makanan , pas mau di foto keluar datanya ."
Pengguna Google,5,2021-10-17 06:13:18,Sangat Menikmati nya
Pengguna Google,5,2021-10-16 20:51:49,Good sangat membantu
Pengguna Google,5,2021-10-16 18:36:57,Siipp kewreeeennnn... Recommended 👍👍👍sangat berguna aplikasinya
Pengguna Google,5,2021-10-16 12:56:51,Mantap..
Pengguna Google,5,2021-10-16 11:45:23,Sangat membantu terimakasih
Pengguna Google,5,2021-10-16 08:49:08,Aplikasinya bagus bgt sangat me Bantu bagi yang diet hitung kalori 😍🙏👍
Pengguna Google,5,2021-10-15 20:43:31,Lebih di tingkat kan lgi menunya soalnya kalau di cari kdg tidak ada jd serba bingung... Kalau bisa jajanan pasar ad jg
Pengguna Google,5,2021-10-15 19:27:57,Sangat membantu
Pengguna Google,4,2021-10-15 13:06:39,Nice app
Pengguna Google,5,2021-10-15 09:46:09,Bagus banget buat program diet
Pengguna Google,5,2021-10-14 11:45:08,Mantap
Pengguna Google,5,2021-10-14 08:47:03,"Best bgt ni aplikasi, sangat mendukung program kalori defisitqu"
Pengguna Google,5,2021-10-13 20:49:25,Sangat bagus dan sangat membantu
Pengguna Google,4,2021-10-13 13:27:19,mantap juga aplikasinya
Pengguna Google,5,2021-10-13 10:42:30,Penghitug Kalori. F... Video 💙💙💙💙💙
Pengguna Google,5,2021-10-13 08:42:33,Biarkan Bintang Berbicara.. Cuma 1 harus ada scan QR.. supaya gampang untuk cek kalori di kemasan makanan..
Pengguna Google,5,2021-10-13 07:51:27,2minggu los 3kg
Pengguna Google,4,2021-10-13 05:09:20,Cukup mudah dibuka dan pengisiannya
Pengguna Google,5,2021-10-12 18:30:14,Keren dah pokoknya Alhamdulillah 14hari turun 5kg
Pengguna Google,5,2021-10-12 12:28:13,Mantap surantap
Pengguna Google,1,2021-10-12 11:34:12,"Pemadaman apaan sih udh berkali2, mana lama"
Pengguna Google,5,2021-10-12 06:09:57,Apk ini bagus banget jgn ragu buat insatl Apk ini membantu bgtt so HAPPY😻
Pengguna Google,5,2021-10-12 01:20:00,Aplikasi yg sangat bagus
Pengguna Google,5,2021-10-11 21:36:10,Aplikasi yang sangat membantu
Pengguna Google,5,2021-10-11 19:11:45,Terima kasih banyak saya lebih bs mengatur makan
Pengguna Google,5,2021-10-11 17:03:24,Bagus
Pengguna Google,5,2021-10-11 16:18:37,Sahabat setia menghitung makanan yg masuk hari ini
Pengguna Google,5,2021-10-11 14:16:13,Sangat membantu 👍
Pengguna Google,5,2021-10-10 19:43:31,Sangat membantu penurunan berat badan
Pengguna Google,4,2021-10-10 19:40:11,Sudah mengurangi kalori harian tp sisah turun
Pengguna Google,5,2021-10-10 17:42:10,Terima kasih sudah sangat membantu program saya dan pendampingan teman teman saya
Pengguna Google,5,2021-10-09 09:28:18,"membantu program diet, dgn mengatur pola makan harian... good.."
Pengguna Google,5,2021-10-08 18:52:40,Berguna untuk mengontrol apa yang kita makan
Pengguna Google,5,2021-10-08 18:41:35,Sangat membantu
Pengguna Google,4,2021-10-08 09:38:38,Bagus cuma masih belum lengkap semua input kalori makanan
Pengguna Google,5,2021-10-08 09:34:51,Bismillah
Pengguna Google,5,2021-10-08 07:25:24,"Sangat bagus aplikasi nya,, pola makan saya jadi terkontrol. Tapi ada beberapa menu makanan yang tidak ada."
Pengguna Google,5,2021-10-07 13:31:36,Bagus banget
Pengguna Google,5,2021-10-07 07:52:00,"Nice, insyallah bisa tertarget dengan aplikasi ini"
Pengguna Google,5,2021-10-06 22:03:42,Sippp
Pengguna Google,5,2021-10-06 17:46:47,Mantul banget pokoknya membantu sekali
Pengguna Google,5,2021-10-06 13:42:10,Amat sangat membantu mengontrol kalori harian yg dikonsumsi untuk diet
Pengguna Google,5,2021-10-06 11:42:31,Bagus sih
Pengguna Google,5,2021-10-06 11:26:05,Sangat membantu untuk program diet
Pengguna Google,5,2021-10-06 07:32:48,Sangat membantu sekali dlm menentukan kalori makanan
Pengguna Google,5,2021-10-06 07:08:37,"Membantu banget buat kita yg ingin mempertahankan, menaikkan dan menurunkan berat badan."
Pengguna Google,5,2021-10-06 05:47:12,Sangat membantu
Pengguna Google,5,2021-10-06 04:44:07,Tolong fatsecret tambahain lagi merek makanan yang terbaru beserta data yang lebih baik akurat
Pengguna Google,5,2021-10-05 18:54:02,"Tambahin fitur ukuran tubuh dong, kan kadang berat badan tidak berkurang tapi ukuran tubuh bisa berkurang"
Pengguna Google,5,2021-10-05 11:49:55,"Luar biasa, keren banget..."
Pengguna Google,5,2021-10-05 07:06:26,Mantuuull pokonyaaa
Pengguna Google,5,2021-10-05 06:43:08,Recomended buat yg mau ngatur kalori
Pengguna Google,5,2021-10-05 06:36:25,Membantu banget sih best
Pengguna Google,4,2021-10-04 14:21:49,Sangat bagus dan keliatan hasilnya
Pengguna Google,5,2021-10-04 13:51:57,Sangat membantu banget program diet
Pengguna Google,5,2021-10-04 10:28:56,Bermanfaat untuk cek kalori harian
Pengguna Google,5,2021-10-04 09:53:32,Aplikasi ini sangat lah membantu untuk kaum² yang sedang diet terimakasih Fastsecret ✊
Pengguna Google,5,2021-10-04 08:29:52,Cukup membantu
Pengguna Google,5,2021-10-04 07:01:57,Jos
Pengguna Google,5,2021-10-04 06:33:45,Sangat bagus dan bermanfaat aplikasi ini untuk program diet. Sedikit saran mungkin bisa ditambah lagi daftar makanan dan jenis kegiatan biar tambah keren. Terima kasih fatsecret
Pengguna Google,5,2021-10-04 01:15:24,Lambat biasanya bagus
Pengguna Google,5,2021-10-03 16:42:31,Mantap
Pengguna Google,5,2021-10-03 14:55:38,"apk yang sangat berperan membantu saya mengembalikan berat badan ke semuala, josss pkoknya..."
Pengguna Google,5,2021-10-03 13:08:15,Nice
Pengguna Google,5,2021-10-03 09:29:03,"Sudah beberapa hari ada beberapa menu di aplikasi yang tidak bisa/susah untuk dibuka seperti laporan sama kalender diet, kenapa ya kira2? Semoga segera normal lagi supaya nyaman makainya"
Pengguna Google,5,2021-10-03 09:09:29,Sangat membantu sy setidaknya dalam mengontrol makanan yang akan masuk ke tubuh sy. Tq
Pengguna Google,5,2021-10-02 21:59:43,Berguna banget buat membantu kalori defisit menuju hidup yg lebih sehat 😍😍 terima kasih banyak
Pengguna Google,4,2021-10-02 19:01:12,"Aplikasi ini cukup bagus buat membantu menghitung defisit kalori. Namun, ada beberapa menu makanan yang tidak ada dalam pencarian sehingga sulit untuk menentukan kalorinya. Semoga ada perbaruan agar lebih memuaskan, dan jangan lupa untuk terus meningkatkan kualitasnya. Terimakasih dan semangat buat kalian semua."
Pengguna Google,5,2021-10-02 05:03:00,Bagus
Pengguna Google,5,2021-10-01 22:18:42,Aplikasi ini sangat membantu
Pengguna Google,3,2021-10-01 12:20:36,Apa yg dicari banyak tidak ada.
Pengguna Google,5,2021-10-01 11:47:25,bantu bngt aplikadinya ❤️
Pengguna Google,5,2021-10-01 07:36:35,Sangat membantu..terima Kasih
Pengguna Google,4,2021-09-30 21:48:55,Good...
Pengguna Google,4,2021-09-30 16:59:53,Kapan siaran langsung lagi?
Pengguna Google,5,2021-09-30 09:51:56,Bagus
Pengguna Google,5,2021-09-30 07:55:07,Untuk saat ini masih bagus
Pengguna Google,1,2021-09-29 21:23:04,"Pas mau download,kok loading terus sih,udah 8 jam nungguin enggak bisa bisa, padahal paket data banyak"
Pengguna Google,5,2021-09-29 13:11:23,okee .membantu banget
Pengguna Google,5,2021-09-29 12:41:01,Awww bagus bangettttt
Pengguna Google,4,2021-09-29 11:36:51,"Ada beberapa menu makanan yg tidak ada, sehingga sulit menerka jumlah kalorinya, seperti salad point yang salad wrapnya, mohon diupdate lagi, yang lain sudah baik.."
Pengguna Google,5,2021-09-29 10:01:31,"Terima kasih, so far sangat membantu"
Pengguna Google,5,2021-09-29 09:49:47,Membantu utk program diet.
Pengguna Google,5,2021-09-29 07:09:12,Aplikasi bagus. Aq bisa mengontrol kalori dn brat badanku. Trimakasih selebihnya biar bitang yg bicara👍👍👍
Pengguna Google,5,2021-09-29 06:06:26,Keren
Pengguna Google,5,2021-09-28 19:43:06,Bagus bgttt membatu sekali
Pengguna Google,5,2021-09-28 17:51:19,Terimakasih fatscret sangat bermanfaat menghitung kalori harianku
Pengguna Google,5,2021-09-28 10:05:13,Ook
Pengguna Google,5,2021-09-27 20:34:40,Mantabb
Pengguna Google,5,2021-09-27 20:04:57,Mantab
Pengguna Google,3,2021-09-27 17:18:37,Sangat memuaskan..sy suka aplikasi ini😘😘
Pengguna Google,5,2021-09-27 11:23:35,Program ini sangat bermanfaat untuk evaluasi pola makan
Pengguna Google,5,2021-09-27 09:51:32,Bermanfaat sekali&praktis
Pengguna Google,5,2021-09-27 08:42:07,Bisa menakar makanan yang sehat
Pengguna Google,5,2021-09-26 13:35:35,Ini sangat membantu sekali untuk saya yang ingin memulai hidup sehat bonus berat badan ikut turun ❤️
Pengguna Google,5,2021-09-26 12:23:44,Sangat membantu
Pengguna Google,5,2021-09-26 11:24:40,Membantu banget buat yg diet kalori
Pengguna Google,5,2021-09-25 20:43:22,suka
Pengguna Google,3,2021-09-25 14:26:15,Terbantu
Pengguna Google,5,2021-09-25 07:51:36,Seneng banget adanya fat secret diet nya jadi gak tersiksa luv... Luv... Tapi kadang ada kurang nya juga kadang ada makanan yang gak ada list nya di FS 😁
Pengguna Google,5,2021-09-25 04:39:48,Bagus banget aplikasinyaaa
Pengguna Google,5,2021-09-24 12:45:43,App yg gampang bgt di gunainnya
Pengguna Google,5,2021-09-23 16:23:20,Serasa terbantu sekali di dua hari ini😍😍😘😊
Pengguna Google,5,2021-09-23 07:44:34,Sangat membantu atur pola makan kita sesuai defisit kalori utk tubuh kita. ❤
Pengguna Google,5,2021-09-23 05:45:17,Mantap
Pengguna Google,5,2021-09-22 22:38:36,Bagus
Pengguna Google,5,2021-09-22 22:13:45,Aplikasi mantaaap
Pengguna Google,3,2021-09-22 22:07:08,"Setelah diupdate ke versi terakhir malah error ada notifikasi di atas layar... PEMADAMAN TAK TERENCANA terus, dan tidak bisa input semua jenis makanan apapun lagi... duhhh saya sangat kecewa setelah hampir 1 tahun penuh setia tanpa bolong input di FS 🙄😓 Mohon diperbaiki masalah ini. Thanks."
Pengguna Google,5,2021-09-22 21:46:02,Sukaaaaaaa
Pengguna Google,3,2021-09-22 21:39:49,"FS lg kenapa yahhh??? Ko tba2 ada pemadaman mendadak apalah apalah ga ngerti,,, gabisa input kalori nih T.T need help"
Pengguna Google,5,2021-09-22 21:24:36,Bagus dan sangat membantu dalam menjalankan diet.
Pengguna Google,1,2021-09-22 21:10:09,"Pemadaman lama, aplikasi ga bisa dipakai"
Pengguna Google,5,2021-09-22 20:08:59,good app for tracking calories
Pengguna Google,5,2021-09-22 19:44:05,sangat membantu
Pengguna Google,5,2021-09-22 18:13:25,Bagus
Pengguna Google,5,2021-09-22 08:40:10,Kerennnnn...
Pengguna Google,5,2021-09-21 04:07:51,Bagus
Pengguna Google,5,2021-09-20 15:02:56,"bagus, gak ada iklan"
Pengguna Google,5,2021-09-20 12:30:13,THANK YOU VERY MUCH FATSECRET !! You make my life feels better.Fatsceret bikin dietku happy & sehat.Dgn fatseceet aku bisa tau healthy lifestyle & kenal byk pejuang diet !! Reccomended bgt Salam Sehat 😘😍❤️
Pengguna Google,3,2021-09-20 08:55:16,Pokokknya aku sukaaaa
Pengguna Google,4,2021-09-20 06:46:38,Bagus aplikasinya
Pengguna Google,5,2021-09-19 18:18:37,"Keren banget, sangat membantu untuk yang sedang mengatur pola makannya"
Pengguna Google,5,2021-09-19 12:24:51,Seneng banget pake aplikasi ini...dan sangat membantu saya dalam program defisit kalori.dan ada buktinya
Pengguna Google,5,2021-09-19 10:47:43,Membntu saya untuk menghitung kalori harian
Pengguna Google,5,2021-09-19 09:20:25,Sangat membantu buat diet
Pengguna Google,5,2021-09-19 07:12:17,Alhamdulillah sangat membantu saya
Pengguna Google,5,2021-09-18 14:12:45,Naise
Pengguna Google,5,2021-09-18 05:40:49,Good
Pengguna Google,5,2021-09-18 04:47:17,terimakasih membantuku lebih sehat dan menuju bb yg aku impikan
Pengguna Google,5,2021-09-18 04:23:32,Alhamdullilah bb aku bisa turun 3kilo dalam 15 hari. Pake aplikasi ini tuh ngebantu banget buat ngontrol makanan yang kita makan tiap harinya memudahkan banget buat menghitung kalorinya🥰🥰🥰
Pengguna Google,5,2021-09-17 12:26:59,Trimakasih😍
Pengguna Google,5,2021-09-17 10:37:56,"Apk nya bagus banget, cocok untuk orang yang mau diet, kalian bisa tau berapa kalori perhari kalian makan, kalau kalian setiap hari ngehitung kalorinya, yang penting bagiku ini apk bagus banget!"
Pengguna Google,5,2021-09-17 08:27:24,Bermanfaat . Tambahin varian menu dong. Biar makin mantap hitungan nya
Pengguna Google,5,2021-09-17 07:25:47,Membantu banget buat yg mau sehat
Pengguna Google,5,2021-09-16 18:59:58,Kereeeeeeeeeennnn
Pengguna Google,5,2021-09-16 18:05:00,Keren banget gilaaa❤️❤️❤️
Pengguna Google,2,2021-09-16 12:57:15,Ini kenapa susah diinstall ya?
Pengguna Google,5,2021-09-16 03:31:12,Goof
Pengguna Google,4,2021-09-15 23:02:56,membantu mengontrol kalori makanan harian utk diet
Pengguna Google,5,2021-09-15 20:25:47,membantu sekali dalam program diet tanpa sakit dan tanpa kelaparan
Pengguna Google,5,2021-09-15 14:18:47,Aplikasinya sangat membantu
Pengguna Google,5,2021-09-15 10:04:03,"bagus kok! tpi kalo bisa di tambahin lagi ya list makanan nya yang biasanya udah jdi di olah , soalnya aku sedikit kesulitan klo misalnya lgi kebagian makanan yg udah diolah dan aku gatau bahan - bahan nya..pengen cari di fatsecret buah perkiraan kalori eh ga nemu"
Pengguna Google,5,2021-09-15 09:59:31,Keren
Pengguna Google,5,2021-09-15 05:17:09,Sangat membantu untuk menjaga pola makan. Mantap.. 👍👍👍
Pengguna Google,5,2021-09-13 19:04:05,"Ngebantu banget, aku bru ngerti cara pakenya selama ini kalo tueun ga pernah di catet😭"
Pengguna Google,5,2021-09-13 11:14:51,"Bagus, jadi bisa mudah menghitung kalori yg kita makan tiap harinya"
Pengguna Google,5,2021-09-13 08:37:18,bagus
Pengguna Google,5,2021-09-13 07:54:54,Sangat sangat puas dengan aplikasi ini 😊😊 berkat aplikasi ini saya boleh berhasil menurunkan berat badan 🥰🥰🥰
Pengguna Google,5,2021-09-13 05:49:56,Diet jadi lebih mudah dan menyenangkan
Pengguna Google,5,2021-09-12 21:39:50,Kerenn bgt aplikasi. Ny.. Sngat membantu bgt cara hitung kalori harian.ny.. Alhmdulilahh BB jg udh trun.. Suka bgt deh..
Pengguna Google,5,2021-09-12 08:30:11,Mantap untuk yg program diet..👍
Pengguna Google,5,2021-09-11 18:09:05,Ngebantu banget tracking kalori
Pengguna Google,5,2021-09-11 11:15:22,Bagus! Bantu banget buat diet!
Pengguna Google,5,2021-09-11 07:08:27,Kereeeeenn
Pengguna Google,5,2021-09-10 19:43:19,Bagus aplikasi nya Waktu belum kenal apk ini makan ku cuma sedikit tapi setelah tau apk ini makanku bisa banyak tanpa takut naik BB lagi
Pengguna Google,5,2021-09-10 14:02:09,"Menyenangkan mengatur jumlah asupan kalori, gizi, supaya badan tetap sehat dan bugar"
Pengguna Google,5,2021-09-10 07:44:30,Sangat membantu dalam program hidup sehat
Pengguna Google,5,2021-09-10 07:21:10,Membantu sekali
Pengguna Google,5,2021-09-10 07:03:20,Alhamdulillah bs bantu menghitung kalori makanan
Pengguna Google,5,2021-09-10 05:34:29,Baguss bgtt
Pengguna Google,5,2021-09-09 21:55:20,Belum detail banget tapi cukuplah..
Pengguna Google,5,2021-09-09 14:20:01,Oke sangat membantu
Pengguna Google,5,2021-09-09 09:55:47,App berguna sekali untuk orang yg pengen diet
Pengguna Google,5,2021-09-09 05:21:02,Bagus banget untuk program diet
Pengguna Google,5,2021-09-08 17:11:31,"Membantu saya diet, jadi bisa mengatur kalori yang masuk ke dalam tubuh juga"
Pengguna Google,5,2021-09-08 11:22:29,Bagus aplikasi ini membantu
Pengguna Google,5,2021-09-08 07:42:46,"Mempermudah menghitung kalori harian meskipun memakai ilmu kira2. Untuk pilihan menu, tolong ditingkatkan lagi yaa"
Pengguna Google,5,2021-09-07 22:11:24,Aku sangat suka
Pengguna Google,5,2021-09-07 17:25:15,Membantu sekali program dietku
Pengguna Google,5,2021-09-07 15:24:09,Ok
Pengguna Google,5,2021-09-07 11:36:53,"suka sangat membantu program diet saya....terima kasih,sya sdh trun 6kg"
Pengguna Google,5,2021-09-07 11:09:31,"Terimakasih, Sangat membantu pejuang kurus"
Pengguna Google,5,2021-09-07 10:44:18,Saya sangat puas dengan aplikasi ini membuat saya menjadi lebih baik lagi awalnya susah tapi kelamaan saya mengerti juga
Pengguna Google,5,2021-09-07 08:02:39,Membantu
Pengguna Google,5,2021-09-07 04:57:36,Membantu banget
Pengguna Google,5,2021-09-06 11:28:50,Membantu sekali untuk yang mau diet😍
Pengguna Google,5,2021-09-06 10:57:26,Asupan gizi dan makanan jadi lebih teratur
Pengguna Google,5,2021-09-05 22:49:13,Top bgt
Pengguna Google,5,2021-09-05 08:30:09,Good app....
Pengguna Google,5,2021-09-05 00:07:04,Sangat membantu
Pengguna Google,5,2021-09-04 20:22:36,Bagus
Pengguna Google,5,2021-09-04 20:03:56,I like it 👍
Pengguna Google,3,2021-09-04 16:37:40,sangat membantu untuk membatasi kalori makanan yg dikonsumsi
Pengguna Google,5,2021-09-04 15:57:34,Seneng temukan aplikasi ini.
Pengguna Google,5,2021-09-04 09:16:17,Mantap
Pengguna Google,5,2021-09-04 08:51:59,Sangat membantu program diet saya
Pengguna Google,5,2021-09-02 23:28:59,Aplikasi yang sangat bagus
Pengguna Google,5,2021-09-02 13:06:30,Mantaaaapp
Pengguna Google,4,2021-09-02 05:02:55,"Aplikasi sangat bagus untuk program diet,,,,cuma kalau bisa ditambahkan lagi donk daftar makanan untuk pencarian"
Pengguna Google,5,2021-09-02 04:29:07,Alhamdulillah memudahkan saya berdiet.
Pengguna Google,5,2021-09-01 18:51:15,"bagus banget aplikasinya, bisa mengontrol berapa jumlah kalori, proten, karbo yang aku makan sehari hari!!"
Pengguna Google,5,2021-09-01 13:45:59,Sangat membantu
Pengguna Google,5,2021-09-01 13:38:23,Lumayan.. Bisa monitoring asupan kalori..
Pengguna Google,5,2021-09-01 13:03:11,good 👍👍👍
Pengguna Google,5,2021-09-01 12:08:18,😊suka banget
Pengguna Google,5,2021-09-01 11:28:24,Aplikasi yang sangat membantu
Pengguna Google,5,2021-09-01 04:33:23,Good
Pengguna Google,2,2021-08-31 17:08:07,Benerin dong server nya sering banget eror fat secret skrang
Pengguna Google,5,2021-08-31 13:59:53,Mantap
Pengguna Google,5,2021-08-31 06:20:00,"Aplikasi yg sangat membantu, alhamdulillah konsisten hampir 8 bulan ini. Dah sudah turun 15++"
Pengguna Google,5,2021-08-30 19:19:51,Bagus bangeut no debat
Pengguna Google,5,2021-08-30 17:04:56,MAKASI DIET KU BERHASIL!!
Pengguna Google,5,2021-08-30 15:40:21,Membantu banget sih buat yg mau hiting kalori harian
Pengguna Google,5,2021-08-30 12:41:03,Berguna banget buat itung kalori pas defisit kalori
Pengguna Google,5,2021-08-30 11:54:29,Sangat membantu sekali
Pengguna Google,4,2021-08-29 23:39:58,Aku udah lama pake aflikasi ini.. Membantu buat jaga kalori yg masuk ketubuh
Pengguna Google,3,2021-08-29 18:53:34,"Saya kasih bintang 3 dulu ,soalnya bb saya belum mencapai sasaran saya,tpi Alhamdulillah sudah 1 kg setelah sekian lama ngestuck😭🖤"
Pengguna Google,5,2021-08-29 17:55:12,bagus bwnget
Pengguna Google,2,2021-08-29 17:33:47,Masih lihat ke depan nya nih
Pengguna Google,5,2021-08-29 13:05:11,Sangat membantu
Pengguna Google,5,2021-08-29 11:01:27,Mantap sangat membantu
Pengguna Google,5,2021-08-29 09:10:08,Ok
Pengguna Google,5,2021-08-29 08:12:25,Bnr2 membantu sy turun 3 kg dlm sebulan.. dan memaintain berat badan sy..
Pengguna Google,5,2021-08-29 07:36:37,"Berat awal 121, setelah 2 bulan 107"
Pengguna Google,4,2021-08-28 19:05:38,Sangat membantu q 😍
Pengguna Google,5,2021-08-28 13:28:22,Makasih
Pengguna Google,5,2021-08-27 20:07:56,♡
Pengguna Google,5,2021-08-27 19:55:42,Nice
Pengguna Google,5,2021-08-27 14:35:07,Mudah dipahami
Pengguna Google,5,2021-08-26 09:11:40,Sangat bermanfaat
Pengguna Google,5,2021-08-26 08:28:11,Mantap
Pengguna Google,5,2021-08-25 10:12:31,Sangat membantu
Pengguna Google,4,2021-08-25 05:55:57,bagus bisa ngebantu defisit kalori tapi masih banyak yg kurang lengkap semoga kedepan nya makin bagus aplikasi nya
Pengguna Google,5,2021-08-24 08:30:12,Seneng banget bisa menghitung kalori harian. Ada target yang harus dicapai juga.
Pengguna Google,5,2021-08-24 04:36:08,bagus bgt buat kalori defisit
Pengguna Google,5,2021-08-23 19:01:37,membuat lebih disiplin .
Pengguna Google,5,2021-08-23 14:59:54,Bagus membatu sekali
Pengguna Google,4,2021-08-23 09:53:21,Kadang suka loading padahal sinyal bagus
Pengguna Google,5,2021-08-23 06:10:41,"Ok bnget membantu saya mengontrol kalori membantu saya Sejauh ini sudah turun 4,1kg dgn fatsecret❤😘"
Pengguna Google,5,2021-08-23 06:09:15,Luar biasa
Pengguna Google,5,2021-08-23 05:57:59,Good
Pengguna Google,5,2021-08-21 20:49:10,Sangat membantu
Pengguna Google,5,2021-08-21 07:50:03,The best walau cuma kebagian akun gratis..
Pengguna Google,5,2021-08-21 07:29:03,❤️❤️❤️❤️
Pengguna Google,5,2021-08-20 21:32:16,Makasih sudah menemani hari2 dietku
Pengguna Google,5,2021-08-20 18:53:02,Membantu banget..makan apapun jadi terkontrol... terimakasih fat secret
Pengguna Google,5,2021-08-20 12:18:22,Loveeeeeer
Pengguna Google,5,2021-08-20 08:27:02,Excellent app !
Pengguna Google,5,2021-08-19 17:13:08,"Bagus sekali apl ini, sangat membantu saya dlm mengatur pola makan. Makasih ya ..."
Pengguna Google,5,2021-08-19 11:57:57,Bagus cukup membantu
Pengguna Google,5,2021-08-19 05:01:15,"Alhamdulillah, BB naik dalam seminggu. Sangat membantu dalam menaikkan berat badan dan membantu buat saya agar konsisten menaikkan berat badan 🥳"
Pengguna Google,5,2021-08-18 21:26:45,Oyi
Pengguna Google,5,2021-08-18 15:36:25,Bagus
Pengguna Google,3,2021-08-18 11:54:46,"Salah pendataan jenis makanan, dan setelah disimpan tidak bisa dihapus/diubah (UX nya bikin bingung untuk pengguna baru). Mau lanjut tapi udah salah data dari awal jadi ragu. Gimana cara hapus atau ubah makanan yang dimakan"
Pengguna Google,5,2021-08-18 09:08:48,Good banget aplikasi ini. Membantuu
Pengguna Google,5,2021-08-18 07:29:13,"Makasih banget far secret, dia bantu aku dari 100kg sekarang udah di 66kg, target 57. Bismillah"
Pengguna Google,5,2021-08-17 18:55:42,Sangat Membantu diet 👍
Pengguna Google,5,2021-08-17 16:23:25,Good and i like it
Pengguna Google,5,2021-08-17 16:09:51,Bagus. Sangat membantu diet saya
Pengguna Google,5,2021-08-16 13:46:05,Sangat rekomended
Pengguna Google,5,2021-08-16 06:50:52,Turun 6.4kg 2 bulan
Pengguna Google,5,2021-08-15 23:07:46,sgt mmbntu
Pengguna Google,5,2021-08-15 21:13:27,Mantap
Pengguna Google,5,2021-08-15 20:40:32,Membantu sekali bagi saya menjaga apa yang masuk di tubuh. Dah turun 20 kg. Terima kasih ya.
Pengguna Google,5,2021-08-15 12:20:53,"Aplikasi nya bagus bgt, ngebantu hitung kkal perharinya. Jadinya diet dgn produktif. NICEE"
Pengguna Google,5,2021-08-14 17:52:22,"Baru tahu ada aplikasi ini, sangat membantu..👍👍"
Pengguna Google,5,2021-08-14 09:53:32,"Goodd banget pokoknya aplikasi nya, pertahankan"
Pengguna Google,5,2021-08-14 08:38:17,Bagus 👍
Pengguna Google,5,2021-08-13 20:16:56,Sangat terbantu
Pengguna Google,5,2021-08-13 14:35:08,Mantab
Pengguna Google,5,2021-08-13 05:59:34,Membantu sekali...
Pengguna Google,4,2021-08-12 17:14:57,Oke bgt
Pengguna Google,2,2021-08-12 13:59:52,"Halo, mohon bantuannya. saya kok gabisa ya buat akun. selalu ada kata 'tidak dapat menyimpan. silahkan coba lagi nanti'. tapi setiap saya coba selang beberapa jam gabisa terus, begitu lagi. kenapa ya?"
Pengguna Google,5,2021-08-12 13:42:46,Aplikasi milenial
Pengguna Google,5,2021-08-11 08:49:54,Sangat sangat membantu
Pengguna Google,5,2021-08-10 17:14:55,Aplikasi membantu saya diet masyaAllah terbantu sekali buat defisit kalori
Pengguna Google,5,2021-08-10 08:00:23,"(12 Feb 2021) Mantap, aplikasi ini sangat membantu saya untuk mengatur berat badan saya (10 Agu 2021) Penempatan fitur semakin baik, jadi semakin praktis, masih saya kasih bintang 5"
Pengguna Google,4,2021-08-09 16:28:40,Bagus
Pengguna Google,5,2021-08-09 15:24:54,Sangat membantu untuk merencanakan lose kalori dan dpt membantu mengatur pola makan sesuai kebutuhan kalori setiap hari..
Pengguna Google,1,2021-08-09 11:41:36,Mengapa eror ya mau melakukan pembayaran lewat shopepay
Pengguna Google,4,2021-08-09 09:44:42,Penunjuk
Pengguna Google,5,2021-08-09 09:06:03,Tambah pengetahuan
Pengguna Google,5,2021-08-09 08:51:19,Thanks fat secret membantu diett banget ga ribet juga aplikasinya
Pengguna Google,5,2021-08-09 08:04:06,"Suporter saat diet, jadi lebih semangat"
Pengguna Google,5,2021-08-09 07:41:04,"Bagus👍🏻👍🏻sangat bermanfaat, semangaat menjalani diet"
Pengguna Google,4,2021-08-08 20:23:12,"Mudah2an kedepannya bisa menambahkan menu2 yg lengkap kalorinya, seperti kripik,krupuk,gorengan,"
Pengguna Google,5,2021-08-08 10:26:09,"Mantap laah, bikin diet sukses! Jadi lebih sadar kalo apa yang kita makan itu bisa jadi teman atau lawan 🤗🤗🤗 Thank you fat secret! Note: Could you please add how to count nutrition facts for foods, especially for indonesian foods, coz sometimes it's hard to find it by my self although I already search for it on google.. 😅"
Pengguna Google,4,2021-08-07 15:56:30,Sangat bagus
Pengguna Google,5,2021-08-07 07:41:22,"Bagus,,"
Pengguna Google,5,2021-08-06 12:35:51,"Terimakasih telah menciptakan aplikasi ini, sangat membantu. Semoga semakin diperbanyak jenis makanannya."
Pengguna Google,5,2021-08-06 12:19:47,Best app!!! User friendly banget! Gampang dipakenya&daftarnya lumayan lengkap. Good job FatSecret team👍
Pengguna Google,5,2021-08-06 08:22:37,Membantu sekali dalam diet ku
Pengguna Google,4,2021-08-05 11:02:26,Mantap
Pengguna Google,5,2021-08-05 07:54:14,"ngebantu bgt buat ngitung kalori harian aku, yg lg diet harus wajib pake ini dan selalu optimis berdoa terus sm Allah biar dikasih kurus❤️"
Pengguna Google,5,2021-08-05 05:13:56,Membantu dalam hitungan kalori
Pengguna Google,5,2021-08-04 16:15:21,"Sangat membantu dan bermanfaat, semoga semakin banyak orang terbantu dengan aplikasi ini"
Pengguna Google,5,2021-08-03 22:30:47,Sangat membantu utk diet
Pengguna Google,5,2021-08-03 16:07:06,Kereen bangeetttt.... aku suka dg aplikasi ini
Pengguna Google,5,2021-08-03 07:44:31,Sungguh saat bermanfaat dalam menghitung kalori harian
Pengguna Google,5,2021-08-02 22:40:23,Sangant bermanfaat buat saya
Pengguna Google,3,2021-08-02 07:23:03,Fs hari ini sedang error kah?
Pengguna Google,4,2021-08-01 21:26:48,Ko sercing g kluar2 ya ka hitungan kalorinya
Pengguna Google,5,2021-08-01 16:22:31,Sangat terbantu dalam program diet karena aplikasi ini...
Pengguna Google,5,2021-08-01 09:14:15,The best apps untuk hitung jumlah kalori makananku ❤❤❤❤❤
Pengguna Google,5,2021-08-01 07:00:24,"Manthabbbbb.... Mungkin usul saja, variasi contoh makanan terus diperbanyak"
Pengguna Google,5,2021-08-01 06:56:32,Bagus sangat membantu sekali
Pengguna Google,5,2021-07-31 18:09:33,Sangat membantu n memotifasi untuk program hidup sehat n perdietan💪
Pengguna Google,4,2021-07-31 09:04:56,"Bagus sekali apl nya, membantu mengatur makro dan kalori makanan kita saat diet 👍👍"
Pengguna Google,5,2021-07-31 08:25:46,Bgussss bantu diet
Pengguna Google,3,2021-07-30 19:06:55,Nyao lah teu ngarti cara make na
Pengguna Google,5,2021-07-30 18:59:26,Membantu banget buat diet defisit kalori yg lg di jalanin.. jd seperti pengingat untuk stop makan dan membatasi kalori yg masuk..
Pengguna Google,5,2021-07-30 17:20:48,Ok
Pengguna Google,5,2021-07-30 08:00:47,Apps bagus. Sangat membantu untuk mengontrol kalori harian
Pengguna Google,5,2021-07-30 06:33:19,Sangat membantu buat kita² yg mau diet dan menghitung kalori
Pengguna Google,4,2021-07-29 19:30:10,WOYYY GUE BANTAIII LU KON. TOLLL
Pengguna Google,5,2021-07-29 17:17:39,"Baguss banget, dan bermanfaat skg jd tau ngatur porsi makan, dannn berhasil turun.."
Pengguna Google,4,2021-07-29 12:18:44,mohon untuk daftar makanan lebih lengkap lagi..
Pengguna Google,5,2021-07-28 10:19:41,Sangat membantu menjaga pola makan dan menghitung kebutuhan kalori
Pengguna Google,5,2021-07-28 10:18:12,Jos
Pengguna Google,4,2021-07-28 05:58:59,Dengan fat screet membantu banget mengontrol pola makan saya
Pengguna Google,5,2021-07-27 13:05:21,The best 💜💜💜😍
Pengguna Google,5,2021-07-26 12:34:33,Mempermudah mengatur pola makan sehat
Pengguna Google,5,2021-07-26 08:18:17,"Aplikasinya kerenn bangett, begitu dicari jenis makanan nya langsung keluar info kalori beserta makronutrien nya. Cocok banget buat yg lg pengen nurunin berat badan, defisit kalori, naikin berat badan, atau sekedar pengen tau jumlah kalori yg dikonsumsi perhari nya."
Pengguna Google,5,2021-07-26 08:09:36,"Alhamdulillah sampai saat ni berhasil diet kalori, udah turun 6,6. Walaupun slow yang penting happy dan bertahan lama. Semoga yang berjuang tetap semangat ya, Istiqomah hidup sehat."
Pengguna Google,5,2021-07-25 19:53:42,"Sangat membantu sih dlam menjaga pola makan,keren👍"
Pengguna Google,2,2021-07-25 10:57:55,Sayangnya tidak bisa offline hehehehehe
Pengguna Google,5,2021-07-25 09:17:07,Aplikasi Bagus
Pengguna Google,5,2021-07-24 16:26:00,"Aplikasi ini sangat membantu untuk menghitung jumlah kalori yang dimakan untuk harian, walaupun sampai saat ini saya belum kurus juga tapi ini membantu saya untuk menakar makanan dan minuman yang seharusnya saya konsumsi agar tidak berlebihan seperti yang udah-udah.."
Pengguna Google,5,2021-07-24 16:16:43,mantap
Pengguna Google,5,2021-07-24 14:29:24,Bagus
Pengguna Google,5,2021-07-24 06:02:35,Sangat membantu dalam pemilihan makanan dn menghitung kalori
Pengguna Google,5,2021-07-22 06:26:44,Aplikasi ini rekomended bgt buat yg mau diett. ...
Pengguna Google,5,2021-07-22 00:01:46,"Sangat membantu. Tolong di banyakin bumbu"" dapurnya lagi yah."
Pengguna Google,2,2021-07-21 14:49:30,Ko saya ga bisa menambah menu makanan?
Pengguna Google,5,2021-07-21 12:50:47,Ok sip
Pengguna Google,5,2021-07-21 09:51:29,"Aplikasinya bagus banget , saya turun 5kg. Semoga saya segera ke BB ideal 50 kg amin🙏🏻"
Pengguna Google,5,2021-07-21 08:02:54,Ngebantu banget dan bikin semangat hidup sehat dan program penurunan berat badan 👍👍
Pengguna Google,5,2021-07-21 07:15:12,"Sangat membantu untuk mengetahui kecukupan kalori dan gizi sehari-hari. Selain buat program diet, apk ini juga bisa membantu kita memperbaiki pola makan agar lebih sehat dan sesuai dengan gizi perhari. Highly recommend"
Pengguna Google,5,2021-07-20 10:17:32,Bagussss jadi semangat mengatur pola makan
Pengguna Google,5,2021-07-20 05:21:16,Sangat membantu
Pengguna Google,5,2021-07-19 14:29:37,Bagus buat kontrol berat badan
Pengguna Google,4,2021-07-19 14:21:52,Bagaimana cara menggunakan aplikasainya
Pengguna Google,5,2021-07-19 08:12:32,"Aplikasi yg sangat bermanfaat untuk diet, sehingga kita bisa tahu asupan kalori yg masuk"
Pengguna Google,5,2021-07-18 19:20:32,Sangat membatu diet pemula
Pengguna Google,1,2021-07-18 13:34:12,Susah nyari
Pengguna Google,5,2021-07-18 02:13:58,"Terimakasih, saya menemukan aplikasi yg top markotop, yg pas dan cocok buat program diet saya"
Pengguna Google,5,2021-07-17 15:08:13,Bagus sangat membantu untuk menghitung kalori
Pengguna Google,5,2021-07-17 08:55:35,Ngebantu bgt makasih yaaaa fat secret aku jadi berhasil diett
Pengguna Google,5,2021-07-17 04:22:12,Alhamdulillah sangat membntu dalam mengatur pola makan sehingga proses diet sangat nyaman
Pengguna Google,5,2021-07-17 00:04:24,Bermanfaat
Pengguna Google,3,2021-07-16 17:20:25,Please add mi fit in apps and devices
Pengguna Google,5,2021-07-15 17:46:47,Aplikasi yang sangat membantu untuk yang lagi progam diet
Pengguna Google,5,2021-07-15 07:22:06,Apk bagus banget ini...syukaaakkk
Pengguna Google,5,2021-07-14 20:34:11,Aplikasi yg sangat membantu buat program diet saya..jd lebih berhati2 dalam menambh kalori perharinya..krn langsung bs ngitung brp banyak kalori yg masuk ke tubuh kita..
Pengguna Google,5,2021-07-14 19:02:26,Sangat membantu
Pengguna Google,5,2021-07-14 18:18:58,"Keren lah aplikasi yang bisa membantu orang yang ingin diet tapi bokek, tapi saran saya kalau ditambah fitur scan foto makanan bakalan lebih sipp"
Pengguna Google,5,2021-07-14 16:34:24,Sangat recomend untuk yang mau defisit kalori
Pengguna Google,5,2021-07-14 15:33:23,Yang nyiptain aplikasi ini makasih yaa aku berhasil turun 6 kg makasih banget. Aplikasinya toppp
Pengguna Google,5,2021-07-14 11:05:51,Bagus bnget apk nya..aku jadi bisa kontrol bb ku sama mikronutrien dlm tubuh.Recommended bnget
Pengguna Google,5,2021-07-14 08:07:10,Bagus
Pengguna Google,5,2021-07-13 23:09:33,Sangat membantu dalam program diet
Pengguna Google,5,2021-07-13 21:20:39,Aplikasinya mantap
Pengguna Google,5,2021-07-13 19:05:35,Suka banget❤️
Pengguna Google,5,2021-07-13 14:58:30,Love semoga makin banyak lagi yang terbaru seperti penghitung kalori lemak dan penurunan BB kalkulator otomatis
Pengguna Google,5,2021-07-13 06:08:16,membantu mengira2 kalori yg masuj
Pengguna Google,5,2021-07-12 20:45:30,"Bagus banget, bisa jadi jurnal itung kalori yang kita makan sehari-hari terutama yang sedang program fatloss, atau bulking. Nilai plus: -Bisa ditambah makanan yang belum terdaftar -Bisa mengedit info gizi jika tidak sesuai (update) -Bisa diatur jumlah kalori yang akan kita konsumsi beserta presentase makronutriennya -Bisa posting foto, jurnal, dan berinteraksi dengan pengguna lain -Pengguna makin pintar, bisa mengotak-atik rencana makan agar sesuai target yang sudah direncanakan."
Pengguna Google,5,2021-07-12 19:29:46,Puas
Pengguna Google,5,2021-07-12 14:03:32,Sangat membantu. App 👍
Pengguna Google,5,2021-07-12 13:47:55,Goks.
Pengguna Google,5,2021-07-12 12:21:30,Ok
Pengguna Google,5,2021-07-12 10:58:39,Membantu sekali menimbang ken. Kal tubuh
Pengguna Google,5,2021-07-12 06:35:43,Love bgt kalo masalah hitung kalori pas makan!
Pengguna Google,3,2021-07-11 21:17:32,"Terbantu sih, tapi kadang makanan yang kita mau tambahkan terkadang tidak ada dan pilihan makanan yang kita ketikkan juga susah untuk dicari. Di daftar makanan tidak disebutkan secara rinci apa saja isi makanan tersebut dan kalau bisa di tiap pilihan makanan ditambahkan foto agar lebih meyakinkan kecocokan makanan yang kita cari dan informasi gizinya. Terimakasih."
Pengguna Google,5,2021-07-11 18:09:28,"Sangat berguna, praktis"
Pengguna Google,5,2021-07-11 17:44:14,mohon di tingkatkan informasi makanan utk nilai GI nya
Pengguna Google,5,2021-07-11 17:11:50,Okeee
Pengguna Google,5,2021-07-11 15:44:31,Kerennn banget
Pengguna Google,5,2021-07-11 13:00:01,Jadi terbantu sekaliiiiiiii
Pengguna Google,5,2021-07-11 09:14:05,Good
Pengguna Google,5,2021-07-10 18:02:50,Sangat berguna untuk menghitung kalori makanan yang kita makan
Pengguna Google,5,2021-07-10 14:56:34,Sangat membantu menjalanka defisit kalori
Pengguna Google,4,2021-07-10 07:12:33,Keren
Pengguna Google,5,2021-07-10 00:41:31,Sip gan
Pengguna Google,4,2021-07-09 16:33:47,Bagus banget tapi kadang lelet juga😁
Pengguna Google,5,2021-07-09 11:04:36,Sangat membantu
Pengguna Google,5,2021-07-09 09:04:18,Luar biasa
Pengguna Google,5,2021-07-08 19:38:57,Keren
Pengguna Google,5,2021-07-08 18:09:24,Recommended
Pengguna Google,5,2021-07-08 16:18:49,👍
Pengguna Google,5,2021-07-08 11:15:57,Sangat membantu dlm difisit kalori
Pengguna Google,5,2021-07-08 10:51:16,Sangat membantu diet saya
Pengguna Google,5,2021-07-08 09:25:20,Sangat membantu🥰🥰🥰🥰
Pengguna Google,5,2021-07-08 09:18:21,Sangat terbantu dalam proses diet.
Pengguna Google,5,2021-07-07 10:53:14,App yg recommended bgt buat ngitung kalori.. Thx fat secret 👍🏻
Pengguna Google,5,2021-07-07 07:22:16,Mantappp. Mengontrol diet harianku. Luvv dehhh pokoknya sma fat secret 😂
Pengguna Google,5,2021-07-06 12:46:16,Thank u verry much
Pengguna Google,5,2021-07-06 12:34:17,Lengkap
Pengguna Google,5,2021-07-06 05:59:01,"Aplikasinya bagus banget, bisa membantu kita, mengukur kalori yang masuk"
Pengguna Google,5,2021-07-06 05:56:49,Bagus
Pengguna Google,5,2021-07-06 05:17:20,Mrmbantu untuk selalu konsisten dalam diet
Pengguna Google,5,2021-07-05 19:28:12,Sangat membantu untuk saya
Pengguna Google,5,2021-07-05 18:15:41,Sangat membantu untuk menghitung kalori makanan
Pengguna Google,4,2021-07-05 18:01:10,"Bagus , bisa control kalori yang masuk setiap hari jadi tidak kelebihan dan bisa stop makan kalau hampir melampaui bmr"
Pengguna Google,5,2021-07-05 14:57:40,Bagus dan mendukung pola hidup sehat
Pengguna Google,4,2021-07-05 11:03:25,😆😆😆😇😇😉😉😉😉😉😉😉
Pengguna Google,5,2021-07-05 05:35:38,saya suka banget
Pengguna Google,5,2021-07-05 03:29:12,Semenjak download fatscret.sngat membantu sekali dlm mnghitung kalori makanan..jd qt bisa mengatur pola makan qt...semoga kedepanx smkin canggih..amiinn.
Pengguna Google,5,2021-07-04 11:27:52,"Terima kasih, aplikasi yang sangat membantu 🙏💕"
Pengguna Google,5,2021-07-04 09:50:12,Keren
Pengguna Google,5,2021-07-04 04:40:26,"Bermanfaat, mantap.... Beneran jadi ngatur jumlah kalori yg d konsumsi tiap hari, dan rajin olahraga buat bakar kalori nya, jadi berat badan beneran turun.. tambah semangat utk hidup sehat"
Pengguna Google,5,2021-07-03 06:32:22,Sangat membantu
Pengguna Google,5,2021-07-03 04:46:56,Memudahkan dlm proses diet
Pengguna Google,5,2021-07-02 19:39:36,Baguss dan membantu bngt. Selain cttn makanan sama aktivitas jga ada sharing dri temen2 soal resep makan sama tips. Suka bgt.
Pengguna Google,5,2021-07-02 14:13:29,"Bagus sih, ngebantu banget buat kontrol makan. Hanya ada beberapa makanan yg blm ada di dalamnya. Tinggal kita yang harus konsisten."
Pengguna Google,5,2021-07-01 20:28:23,"Bagussss banget aplikasinya kalian harus coba untuk yang mau mulai program diet, untuk menghitung kalori/ nutrisi yang masuk ke tubuh kita Bisa minghitung keluar masuk kalori 👍👍👍👍👍"
Pengguna Google,5,2021-07-01 11:54:52,"Bagus, lengkap, smart app lah pokoknya"
Pengguna Google,5,2021-07-01 09:13:42,Sangat membantu
Pengguna Google,5,2021-07-01 09:11:52,Alhmadulilah bisa membantu mengontrol kalori makanan
Pengguna Google,5,2021-07-01 08:07:57,Bagus banget dan berguna sekali
Pengguna Google,5,2021-06-30 21:49:02,Ok
Pengguna Google,5,2021-06-30 14:01:45,"Jadi bisa ngontrol makan, dan jadi sehat..❤❤"
Pengguna Google,5,2021-06-30 10:15:56,Gokil
Pengguna Google,5,2021-06-30 09:37:33,SANGAT MEMBANTU
Pengguna Google,5,2021-06-30 08:57:12,Sangat membantu menghitung kalori dan progres penurunan bb
Pengguna Google,5,2021-06-30 06:57:15,Jadi bisa hitung asupan kalori walaupun makanan yang di masukin kadang blom ada tapi sampai saat ini terbantu sekali
Pengguna Google,5,2021-06-30 06:25:58,Mantep bgt nih
Pengguna Google,5,2021-06-30 04:22:46,"Dengan fat secret, kita dapat mengontrol kalori makanan yang kita makan. Dan adanya komunitas pengguna fat secret membuat kita bisa belajar dari pengalaman pengguna lain. Saran sy, lengkapi lagi data kalori jenis makanannya. Terima kasih"
Pengguna Google,5,2021-06-29 19:38:05,Bs ngerem makanan dan bs tau jumlah kalori
Pengguna Google,5,2021-06-29 14:36:03,Good
Pengguna Google,5,2021-06-29 08:53:12,Anjay
Pengguna Google,5,2021-06-29 08:20:45,Dengan memperhatikan pola makan dan defisit kalori yakin dan percaya berat badan pasti akan turun
Pengguna Google,5,2021-06-29 08:03:49,Sangat sangat membantu program diet saya. Ah terima kasih..❤️
Pengguna Google,5,2021-06-29 04:32:30,"Sangat membantu, thank you"
Pengguna Google,5,2021-06-28 22:29:45,👍
Pengguna Google,5,2021-06-28 16:04:02,Tolong developer buat menu bisa block orang2 akhir akhir ini banyak toxic people di fatsecret.. Saya merasa sangat2 terganggu... Selalu muncul di semua comment2 disini niat saya mw liat tips diet kok jatuhnya harus jadi liat orang2 saling menjatuhkan dan membully tolong ya.. Fitur block orang segera ada
Pengguna Google,5,2021-06-28 12:37:39,Aplikasi ini membantu kita menghitung kalori makanan yg masuk dlm tubuh kita.. dgn rajin mengisi dan olahraga. Berat badan ideal dpt tercapai
Pengguna Google,5,2021-06-28 10:47:04,Mantap bgt. Membantu dalam proses diet dan defisit kalori hidup sehat.
Pengguna Google,4,2021-06-28 10:19:14,Sangat bermanfaat..jadi mengetahui jumlah kalori yg dibutuhkan tubuh
Pengguna Google,5,2021-06-28 06:43:50,"Good, helpfull"
Pengguna Google,5,2021-06-28 06:17:20,"Sangat membantu sekali, alhamdulilah bb turun dikit2"
Pengguna Google,5,2021-06-27 07:22:45,"Suka banget sama aplikasi ini, sangat membantu program dietku. Cara pengoprasian juga sangat mudah."
Pengguna Google,5,2021-06-26 17:39:03,Good
Pengguna Google,2,2021-06-26 15:51:38,"Anjrot gbsa masuk karna salah sandi google mulu,padahal sandinya bener aneh bngt"
Pengguna Google,5,2021-06-26 10:30:02,sangat membantu . daftar makanannya juga lengkap untuk makanan sehari hari. sejauh ini udah turun bb nya. terimakasih lebih ditingkatkan lagi yag
Pengguna Google,5,2021-06-25 08:18:17,Alhamdulilah
Pengguna Google,5,2021-06-24 11:48:57,Nice.. sangat membantu!
Pengguna Google,5,2021-06-24 05:56:07,Sangat membantu program diet gak takut kelaparan
Pengguna Google,5,2021-06-23 22:40:28,Best
Pengguna Google,5,2021-06-23 21:53:42,Ok bgt
Pengguna Google,5,2021-06-23 17:14:08,sangat sangat membantu
Pengguna Google,2,2021-06-23 11:00:26,kok sekarang fat secret eror si?! jadi nya bisa ngitung kalori!! gimana ini!!
Pengguna Google,5,2021-06-23 09:37:10,Sangat membantu dalam program dietq..tolong lebih banyak lagi jenis makanan yg bisa di search ya..maksih
Pengguna Google,5,2021-06-23 06:07:15,Sangat bagus cuma menu makanannya kurang banyak lagi
Pengguna Google,5,2021-06-23 05:08:14,sangat membantu
Pengguna Google,5,2021-06-22 15:12:49,Sangat baguuus
Pengguna Google,5,2021-06-22 11:37:46,Apk ini sayangat membantu sekali untuk kita yang sedang Diet.
Pengguna Google,5,2021-06-22 11:06:59,Berat badan sudah mulai turun dibantu olga rutin jalan pagi 45 menit
Pengguna Google,5,2021-06-22 10:34:04,Bisa lebih disiplin makan nya
Pengguna Google,5,2021-06-21 22:26:20,🤪
Pengguna Google,5,2021-06-21 18:38:45,Membantu sekali program dietku...
Pengguna Google,5,2021-06-21 18:00:54,Dari 45 semoga bisa ke 60
Pengguna Google,5,2021-06-21 14:47:12,Good
Pengguna Google,4,2021-06-21 10:30:26,Good
Pengguna Google,5,2021-06-21 09:01:34,"Sangat membantu progam diet, mantapp👍"
Pengguna Google,5,2021-06-21 06:53:52,Dapat membantu menurunkan berat badan dengan cara yang paling bagus
Pengguna Google,5,2021-06-20 17:42:08,Semoga pilihan menu makanannya tambah banyak lagi
Pengguna Google,5,2021-06-20 16:28:39,"Aku kurus dan pengen gemuk:),makanya ke apk ini"
Pengguna Google,5,2021-06-20 14:22:07,Terimakasih telah membantu diet ku~ Skrg aku lebih pede bertemu mas crush wkwk
Pengguna Google,5,2021-06-20 10:15:30,"Aplikas bagus bangat sih aku pake aplikasi ini dalam 2 minggu turun 1,8 kilo bgus"
Pengguna Google,5,2021-06-20 09:13:07,Sangat membantu
Pengguna Google,5,2021-06-20 07:05:10,Supeeeer bermanfaat 🥰
Pengguna Google,4,2021-06-20 06:01:24,Like like
Pengguna Google,5,2021-06-19 21:10:49,Good
Pengguna Google,5,2021-06-19 17:35:52,"Sangat terbantu sekali untuk cek kalori, tp masih banyak menu yg belum ada. Semoga kedepannya bisa lebih banyak menu lagi yg diinput💞💞💞 karena fatsecret saya udah lost 9kg dalam 2 bulan😘 thanks fatsecret"
Pengguna Google,5,2021-06-19 15:38:06,Keren bangett
Pengguna Google,5,2021-06-19 07:57:13,"Aplikasi yg bermanfaat. Sangat membantu bagi saya yg ingin menjaga asupan kalori harian. Saran kedepannya lebih diperlengkap jenis² makanan beserta kandungan kalori/zat gizinya, dan jenis² latihan/exercisesnya agar lebih lengkap."
Pengguna Google,5,2021-06-19 05:36:53,Sangat terbantu. Terimakasih
Pengguna Google,5,2021-06-19 05:07:49,Terimakasih banyak buat fatsecret krn membantu aku jadi turun berat badan dan jadi sehat.. Karena bisa dengan mudah kontrol kalori harian aku....
Pengguna Google,5,2021-06-19 03:51:37,Cuma mau bilang terimakasih uda nyiptain apk ini :)
Pengguna Google,5,2021-06-18 16:22:03,"sangat bagus, ngga ribet make aplikasinya"
Pengguna Google,5,2021-06-18 12:41:47,Bagus untuk defisit kalori
Pengguna Google,5,2021-06-17 19:41:00,Sangat bermanfaat untuk mengatur pola hidup sehat
Pengguna Google,4,2021-06-17 18:58:54,Sangat membantu saya kasih bintang 5 jika menu makanan di tambah lagi
Pengguna Google,5,2021-06-17 18:50:30,Sangat Membantu
Pengguna Google,5,2021-06-17 10:37:49,Sangatt membantu. Untuk mengontrol makan.
Pengguna Google,5,2021-06-17 08:03:19,"Terimakasih fat secret, sudah membantu dietku"
Pengguna Google,5,2021-06-17 07:44:05,"Sangat membantu utk mengontrol bb, hanya makanan tidak lengkap"
Pengguna Google,5,2021-06-17 07:33:19,Aplikasinya berguna untuk patokan defisit kalori
Pengguna Google,5,2021-06-16 09:58:09,"Masih mencoba,,semoga membantu.."
Pengguna Google,5,2021-06-16 08:28:48,"Nice apps, belom sebulan udh turun 4kiloan, plus olahraga tapi"
Pengguna Google,5,2021-06-16 07:49:15,"Nice app, thanks"
Pengguna Google,5,2021-06-16 06:15:49,Aplikasinya sangat membantu ☺ aku jadi nggak takut makan selama diet 😁 Semakin semangat buat diet 😁
Pengguna Google,5,2021-06-16 04:20:24,Aplikasi yg sangat bermanfaat
Pengguna Google,5,2021-06-15 19:00:37,"Luar biasa , useful sekali aplikasi ini ,saya turun 2 kilo dalam 2 minggu"
Pengguna Google,5,2021-06-15 18:51:48,Terima kasih fatsecrt... Rakusku terkontrol olehmu...
Pengguna Google,5,2021-06-15 17:48:29,Keren
Pengguna Google,2,2021-06-15 10:17:51,Ga asik
Pengguna Google,4,2021-06-15 08:46:33,Ok
Pengguna Google,5,2021-06-15 04:00:07,"Lumayan membantu,hanya saja ada beberapa makanan yg tidak ada,jadi bingung dengan kalorinya"
Pengguna Google,5,2021-06-14 15:47:28,Bagus
Pengguna Google,5,2021-06-14 08:17:48,Membantu sekali...
Pengguna Google,5,2021-06-14 07:33:23,"alhamdulillah mau 2bulan pake aplikasi ini, terbukti sudah turun BB ku.. terimakasih FS"
Pengguna Google,5,2021-06-14 06:52:01,Sangat terbantu dalam mengatur pola makan
Pengguna Google,4,2021-06-14 05:24:55,Alhamdulillah aplikasi nya bagus sekali sangat membantu
Pengguna Google,5,2021-06-14 03:47:08,Sangat bermanfaat untuk menurunkan berat badan
Pengguna Google,5,2021-06-13 21:41:57,Lumanyan membantu
Pengguna Google,5,2021-06-13 17:01:15,"Terbantu sekali dengan Aplikasi ini, gak ribet penggunaan nya, hasil sangat detail..semoga target tercapai...Terima Lasih Fat Secret...👍👍👍"
Pengguna Google,5,2021-06-13 11:39:00,Debest 💜
Pengguna Google,5,2021-06-13 09:04:03,"Bagus, lebih bagus lagi bila info kalori aneka makanan rumahan (masakan jawa) jg tersedia lengkap👍"
Pengguna Google,5,2021-06-13 04:23:23,Sangat membantu untuk program diet 👍👍👍
Pengguna Google,4,2021-06-12 20:57:35,Sangat membantu👍
Pengguna Google,5,2021-06-12 20:40:39,klo bisa tambah foto setiap porsi atau gramnya ..
Pengguna Google,5,2021-06-12 19:06:08,Bagus
Pengguna Google,4,2021-06-12 15:42:24,❤️
Pengguna Google,5,2021-06-12 08:42:59,Nice
Pengguna Google,5,2021-06-11 12:25:56,Bagus
Pengguna Google,5,2021-06-11 07:15:34,Love banget sama ni app pokoknya 😘
Pengguna Google,5,2021-06-11 05:37:07,"Keren bgt sih ini app, bnr² ngebantu bt yg lg diet"
Pengguna Google,4,2021-06-10 15:54:04,Mantap
Pengguna Google,5,2021-06-10 13:02:39,"Bagusss bangetttt keren, membantu diet aku lebih tertata dan bisa memudahkan aku menghitung kalori makanan yang aku konsumsi"
Pengguna Google,5,2021-06-10 08:24:57,Keren
Pengguna Google,5,2021-06-10 06:22:37,Terimakasih dengan ini asupan kalori tiap hari bisa terkontrol ga berlebihan
Pengguna Google,1,2021-06-09 21:01:23,susah digunakan
Pengguna Google,5,2021-06-09 19:26:57,Ok
Pengguna Google,5,2021-06-09 18:47:22,Mantab
Pengguna Google,5,2021-06-09 16:24:51,oke
Pengguna Google,5,2021-06-09 08:06:30,"Alhamdulillah, Aplikasi rekomendasi untuk yang mau menurunkan berat badan. Defisit kalori"
Pengguna Google,5,2021-06-08 15:14:39,Suka banget
Pengguna Google,5,2021-06-08 06:23:36,Puas..
Pengguna Google,5,2021-06-08 06:14:06,Nice
Pengguna Google,4,2021-06-07 15:50:25,kenapa hari ini tgl 7 bln 6 2021 . ga bisa di guna in ya. selalu ada tulisan kesalahan .. sy dah 2thn pake aplikasi ini .. baru kali ini eror begini
Pengguna Google,5,2021-06-07 12:59:20,So far membantu bgt ❤️
Pengguna Google,5,2021-06-07 11:40:12,Sangat membantu 👍
Pengguna Google,4,2021-06-07 08:16:13,"Sejauh ini cukup membantu perhitungan kalori makanan yang di konsumsi. Jadi, bisa jaga jaga tentang apa aja yang dimakan"
Pengguna Google,5,2021-06-07 06:48:20,membantu
Pengguna Google,5,2021-06-06 15:07:53,Mantap
Pengguna Google,5,2021-06-06 13:43:39,Good
Pengguna Google,5,2021-06-05 15:40:02,Mantap
Pengguna Google,5,2021-06-05 15:31:37,"Aplikasi yg bagus buat menjaga pola makan, biar tidak kelebihan kalori"
Pengguna Google,5,2021-06-05 13:07:17,Alhamdulillah semoga bisa konsisten terus
Pengguna Google,5,2021-06-04 22:04:56,Kenpa ya saya mw premium tp tidak bisa.. Tulisannha pulsa tdk cukup.. Pdhl jelas pulsa saya ada dn cukup
Pengguna Google,5,2021-06-04 20:35:44,Aplikasi ini Sangat membantu dalam proses diet saya
Pengguna Google,5,2021-06-04 20:30:36,Mantab
Pengguna Google,5,2021-06-04 11:54:19,Bagus
Pengguna Google,5,2021-06-04 10:20:31,Aplikasinya buaagusss buaaanget😍😍😍 Terima kasih fat secret
Pengguna Google,5,2021-06-03 20:38:04,"Best app for diet person ! (Free version) I've tried other apps, but I think FS is the best"
Pengguna Google,5,2021-06-03 20:04:26,semoga bisa konsisten💛
Pengguna Google,5,2021-06-03 17:16:10,Membantu banget buat ngitung kalori harian kita
Pengguna Google,5,2021-06-03 11:18:45,Baguss membantu menghitung kalori makanan saya🥰
Pengguna Google,4,2021-06-02 16:20:00,"6 hari sudah turun 2,5kg🥰🥰🥰"
Pengguna Google,5,2021-06-02 15:40:17,Asyik
Pengguna Google,5,2021-06-02 09:40:20,"Aplikasi yang menyenangkan, krn selain bisa buat meal plan, estimasi kalori juga bisa sharing caring antar user, dan dapat info manfaat juga dari sini"
Pengguna Google,5,2021-06-02 09:21:05,Good
Pengguna Google,5,2021-06-02 08:50:28,Sangat membantu
Pengguna Google,5,2021-06-02 08:10:19,Sangat membantu dalam proses diet... Menyenangkan!
Pengguna Google,5,2021-06-01 19:01:59,Joss membantu
Pengguna Google,5,2021-06-01 16:27:46,Apk nya bagus
Pengguna Google,4,2021-06-01 14:08:29,Sangat membantu
Pengguna Google,5,2021-06-01 13:44:06,Bagus banget buat program diet . Bisa control kalori perhari. Dan info kalorinya matep banget .
Pengguna Google,5,2021-06-01 10:20:53,Cukup baik.
Pengguna Google,5,2021-06-01 09:55:44,Dengan ini saya bisa menghitung kalori yg masuk dan keluar
Pengguna Google,5,2021-05-31 17:35:22,"Summpah keren banget ini aplikasinya, bisa lihat kalori yg kita makan sama ada jenis2 dietnya, yg paling aku suka di aplikasi ini bisa ngepost dan dilihat banyak orang, jadi makin semangat buat diet"
Pengguna Google,5,2021-05-31 12:55:05,Terima kasih Elu tuhh membantu kali Sumpah😭
Pengguna Google,1,2021-05-31 11:35:56,Susah login
Pengguna Google,5,2021-05-30 21:07:31,💜💜💜💜💜
Pengguna Google,5,2021-05-30 20:01:48,Sudah 5 bulan app ini menemaniku.. sangat membantu
Pengguna Google,5,2021-05-30 08:43:39,Sangat berguna..
Pengguna Google,5,2021-05-30 06:52:39,"Bagus banget buat yg diet, jd bs mengukur asuan kalori ke tubuh dalam satu hari..thanks"
Pengguna Google,5,2021-05-29 20:00:21,🖤
Pengguna Google,5,2021-05-29 09:27:47,Cukup membantu memgontrol untuk asupan kalori dalam diet setiap hari
Pengguna Google,5,2021-05-29 07:17:04,Sangat membantu banget untuk hitung kalori yg saya makan.dn membantu banget buat diet
Pengguna Google,5,2021-05-29 06:12:07,Sangat membantu menjaga pola makan sehingga diet lebih berhasil dengan aplikasi ini. Ada sharing juga dr member lain. Jadi lebih semangat dan termotivasi. Thx Fatsecret.
Pengguna Google,5,2021-05-29 05:04:36,Bagus
Pengguna Google,5,2021-05-28 14:43:05,"Bagus. Tapi gak tau akurat apa gak. Sebagai contoh kadang ambil nasi secentong ukurannya beda². Terus ada beberapa masakan emak yang susah ditakar di sini, misalnya sambal nanas jeroan, atau sambal petai tempe, gitu². Jadi beneran suka ngarang dan ngira² yang sekiranya mendekati."
Pengguna Google,5,2021-05-28 12:02:58,Sangat membantu dlm mengetahui kalori dlm suatu makanan yg akan dikonsumsi ketika menjalani program diet
Pengguna Google,5,2021-05-28 05:34:40,"MasyaAllah suka sekaliii,bisa sampai turun 5kg aku:))) kyaaaa seneng s e k a l i i i"
Pengguna Google,5,2021-05-28 02:56:02,👌👌👌
Pengguna Google,5,2021-05-27 21:22:02,Bismillah Alhamdulillah sangat berguna bgt
Pengguna Google,4,2021-05-27 19:04:40,"Pilihan menu makanan Indonesia banyak, tapi perlu di tambah lagi...apalagi menu ke kinian...spy perhitungan kalori lebih akurat"
Pengguna Google,5,2021-05-27 18:11:11,Keren
Pengguna Google,5,2021-05-27 16:18:30,"recomended bagi yang diet , cuting maupun bulking sesuai harapan"
Pengguna Google,5,2021-05-27 06:53:15,Tq tq tq.sangat berguna utk membantu org awam utk itung kalori dlm program diet.recomended
Pengguna Google,5,2021-05-27 05:21:16,"Good,, semua orang wajib punya aplikasi ini."
Pengguna Google,5,2021-05-26 20:40:51,Sangat membantu
Pengguna Google,5,2021-05-26 17:50:45,❤❤❤
Pengguna Google,5,2021-05-26 11:09:54,"Sangat rekomendasi, nyesel kalau ngggak download"
Pengguna Google,5,2021-05-26 08:51:59,Semoga variasi makanannya semakin banyak
Pengguna Google,5,2021-05-26 07:55:16,"Berguna untuk membantu efektifitas program diet ,baik itu menambah atau pun mengurangi berat badan ,sangat saya sarankan untuk digunakan sebagai kalkulator kalori kalian"
Pengguna Google,5,2021-05-25 21:22:54,Sangat amat membantuuuuu saya dalam menurunkan berat badan
Pengguna Google,5,2021-05-25 21:00:53,Mantappp sekali wajib donlot
Pengguna Google,5,2021-05-25 18:17:21,bagus banget
Pengguna Google,5,2021-05-25 17:45:56,🥰
Pengguna Google,5,2021-05-25 10:34:20,Saangat bermanfaat untuk mengetahui jumlah kalori suatu makanan
Pengguna Google,5,2021-05-24 22:06:18,Aplikasi yg baru lebih lengkap semoga bisa membantu menurunkan berat badan
Pengguna Google,5,2021-05-24 20:46:32,Aplikasi ter akurat untuk Saat ini
Pengguna Google,4,2021-05-24 20:39:04,Mayan
Pengguna Google,5,2021-05-24 14:38:32,Oke banget
Pengguna Google,5,2021-05-24 14:37:34,Mantap...diet jadi terukur...
Pengguna Google,2,2021-05-24 09:42:29,Pas mendaftar kenapa batal2 terus
Pengguna Google,5,2021-05-23 20:36:52,mengetahui intake and output makanan sehari2
Pengguna Google,5,2021-05-23 19:55:55,Mantap setiap hari saya gunakan!!!!!!!!!!!!!!!!!!!!!!!
Pengguna Google,5,2021-05-23 18:43:17,Good
Pengguna Google,5,2021-05-23 18:34:20,Sangat membantu
Pengguna Google,5,2021-05-23 17:49:14,Bajus banget aplikasinya
Pengguna Google,5,2021-05-23 11:24:50,terimakasih fatsecret saya yg tadinya BB 65 bisa sampai BB 52 membantu bgt hitung kalori😭😩🥰
Pengguna Google,5,2021-05-23 09:04:20,Bagus aplikasi ini untuk hitung kalori harian. Hanya beberapa makanan indonesia tidak tersedia.
Pengguna Google,5,2021-05-23 06:27:36,sangat bermanfaaat bangettt
Pengguna Google,5,2021-05-23 04:55:25,Bagus
Pengguna Google,4,2021-05-22 09:44:21,App nya mantap
Pengguna Google,5,2021-05-22 08:00:49,Amat sangat membantu program diet
Pengguna Google,5,2021-05-22 06:16:14,kereeeeeen
Pengguna Google,5,2021-05-22 05:18:16,Sangat membantu sekali umtuk pejuang diet seperti saya...
Pengguna Google,5,2021-05-20 20:14:24,BAgus
Pengguna Google,5,2021-05-20 10:37:33,Sangat bergunaaa 😍😍😍
Pengguna Google,4,2021-05-20 06:52:31,"Makanan nya kurang lengkap, kalo bisa dibanyakin makanan khas daerah"
Pengguna Google,5,2021-05-19 19:49:15,Good job
Pengguna Google,2,2021-05-19 17:26:28,Kenapa ya saya gabisa download aplikasi ini. Pas pencet instal malah tertunda bacaannya. Terus lama bgt lg ga ke instal instal
Pengguna Google,5,2021-05-18 20:51:37,Meningan ini daripada my fitnes pall awkawk
Pengguna Google,5,2021-05-18 19:10:03,Mudahan bisa turunjd bb ideal :)
Pengguna Google,4,2021-05-18 12:19:46,"Membantu,doakan konsisten ya"
Pengguna Google,1,2021-05-18 11:54:28,"Ko g bisa didownload ya, dri tdi suruh ulang terus"
Pengguna Google,5,2021-05-18 06:53:36,Sangat membantu sekaliii
Pengguna Google,5,2021-05-18 06:52:19,membantu proses diet
Pengguna Google,4,2021-05-17 17:58:30,"Jujur aku pake apk ini pas bb 62kg,terud turun jadi 50.8kg sekarang naik karna gak diet lagi Wkwke"
Pengguna Google,5,2021-05-17 12:15:49,Amazing
Pengguna Google,5,2021-05-16 22:22:24,Love this app..🖤
Pengguna Google,5,2021-05-16 07:25:56,Kenapa aplikasi ini tidak bisa di download
Pengguna Google,5,2021-05-15 15:03:31,Bagus sih.. tapi Tambahkan lagi menu makanan makanan indonesia dari mulai yang terkecil sampai terbesar.. masih ada kesulitan Menemukan asupan makanan yang kita makan di aplikasi ini
Pengguna Google,4,2021-05-15 01:34:47,"bagus detail juga, tapi yang saya bingung menu ayam beda restoran beda juga kalorinya ya"
Pengguna Google,4,2021-05-14 20:30:07,Tes dlu
Pengguna Google,5,2021-05-14 19:38:43,Mantap lah pokoknya
Pengguna Google,4,2021-05-14 12:58:38,Aplikasi nya bagus gk ribet. Ngebantu untuk mengurangi berat badan dan menjaga berat badan. Jd dengan ada nya aplikasi ini jd bisa lebih terkontrol apa sj yg masuk ke badan serta kandungan setiap makanan nya juga bisa di perhatikan. Terima kasih semoga kedepan nya lebib okey lagi.
Pengguna Google,5,2021-05-13 14:56:35,Aplikasi ini sangat membantu dalam memonitor diet kita. Sangat direkomendasikan
Pengguna Google,3,2021-05-13 13:19:55,"Masih byk kalori makanan tradisional indonesia yg tdk terdaftar, Jd sy pake jurus mirip mirip aja...mngkn nnti bisa di tingkatkan"
Pengguna Google,4,2021-05-13 07:00:54,"Tolong tambahkan asupan air harian, seperti di aplikasi yang lain. Terimakasih"
Pengguna Google,5,2021-05-10 18:54:12,Aplikasi yang sangat membantu dalam program diet saya sehingga mempermudah menghitung kalori harian...kata aku keren sih👍
Pengguna Google,5,2021-05-10 15:13:04,Good app lah ❤️❤️❤️
Pengguna Google,5,2021-05-10 09:32:18,download ini bukan mau nurunin bb tpi mau bikin bb stay di bb yg sekarang. anw ni apk good. recomended
Pengguna Google,5,2021-05-10 05:27:23,"App nya bagus banget!Gak nyesel gw pakai ni aplikasi. Bener2 berguna,gara2 app ini,setiap 2 hari selalu bb gw turun minimal 0,1kg. Kadang bisa lebih. Anti gagal!Yok cepat donwload ni aplikasi,karena bisa buat bantu kalian yang mau turunin berat badan. Segitu,dan terimakasih banyak yang buat app ini!"
Pengguna Google,4,2021-05-09 22:09:06,Mantap...aplikasinya.
Pengguna Google,5,2021-05-08 19:45:27,Bagus...dan membantu menurunkan.bb
Pengguna Google,5,2021-05-08 06:53:15,Sangat membantu memantau kebutuhan kalori tubuh
Pengguna Google,5,2021-05-08 04:17:28,Berhasil turun BB dengan bantuan aplikasi inj
Pengguna Google,5,2021-05-07 21:16:22,Sangat membantu terimakasih
Pengguna Google,5,2021-05-07 04:47:27,usefull
Pengguna Google,5,2021-05-06 15:48:09,"Sukaa sih sama aplikasi ini,membantu banget."
Pengguna Google,5,2021-05-06 14:19:22,Sangat membantu untuk mengontrol kalori dan naik atau turunya berat badan
Pengguna Google,5,2021-05-06 07:52:31,Mudah digunakan
Pengguna Google,5,2021-05-05 20:32:55,Sangat membantu
Pengguna Google,4,2021-05-05 20:13:09,"Alangkah baiknya,input datanya diperbanyak lagi,krn sebagian tdk terakomodasi jenis makanan utk hitung jumlah kalori"
Pengguna Google,5,2021-05-05 18:23:32,Sangat membantu program dietku
Pengguna Google,1,2021-05-05 17:20:52,"aplikasinya ga mau kebuka, ayolah di benerin"
Pengguna Google,5,2021-05-05 09:22:38,Mempermudah kita untuk menghitung kalori thank you fat secret
Pengguna Google,5,2021-05-04 21:43:49,Mantap sangat membantu
Pengguna Google,5,2021-05-04 19:38:23,Bagus banget
Pengguna Google,5,2021-05-04 17:37:24,Akurat
Pengguna Google,5,2021-05-03 19:58:08,App bgs.
Pengguna Google,5,2021-05-03 17:28:31,Serius enak sih buat ngitung kalori disini.. banyak yg gak berbayar.. enak jd gratis.. 😁
Pengguna Google,5,2021-05-03 17:05:09,Sangat berguna bagi orang awam
Pengguna Google,5,2021-05-03 12:28:13,Membantu menuntun saya ke jalan yg lebih sehat
Pengguna Google,5,2021-05-03 08:10:33,Sangat Membatu untuk menghitung kalori diet
Pengguna Google,5,2021-05-02 15:27:20,Alhamdulillah sdh turun 10kg selama 3bln.. aslkan masih dlm porsi kbtuhan kalori harian makan apa ja bisa.. Dan Makan g ad pantanganny kya grup sbelah 🤣 Terima kasih fs.. 🌺
Pengguna Google,5,2021-05-02 11:30:02,Aplikasi yang sangat membantu untuk memperhitungan kalori sesuai tubuh kita . Saya menggunakan apk ini 1 bulan berhasil turun 4kg. Thankyou fatscret💚
Pengguna Google,5,2021-05-02 07:55:22,Mantab
Pengguna Google,5,2021-05-01 16:53:45,Sangat membantu program diet saya😍
Pengguna Google,5,2021-05-01 09:16:22,"Sangat membantu mengontrol makananku. Alhamdulillah satu bulan ini sdh kelihatan hasilnya. Pelan tapi pasti, yg penting tetep di jaga semangatnya. 🥰"
Pengguna Google,5,2021-04-30 18:51:25,Bagus
Pengguna Google,5,2021-04-30 16:01:31,Aplikasi sangat membantu program diet saya 👍👍👍
Pengguna Google,5,2021-04-30 15:37:31,Bagus si sejauh ini ngebantu bgt buat diet aku. Mungkin bisa di tingkatin lagi fasilitas dibagian beranda gt mungkin bisa lebih dipermudah tampilannya
Pengguna Google,5,2021-04-30 13:04:13,Okkkkkkk
Pengguna Google,4,2021-04-30 06:45:21,Aplikasi oke bngt..cukup lengkap..bintang 4 dl ya..hehehe
Pengguna Google,5,2021-04-29 22:11:01,"Thanks, diet saya terbantu. Semoga daftar makanannya bisa lebih lengkap dan ditingkatkan lagi kualiti nya"
Pengguna Google,5,2021-04-29 17:15:28,Thanks aplikasi ini sangat membantu proses penurunan badan.ku
Pengguna Google,4,2021-04-28 22:11:09,App ini bagus sekali.. 🖒
Pengguna Google,5,2021-04-28 21:37:29,semoga diet tahun ini berhasil ^^
Pengguna Google,5,2021-04-28 18:33:44,"ini aplikasi bagus banget ,tadinya gatau cara defisit calori tapi donwload aplikasi ini jadi ngerti terimakasih yhh"
Pengguna Google,5,2021-04-28 17:53:00,keren.....bisa lihat makro nutrisi yg kita makan...
Pengguna Google,2,2021-04-28 14:12:20,aplikasi bagus. berguna untuk mengetahui kalori yang saya butuhkan
Pengguna Google,5,2021-04-28 07:34:16,"Ya Allah seneng bgt pake aplikasi ini udah terapin dan berhasil turunin bb 1,2 kg /minggu,rasannya tuh ky diksh berlian ma psngan seneng bgt! huh pkoknya top markotop dah."
Pengguna Google,5,2021-04-27 19:47:42,"Recommend banget, kalian harus download ini"
Pengguna Google,5,2021-04-27 03:45:50,sangat membantu. Saya berterimakasih sekali kepada developer 🙏
Pengguna Google,1,2021-04-26 18:49:34,Proses download terhenti di 87 persen
Pengguna Google,5,2021-04-26 18:10:52,"FatSecret terima kasih banyak, sangat2 membantu dlm program dietku😊🙏"
Pengguna Google,5,2021-04-25 21:17:34,"Alhamdulillah, aplikasi yang sangat membantu proses defisit kalori. Gak ada iklan pun. Sangat dianjurkan pakai aplikasi ini untuk yg mau nurunin berat badan. Sangat sangat membantu. Terimakasih."
Pengguna Google,5,2021-04-25 18:26:22,Bermanfaat sekali
Pengguna Google,4,2021-04-25 18:25:29,Konsisten itu sulit.. thanks FAtSecret 😍
Pengguna Google,3,2021-04-25 12:36:36,Kok ngga bisa di buka app.nya
Pengguna Google,5,2021-04-24 18:58:19,"Sangat membantu, seperti mempunyai jurnal pribadi"
Pengguna Google,5,2021-04-24 17:13:31,Sangat bermanfaat dan menambah semangat dgn kawan2 di dlm nya yg telah berhasil hidup sehat. masyaaAllah
Pengguna Google,5,2021-04-23 06:36:37,Membantu menghitung kalori asupan makan dengan baik. Bersyukur mengenal fatsecret Indonesia. Perlahan tapi pasti dan banyak inspirasi dari komunitas
Pengguna Google,5,2021-04-22 04:42:13,Sangat membantu
Pengguna Google,5,2021-04-21 21:14:54,Bagus banget👍👍👍
Pengguna Google,5,2021-04-21 16:39:09,"Terimakasih banyak buat fatsecret, aplikasi yang sangat membantu sekali untuk program penurunan berat badan saya."
Pengguna Google,5,2021-04-21 16:28:10,Bagus sekali bisa membantu kita menyusun menu makanan.
Pengguna Google,5,2021-04-21 09:48:01,"Sangat membantu 2 minggu turun 3.4 kg diet tanpa lapar, asal pintar pintar pilih menu aja aku sehari diet di 1200 kali /1400 gak lebih tapi kadang kurang dikit di 1100 karna over kenyang 😂"
Pengguna Google,5,2021-04-20 18:04:02,Suka bgt bagus bgt
Pengguna Google,5,2021-04-20 12:45:46,good
Pengguna Google,5,2021-04-20 03:52:29,Good
Pengguna Google,5,2021-04-19 20:10:29,Bagus banget
Pengguna Google,5,2021-04-19 18:28:17,"Sejauh ini suka sama aplikasinya karna mrmbantu saya untuk menurunkan berat badan. tapi yg bikin masalah, saya kesulitan untuk meng-upload foto progres saya."
Pengguna Google,4,2021-04-19 18:13:50,"Menyenangkan. Bisa menghitung kalori harian yang telah di konsumsi. Cuma masih ada beberapa makanan yang tidak ada, jadi bingung menghitung nya"
Pengguna Google,5,2021-04-19 17:06:52,Terimakasih fatsecret... Sangat membantu dalam proses diet sehat... Semoga makin banyak yang menggunakan nya agar banyak yang ikut merasakan manfaatnya... Sangat terimakasih
Pengguna Google,5,2021-04-19 07:03:22,Bagus banget
Pengguna Google,5,2021-04-18 18:00:31,Sukaaaaa bangat dg ap ini...
Pengguna Google,5,2021-04-18 09:26:07,"Bagus, tambahin lgi menu2 makanan lainnya"
Pengguna Google,4,2021-04-18 08:58:07,Aplikasi yg bagus bisa menghitung kalori saya... 2mingu saya turun 2kg😊
Pengguna Google,5,2021-04-18 05:56:03,Kereennn
Pengguna Google,5,2021-04-18 03:01:20,Impresife
Pengguna Google,5,2021-04-18 02:21:45,Keren manteb
Pengguna Google,4,2021-04-17 22:33:25,👍👍👍
Pengguna Google,4,2021-04-17 19:24:11,Kurang lengkap
Pengguna Google,5,2021-04-17 13:19:47,"Mantap,rekom banget"
Pengguna Google,5,2021-04-17 08:24:04,Sangat membantu dalam menunjang program kontrol pola makan
Pengguna Google,4,2021-04-17 07:00:15,"Sangat bermanfat, jika dilakukan dengan konsisten dijamin Turun."
Pengguna Google,5,2021-04-16 20:53:11,Aplikasi yg sangat bagus dan bermamfaat. So you must try it!
Pengguna Google,5,2021-04-16 18:28:34,Belum ada masalah sih selama nyoba ini
Pengguna Google,4,2021-04-16 08:25:13,"sangat membantu, diet tetap bs makan enak😊"
Pengguna Google,5,2021-04-16 00:16:38,Terima kadih fat secret dengan kamu mempermudah aku belajar hidup sehat
Pengguna Google,5,2021-04-15 19:26:12,ikuti kalori yang di tentukan. selamat berat badan sesuai yang di inginkan
Pengguna Google,5,2021-04-15 18:30:52,Bagus membantu menghitung kalori harian
Pengguna Google,5,2021-04-15 15:52:12,Baguss
Pengguna Google,5,2021-04-15 11:14:00,Mudah melihat nilai gizi suatu makanan
Pengguna Google,5,2021-04-15 10:12:23,"Baguss, bisa sharing pengalaman sama yang lain juga"
Pengguna Google,5,2021-04-15 05:18:35,Asisten dalam memulai hidup sehat
Pengguna Google,5,2021-04-14 17:46:37,"Sangat membantu sekali, pola makan jadi lebih teratur, tidak sembarangan makan, berat badan bisa dikondisikan Semoga fatsecret bisa lebih baik lagi 👍👍👍👍👍👍👍👍👍👍👍👍👍👍👍👍👍👍👍👍👍👍👍👍👍👍👍👍👍👍👍👍👍👍👍👍👍👍👍👍👍👍👍👍👍👍👍👍👍👍👍👍👍👍👍👍👍👍👍👍👍👍👍👍👍👍👍👍👍👍👍👍👍👍👍👍👍👍👍👍👍👍👍👍👍👍👍👍👍👍👍👍👍👍👍👍👍👍👍👍👍👍👍👍👍👍👍👍👍👍👍👍👍👍👍👍👍👍👍👍👍👍👍👍👍👍👍👍👍👍👍👍👍👍👍👍👍👍👍👍👍👍👍👍👍👍👍👍👍👍👍👍👍👍👍👍👍👍👍👍👍👍👍👍👍👍👍👍👍👍👍👍👍👍👍👍"
Pengguna Google,5,2021-04-14 17:31:05,Bagus sekali untuk mengontrol asupan kalori
Pengguna Google,5,2021-04-14 16:41:44,Lumayan
Pengguna Google,5,2021-04-14 16:06:30,Seneng bisa diajarin tip2 diet
Pengguna Google,5,2021-04-14 14:59:25,Baik bagus
Pengguna Google,3,2021-04-14 12:20:10,aplikasinya bagus . tpi ada beberapa catatan makanya kurang lengkap
Pengguna Google,5,2021-04-14 12:11:02,Great
Pengguna Google,5,2021-04-14 05:32:07,ok
Pengguna Google,5,2021-04-13 20:35:24,mantul
Pengguna Google,5,2021-04-13 17:54:17,Dangat membantu dalam mengontrol kalori sehari hari. Mudah digunakan orang awam
Pengguna Google,5,2021-04-13 08:47:03,Bagus untukku yang sedang menjalani diet kalori
Pengguna Google,5,2021-04-13 03:56:15,Sangat membantu bagi yang ingin mengetahui jumlah kalori hariannya
Pengguna Google,5,2021-04-12 17:32:46,"Sangat membantu,,, jadi lebih terarah tindakan dan tujuan menuju Goal."
Pengguna Google,5,2021-04-12 16:03:41,Gooodddd🤩🤩🤩🙂🙂🙂
Pengguna Google,5,2021-04-12 14:12:21,bagys bangettt
Pengguna Google,3,2021-04-12 12:18:42,"Andaikan bisa offline, jd lebih enak"
Pengguna Google,4,2021-04-12 08:13:15,Sangat membantu..
Pengguna Google,4,2021-04-12 06:53:17,Lumayan buat pengingat
Pengguna Google,5,2021-04-12 06:19:51,Bagus sangat membantu bagi yg sedang diet untuk menghitung kalori harian
Pengguna Google,5,2021-04-11 21:28:39,Apk yang yoi sekaliiii!!!
Pengguna Google,4,2021-04-11 11:36:27,Apkikasinya bagus...cuma dibagian pencarian makanan nya kurang lengkap...Terkadang susah jadinya untuk menghitung kalori harian...
Pengguna Google,5,2021-04-11 09:27:56,Nice
Pengguna Google,5,2021-04-10 23:07:22,Bagus
Pengguna Google,5,2021-04-10 14:58:10,Buat siapapun yang menciptakan aplikasi ini gue berterima kasih banyak. Dengan aplikasi ini gue jadi lebih bisa mengontrol asupan kalori yang gue butukan dan badan gue pun berangsur turun. Sekali lagi terima kasih
Pengguna Google,5,2021-04-10 13:23:02,Bagus bangett
Pengguna Google,5,2021-04-09 14:01:33,Membantu banget untuk menjaga pola makan
Pengguna Google,5,2021-04-09 08:44:28,Sukaaa bangetttt 🥰 Makasih udh bikin aplikasi ini ❤️
Pengguna Google,5,2021-04-09 07:47:16,"Terima kasih..aplikasi nya bagus, kita jadi tau estimasi kalori dari makanan yg di konsumsi. Bisa saling sharing jg dengan user lain buat saling menyemangati"
Pengguna Google,5,2021-04-08 23:47:57,Ok
Pengguna Google,5,2021-04-08 19:42:03,akurat dan gampang penggunaannya
Pengguna Google,5,2021-04-08 19:37:30,sehat=indah
Pengguna Google,4,2021-04-08 13:00:57,4 dulu ya.... Karna aku masih baru. Tapi sangat membantu sekali👍👍👍👍👍
Pengguna Google,5,2021-04-08 09:03:36,Banyak berubah hidup... Semenjak pakai fat screet Tolong diperbarui lagi... Seperti memasukan data makanan dengan menggunakan suara di pencarian...
Pengguna Google,5,2021-04-08 08:42:39,Good
Pengguna Google,5,2021-04-08 08:35:08,bagus deh pokoknya.
Pengguna Google,5,2021-04-08 06:32:22,Sangat bermanfaat banget untuk mng hitung kalori harianku
Pengguna Google,5,2021-04-08 06:09:43,Bagus untuk program det hadi terpantau dengan aplikasi ini
Pengguna Google,4,2021-04-07 16:48:13,Sangat membantu. Semoga bermanfaat
Pengguna Google,5,2021-04-07 14:06:46,Kedepannya bisa kah bahasanya disetting terpisah dengan bahasa bawaan ponsel? Aplikasi ini sangat membantu karna ada komunitasnya jd ga berasa diet sendirian
Pengguna Google,5,2021-04-07 13:49:19,mantap
Pengguna Google,4,2021-04-07 12:26:10,Workout atau olah raganya gk bisa di koneksikan sama olahraga home workout macam tabata yg ada di youtube ya buat hitung kalori terbakar karena olahraga coba bisa
Pengguna Google,5,2021-04-07 10:28:41,Sangat membantu
Pengguna Google,5,2021-04-07 06:00:52,"Terbantu sekali dengan fat secret dalam penurunan berat badan yang sehat, semoga bisa konsisten ke depannya"
Pengguna Google,5,2021-04-07 04:59:47,Gooodddd
Pengguna Google,5,2021-04-06 12:02:14,Aplikasi nya very good 👍👍👍
Pengguna Google,5,2021-04-05 11:54:34,"Sangat terbantu,cuma sayang untuk penghitungan kalori masih ada banyak daftar makanan yang tidak masuk"
Pengguna Google,5,2021-04-05 11:13:29,sangat membantu untuk monitoring asupan harian. mungkin bisa ditambahkan fitur untuk mengubah hari/tanggal ketika sudah terlanjur menulis menu ya jadi tidak perlu menghapus dan menulis ulang ketika salah tanggal
Pengguna Google,5,2021-04-05 10:56:39,Membantu banget luvvvv
Pengguna Google,5,2021-04-05 10:33:46,Bagoooss
Pengguna Google,5,2021-04-05 08:05:29,Aplikasi ini sangat membantu dalam melacak kalori makanan yang masuk kedalam tubuh..
Pengguna Google,5,2021-04-05 06:37:08,"Aplikasi yg sangat mudah digunakan, gratis, dan lengkap.Terimakasih banyak. Suka bgt tracking kalori disini soalnya simple dan seru bisa ada temen seperjuangan di dalamnya jadi bisa sharing🥰🥰😌"
Pengguna Google,5,2021-04-05 06:14:44,Membantu banget itung kalorinya good joob
Pengguna Google,5,2021-04-05 05:41:56,Mantap
Pengguna Google,5,2021-04-04 20:21:16,gud
Pengguna Google,5,2021-04-04 19:07:15,Mantap bangat
Pengguna Google,5,2021-04-04 18:45:56,Tooop
Pengguna Google,3,2021-04-04 17:19:34,Tiga aja dulu
Pengguna Google,5,2021-04-04 11:19:59,"untuk yg mmulai diet tpi g mau ribet ngitung klori,, aplikasi mudah tpi berguna bgt"
Pengguna Google,5,2021-04-04 01:15:44,Goodjob
Pengguna Google,5,2021-04-03 18:49:22,Baguus. Like. Malah jadi media sosial utama. Orangnya baik baik. Gud lah buat aplikasi ini. Saran. Info kalori lebih dilengkapkan
Pengguna Google,5,2021-04-03 11:19:43,"Bagus untuk perencanaan diet, lengkap dengan menu makanan dan jumlah kalorinya"
Pengguna Google,4,2021-04-03 07:54:01,Sangat menyenangkan memiliki diary apa saja yg dimakan sehari2 dengan teman2 komunitas yang saling mendukung dan berbagi resep/ide masakan dan cara diet yg sehat. Mudah2an database makanan dan masakan terus bertambah dan keakuratan kalorinya terus disesuaikan.
Pengguna Google,5,2021-04-03 07:27:03,Harus jaringan kenceng tapii....🙂
Pengguna Google,5,2021-04-03 04:56:41,"Suka banget. Ada resep, ada testimoni, ada komunitas juga ada perhitungan kalori dan nutrisi."
Pengguna Google,5,2021-04-02 22:56:20,Top
Pengguna Google,5,2021-04-02 22:16:35,Mantaff semoga makin lengkap
Pengguna Google,5,2021-04-02 21:29:59,Bagus sekali. Sangat membantu saya yang sedang menjalani diet
Pengguna Google,5,2021-04-02 18:40:40,Ok sejauh ini
Pengguna Google,5,2021-04-02 16:14:31,sangat membantu
Pengguna Google,5,2021-04-02 07:13:28,Aplikasi yg sangat mudah
Pengguna Google,5,2021-04-02 05:34:20,"sangat membatu, buat duet defisit kalori"
Pengguna Google,5,2021-04-01 20:23:08,Good
Pengguna Google,5,2021-04-01 14:18:08,"Sangat membantu jadi tau kalori makanan yg qita makan, jadi bikin semangat buat nurunin badan"
Pengguna Google,5,2021-04-01 12:39:52,Sangat sangat rekomen!
Pengguna Google,5,2021-04-01 08:51:41,Ok👍
Pengguna Google,5,2021-04-01 06:02:50,Sangat membantu mengatur pola makan
Pengguna Google,5,2021-04-01 05:19:28,Bagusss aku bisa tau berapa kalori harian yang aku makan ❤️
Pengguna Google,5,2021-03-31 11:49:45,Aplikasi ini keren banget.setelah punya jadi tau cara ngatur pola makan.trus berat badan juga mulai turun dikit²..alhamdulillah...makasih lho....
Pengguna Google,5,2021-03-31 09:06:25,"Aplikasi penghitung kalori termudah, enjoy pakainya, makasih, cuma masukan sy cb bayakinn refresh status org2. Akhir2 ini jarang lihat postingan baru, dulu gak dikit gini"
Pengguna Google,5,2021-03-31 08:21:26,Keren banget
Pengguna Google,5,2021-03-31 07:08:11,Aplikasi ini amat sangat membantu perjalanan diet saya dengan cara defkal ❤️
Pengguna Google,5,2021-03-31 05:31:28,Lumayan membantu untuk perhitungan kalori makanan yang masuk dan membantu program diet saya
Pengguna Google,5,2021-03-30 21:38:46,"Lewat akun ini saya jadi tau takaran kalori yang harus saya makan, sangat mmbantu sekali.. Trimakasih"
Pengguna Google,5,2021-03-30 21:20:55,Sangat membantu walau kadang masih suka bingung dalam mengatur jumlah kalori
Pengguna Google,5,2021-03-30 16:10:52,Sangat membantu ku menghitung kalori terima kasih banyak...
Pengguna Google,5,2021-03-30 08:00:19,Membantu skli aplikasi ini
Pengguna Google,4,2021-03-30 04:18:22,Lets try
Pengguna Google,4,2021-03-29 17:57:09,"Mudah digunakan, hanya kurang banyak pilihan masakannya"
Pengguna Google,5,2021-03-29 15:29:58,Membantu program diet
Pengguna Google,3,2021-03-29 14:58:13,Kenapa jam tidurnya tidak bisa diganti? Selalu 24 jam..
Pengguna Google,5,2021-03-29 14:55:52,app diet fav akuuu..terimakasih udh mnjadi teman berjuanggg
Pengguna Google,5,2021-03-29 13:00:31,Sangat membantu
Pengguna Google,5,2021-03-29 12:04:43,"Aplikasi nya bagus banget , disini sesama pengguna ga pelit² sheree menu² diet , bagus bangeeeeeeeet!!! Pokoknya the bestah ini aplikasi ❤️❤️❤️❤️❤️❤️❤️❤️"
Pengguna Google,5,2021-03-29 09:32:45,Mantap sangatlah membantu saat sedang diet
Pengguna Google,5,2021-03-29 08:57:37,Bagus d sangat membantu
Pengguna Google,3,2021-03-28 21:32:08,Kok ada pemberitahuan aplikasi bayar ya
Pengguna Google,5,2021-03-28 17:45:42,Mudah mengontrol berat badan. Dipakai pedoman pola makan sehari hari. Hidup sehat dengan aplikasi Fat secret.
Pengguna Google,5,2021-03-28 15:12:08,Membantu banget utx proses diet saya 🤗 Berkat aplikasi ini kalori saya jd lbih terkontrol.
Pengguna Google,5,2021-03-28 15:06:15,Apk ini sangat bagus👍❤
Pengguna Google,5,2021-03-28 08:37:03,Goood job
Pengguna Google,5,2021-03-27 17:47:08,Bagus aplikasinya jd bisa kontrol makan Tp msi bny menu2 yg blm ada..
Pengguna Google,5,2021-03-27 17:07:06,Good alhamdullilah saya tiga bulan turun 30kg sangat membantu sekali❤❤
Pengguna Google,5,2021-03-27 14:36:03,"Oke banget,aplikasi ini, baca komennya lucu2, malah ada yg berantem segala ,diet menjadi lebih berwarna"
Pengguna Google,5,2021-03-27 13:50:07,Very helpfull👍👍👍👍👍
Pengguna Google,5,2021-03-27 13:01:43,Bagi yang sedang diet aplikasi ini sangat membantu🤩
Pengguna Google,5,2021-03-27 06:28:26,ok banget membantu
Pengguna Google,5,2021-03-27 05:51:32,Sangat membantu menurunkan brat badan☺☺
Pengguna Google,5,2021-03-26 21:00:29,Good
Pengguna Google,5,2021-03-26 20:33:00,Good app
Pengguna Google,5,2021-03-26 17:48:01,Ngebantu bgt ngontrol kalori .. Thanks yaa..
Pengguna Google,5,2021-03-26 17:41:06,I LOVE U FULL POKOKNYA😍
Pengguna Google,5,2021-03-26 15:22:20,"Sangat membantu saya untuk mempelajari defisit kalori, dengan pola hidup sehat, hati pun ikut senang😄"
Pengguna Google,5,2021-03-26 10:43:23,Bagus bgd bgd sukses ..
Pengguna Google,5,2021-03-26 08:16:49,Kebantu bgt buat ngitung kalori harian
Pengguna Google,4,2021-03-25 11:16:28,So far so good
Pengguna Google,5,2021-03-25 06:01:17,Sangat membantu saya mengontrol kalori dengan baik
Pengguna Google,5,2021-03-25 05:56:32,"Bagus banget, bisa membantu memantau pengaturan makan"
Pengguna Google,5,2021-03-24 21:31:45,Ok
Pengguna Google,5,2021-03-24 20:48:15,App yang sangat membantu program diet saya👍👍👍
Pengguna Google,4,2021-03-24 16:21:14,"Bagus aplikasinya aku ga nyangka hanya mengikuti asupn kalorinya bb ku trun walw ga banyak, pelan tp pasti..."
Pengguna Google,4,2021-03-24 12:41:25,Knp aplikasinya ga bs y? Pdhl SDH 1bln lebih sy pakai aplikasi ini
Pengguna Google,5,2021-03-24 06:07:45,mantap
Pengguna Google,5,2021-03-24 05:50:57,Mudah banget lengkap daftar makanan beserta kalori nya.. Keren jadi semangat diet nya
Pengguna Google,5,2021-03-23 20:09:09,"Bagus,tidak berat di hp ram kecil,mudah di pahami untuk pemula,hanya ada beberapa jenis makanan yg tidak tercantum tapi ada makanan sejenis,jadi bukan masalah."
Pengguna Google,5,2021-03-23 17:28:48,Saya suka aplikasi ini. Yang ikut disini saling mendukung dan menambah pengetahuan tentang makanan dan diet yang sehat
Pengguna Google,5,2021-03-23 17:05:36,"Sangat membantu dalam menghitung kalori dalam makanan. Membantu untuk diet. Dan pengguna fs saling memberikan support, jadi semakin semangat Diet nya"
Pengguna Google,5,2021-03-23 12:29:19,Mantul banget. Selain bisa bantu diet. Kamu juga bisa pakai aplikasi ini untuk tau segala nutrisi yg masuk ke tubuh kamu udah mencukupi atau belum ;)
Pengguna Google,4,2021-03-23 09:10:32,Membantu program diet aq
Pengguna Google,5,2021-03-23 08:16:36,"Membantu sekali, aplikasi nya bagus"
Pengguna Google,4,2021-03-23 07:22:43,"Oke,perlu ditambah menu makanan yang lebih variatif lagi dg jml kalorinya"
Pengguna Google,5,2021-03-23 06:29:42,kawal w sampe turun 45kg lagi yaaa
Pengguna Google,5,2021-03-23 06:06:53,Sangat membantu aku untuk diet .. suka ..
Pengguna Google,5,2021-03-23 05:19:23,ok bgt
Pengguna Google,5,2021-03-22 17:35:50,Keren... Gara-gara ini aku bisa turun berat badanku!
Pengguna Google,5,2021-03-22 12:35:28,Sangat membantu untuk proses diet... Lebih bagus lagi andai bisa saling membalas komentar dg menyebutkan nama seperti fb di jurnal aplikasi.
Pengguna Google,5,2021-03-22 09:59:16,keren
Pengguna Google,5,2021-03-22 08:14:18,Suka bgt sama apk ini
Pengguna Google,5,2021-03-22 08:04:07,Lumayan membantu untuk hitung kalori dan makro nutrisi. Sayang nya kurang lengkap masih menu nya
Pengguna Google,1,2021-03-21 23:27:17,Kok gak bs di instal seh
Pengguna Google,3,2021-03-21 19:24:55,"Aku baru download aplikasi ini badan aku ngak terlalu besar sih hanya di bagian perut dan itu buat aku ngak pd bb aku 54 kg di umur 17 thn ngak nyangka banget sebab badan aku ngak gemuk2 amat, semoga aku semangat jalanin diet ini dan buat kalian yg diet jg semangat"
Pengguna Google,5,2021-03-21 14:35:59,Sumpah ngebantu banget buat Monitor apa aja yang udah dimakan dan udah masuk berapa kalori di tubuh❤️ semoga berhasil diet Aamiin. Smngt hidup sehat guys
Pengguna Google,5,2021-03-21 11:48:48,Work for me. Perlu peningkatan perhitungan kalori dan kandungan gizinya untuk makanan² Indonesia. Juga mulai dikembangan pilihan² makanan sehat khas Indonesia
Pengguna Google,5,2021-03-21 09:46:41,Sangat membantu jadi bisa kontrol kalori yang masuk💪💪💪
Pengguna Google,5,2021-03-21 07:47:03,Luar biasa ...maasyaallaah aplikasinya bagus
Pengguna Google,4,2021-03-20 18:14:25,Kurang lengkap tapi oklah
Pengguna Google,5,2021-03-20 16:30:14,Aplikasinya keren utk yg bner2 mau defisit kalori dan hitung jumlah nutrisi yg masuk. Sangat membantu utk hidup sehat.
Pengguna Google,5,2021-03-20 14:40:04,Aplikasi yg sngat amat membantu sya dlm melakukan diet yg bnar dan tepat...mksh fatescret
Pengguna Google,4,2021-03-20 14:26:56,Good
Pengguna Google,5,2021-03-20 12:51:16,Mungkin ditambah pengingat kalo kalori sudah mendekati batas maximal
Pengguna Google,5,2021-03-20 08:55:03,aps paling membantu untuk yang lagi program diet
Pengguna Google,5,2021-03-20 08:18:53,Bagus program diet. Bisa mengukur kalori kita sehari. Mantap. Kembangkan terus aplikasi ini
Pengguna Google,4,2021-03-20 00:43:27,Bagus banget buat perhitungan kalorinya. Cuman untuk barcodenya tidak bisa digunakan
Pengguna Google,5,2021-03-19 21:42:28,"Appnya bagus banget asli bintang 5, bantu banget krn banyak info diet yg di share sama kakak kakak disana jadi makin tau diet yg sehat itu gimana, ngitung kalorinya juga bagus akurat lah sumpah sih komunitasnya yg ngemenangin app ini dibanding app sebelah moga kedepanya bisa posting progres lebih gampang . Sesuka itu gue sama ini app"
Pengguna Google,5,2021-03-19 17:10:11,Aplikasinya bagus. Dan bermanfaat banget buat saya yg lg awal2 diet..
Pengguna Google,5,2021-03-19 14:49:15,"Aplikasi bagus, membantu pola hidup sehat"
Pengguna Google,5,2021-03-19 10:43:22,Good aplikasi sangat membantu
Pengguna Google,5,2021-03-19 08:49:23,Sangat membantu
Pengguna Google,4,2021-03-19 07:18:07,"Lumayan utk ngitung kalori, tp masih ada yg harus entry manual"
Pengguna Google,5,2021-03-19 06:33:19,Bagus sekali
Pengguna Google,5,2021-03-19 05:55:00,Alhamdulillah berkat aplikasi ini berat badan turun. Lebih semangat lagi untuk turun berat badan.
Pengguna Google,5,2021-03-19 05:23:04,Disini cara cepat menghitung defisit kalori.. banyak temen2 juga di beranda yg saling support dan suka sharing menu diet sehat..
Pengguna Google,5,2021-03-19 04:33:53,Helpful
Pengguna Google,5,2021-03-18 20:45:52,Bagus jadi bisa kontrol kita makan👍
Pengguna Google,5,2021-03-18 20:14:54,Bagus.. Cuman agak males mengisinya
Pengguna Google,5,2021-03-18 19:22:01,Sangat membantuuuuu
Pengguna Google,5,2021-03-18 17:41:23,okok
Pengguna Google,5,2021-03-18 12:19:51,Sangat membantu dalam program diet bs dipakai pria atw wanita
Pengguna Google,5,2021-03-18 11:13:53,So far oke
Pengguna Google,5,2021-03-18 08:08:12,Bagus
Pengguna Google,5,2021-03-18 07:37:07,Membantu banget👍
Pengguna Google,5,2021-03-17 21:44:30,Bagus bangettt Ter lovee
Pengguna Google,5,2021-03-17 19:32:57,Good👍
Pengguna Google,4,2021-03-17 11:11:56,Baguuus
Pengguna Google,4,2021-03-17 11:09:00,Mantap
Pengguna Google,5,2021-03-17 10:07:03,Membantu bgt makan sehat dan seimbang
Pengguna Google,5,2021-03-17 06:35:38,Sangat membantu dalam program dietku
Pengguna Google,5,2021-03-17 06:15:26,"Sangat membantu, thank you"
Pengguna Google,5,2021-03-16 19:27:31,"Sangat membantu, semoga menunya lebih banyak lagi. Kadang masih suka lemot sama suka susah update foto kenapa yah"
Pengguna Google,5,2021-03-16 18:54:58,Mantaaapp jadi bisa ngerti brp kalori yg kita konsumsi tiap harinya
Pengguna Google,3,2021-03-16 15:38:22,baguss
Pengguna Google,5,2021-03-16 15:19:45,Aplikasi sangat membantu buat mantwu jumlah kalori
Pengguna Google,5,2021-03-16 06:42:28,Sangat membantu saya menghitung kalori harian
Pengguna Google,5,2021-03-16 06:26:18,"Sangat membantu, dietku terjaga dan estimasinya mendekati pas banget terimakasih fatsecret😘"
Pengguna Google,5,2021-03-16 06:20:56,Bagus sekali
Pengguna Google,2,2021-03-16 03:03:17,Baik
Pengguna Google,5,2021-03-15 19:12:21,sangat membantu program dietku.
Pengguna Google,5,2021-03-15 18:42:23,dihitung blok kalori lu klo mau kurus
Pengguna Google,4,2021-03-15 09:59:34,Ngebantu bnget buat nurunin berat badan menurut aku
Pengguna Google,5,2021-03-15 08:54:33,Good Apps
Pengguna Google,5,2021-03-15 08:49:24,Mantap
Pengguna Google,5,2021-03-15 07:57:14,Memberikan kenyamanan saat diet dengan informasi kalori yg dibutuhkan tiap hari nya
Pengguna Google,5,2021-03-15 06:35:52,Membantu menghitung kalori
Pengguna Google,5,2021-03-15 05:43:41,"Apk penolong,, bagus bngt jadi bisa defisit kalori"
Pengguna Google,5,2021-03-15 05:15:07,Snagat senang dengan aplikasi ini
Pengguna Google,5,2021-03-14 22:09:57,Nih apk cocok bat deh pokony
Pengguna Google,5,2021-03-14 21:22:30,"Gilaa bagus banget aplikasinya bisa ngehitung kalori makan makanan Indonesia dan juga makan orang luar juga lho... Kalian kudu download aplikasi ini,, mksii yaa udah download aplikasi ini,, doain aku biar turun 53-45"
Pengguna Google,5,2021-03-14 14:41:39,Aplikasi yg bagus buat yg lagi diet.sukaaaa
Pengguna Google,4,2021-03-14 12:22:15,membantu menghitung kalori yang masuk
Pengguna Google,5,2021-03-14 11:12:32,"Suka udah ada kemajuan buat contoh makanan dietnya, ada pilihan menu buat diet apa aja👍🏻"
Pengguna Google,5,2021-03-14 10:24:00,Keren
Pengguna Google,5,2021-03-14 08:07:21,Sangat membantu program diet saya
Pengguna Google,5,2021-03-14 05:07:50,Kereen
Pengguna Google,5,2021-03-13 22:08:59,Good aplikasi
Pengguna Google,5,2021-03-13 19:34:21,Good
Pengguna Google,5,2021-03-13 13:54:53,sangat membantu
Pengguna Google,1,2021-03-13 13:03:40,Q dah download aplikasi ini cman khilaf bgt datanya salah dibb q nulis 67 pdhl bb q 57 gimn caranya daftar ulg
Pengguna Google,5,2021-03-13 09:20:17,"Tinggal tmbhn fitur TDEE KALKULATOR, biar makin lengkap 👍"
Pengguna Google,5,2021-03-13 08:01:30,Bagus sekali
Pengguna Google,5,2021-03-13 07:43:59,Bagusssss bngd
Pengguna Google,5,2021-03-12 21:24:12,Asli bagus bgt app nya
Pengguna Google,5,2021-03-12 18:41:14,Top bgt
Pengguna Google,4,2021-03-12 08:03:40,Sangat membantu diet defkal saya
Pengguna Google,4,2021-03-12 07:57:36,Bagus
Pengguna Google,5,2021-03-12 06:28:07,Sangat membantu saya dalam menjalankan diet sehat...makan diatas1000 kal aja udh bisa nururnin bb😊
Pengguna Google,5,2021-03-12 06:19:54,Sangat membantu dalam proses penurunan berat badan
Pengguna Google,5,2021-03-11 20:20:07,So far so good
Pengguna Google,5,2021-03-11 11:22:35,Bagus
Pengguna Google,2,2021-03-11 09:24:34,Kok gak bisa di download ya fat secret nya
Pengguna Google,5,2021-03-11 07:42:06,Sangat membantu untuk pemula..
Pengguna Google,5,2021-03-11 06:27:04,Sip sip
Pengguna Google,2,2021-03-10 19:12:33,Kurang lengkap makananya misalnya kue Samir kue dongkal butter cokies Gery dll saya kasih bintang 2 dlu ntr sisanya klo udh lengkap
Pengguna Google,5,2021-03-10 18:46:06,Sangat Membantu)))
Pengguna Google,5,2021-03-10 15:54:05,Aplikasi keren 😍
Pengguna Google,5,2021-03-10 14:06:51,Sangat membantu .
Pengguna Google,5,2021-03-10 12:51:55,Suka pokonya sukaaaaaaak ❤️
Pengguna Google,5,2021-03-10 09:33:21,"Aplikasi yang sangat membantu , Lingkungan yang sangat positif"
Pengguna Google,4,2021-03-10 07:43:53,Bagus apknya ngebantu banget.. Tapi bagian istirahat nya ga bisa diganti..
Pengguna Google,5,2021-03-10 06:55:24,Sangat membantu proses diet
Pengguna Google,3,2021-03-10 05:25:37,3 Bontang dulu
Pengguna Google,5,2021-03-10 04:55:59,"Bagus banget untuk yg mau turun BB,bisa mengontrol kalori harian kita👍👍👍"
Pengguna Google,1,2021-03-10 00:26:30,sangat lama menginstal nya padahal jaringan saya bagus
Pengguna Google,5,2021-03-09 16:33:32,Aplikasi ini bagus banger😘😘🥰 I Like It🥰🥰
Pengguna Google,4,2021-03-09 13:10:41,Bagus sih
Pengguna Google,5,2021-03-09 12:21:13,bantu banget kontrol makanan pas diet
Pengguna Google,5,2021-03-09 11:48:23,Sangat membantu saya
Pengguna Google,1,2021-03-09 06:29:30,Aplikasi ini jelekk banget aku tidak bisa maauk
Pengguna Google,5,2021-03-09 06:13:20,Sangat membantu... Jd bsa atur pola makan
Pengguna Google,5,2021-03-09 05:47:40,Membantu sekali. Tambahi variasi jenis makanannya ya❤
Pengguna Google,5,2021-03-08 21:13:18,Saya suka
Pengguna Google,5,2021-03-08 17:36:04,"Cukup lengkap, banyak membantu dan mudah digunakan"
Pengguna Google,1,2021-03-08 15:41:30,Ko anak kecil gak bisa?
Pengguna Google,5,2021-03-08 13:31:34,Aplikasinya sangat mudah digunakan dan lumayan lengkap
Pengguna Google,5,2021-03-08 11:44:23,"Aplikasinya keren dan bermanfaat banget, aku jadi bisa memantau kalori harian yg masuk dan menambahkan aktivitas fisik, juga memantau progres BB aku. Thanks fat secret"
Pengguna Google,5,2021-03-08 11:13:35,Terima kasih ..bagus
Pengguna Google,5,2021-03-08 10:11:43,Harian untuk pola hidup sehatt 👍👍💜
Pengguna Google,5,2021-03-08 09:06:00,Membantu untuk diet..mkasi fs
Pengguna Google,5,2021-03-08 08:41:25,Sangat membantu
Pengguna Google,5,2021-03-08 08:38:24,Goooood
Pengguna Google,5,2021-03-08 08:20:19,Sangat membantu dalam pemantauan kalori sehari2
Pengguna Google,5,2021-03-08 07:20:35,Keren
Pengguna Google,4,2021-03-07 23:45:46,"Aplikasinya sangat bagus, sangat membantu saya dalam ambisi saya untuk menggemukkan badan saya, tapi saat ini ada masalah dalam menghitung AKG saya. Jadi tolong fix masalahnya min. Tapi sejauh ini ok lah app ini"
Pengguna Google,3,2021-03-07 19:21:49,Baru di coba 😊
Pengguna Google,5,2021-03-07 18:53:18,Ngebantu banget. Love🥰
Pengguna Google,5,2021-03-07 17:41:40,sangat membantu sekali
Pengguna Google,4,2021-03-07 16:49:59,"Lumayan membantu si apk nya, tp gatau jg lah bener apa gak inputan nya .."
Pengguna Google,4,2021-03-07 15:42:15,"Aku lagi diet dan pakai ini, beneran bisa tau berapa kalori makanan yg aku makan tiap hari jadi bisa kontrol makanan biar ngga berlebihan kaya dulu"
Pengguna Google,3,2021-03-07 14:03:10,Kandungan makanan yang terkandung pada tabel gizi tidak sesuai
Pengguna Google,5,2021-03-07 13:52:00,Mantap appnya
Pengguna Google,4,2021-03-07 12:59:55,Masih mencoba dlu y
Pengguna Google,4,2021-03-07 11:37:58,Sangat membantu saya untuk diet
Pengguna Google,5,2021-03-07 08:38:39,"Berguna banget, konsisten diet karena aplikasi ini, banyak teman berbagi cerita, saling support dan tentu bikin semangat"
Pengguna Google,5,2021-03-07 08:30:38,Mantap... Masih ada beberapa makanan yg tdi bisa dihitung total nutrisinya
Pengguna Google,5,2021-03-07 07:34:39,sangat suka karna buat diet nggak menyiksaa
Pengguna Google,5,2021-03-07 06:48:39,Sangat membantu sekali .
Pengguna Google,5,2021-03-07 05:13:21,Sangat membantu penurunan diet saya
Pengguna Google,5,2021-03-06 19:53:33,bagus
Pengguna Google,5,2021-03-06 16:47:53,Terimakasih sangat membantu do'ain ya semoga berhasil diet ku dan dapet bb ideal aamiin
Pengguna Google,5,2021-03-06 12:52:25,Belum coba..tapi semoga bermanfaat
Pengguna Google,5,2021-03-06 10:16:31,😀😀😀
Pengguna Google,5,2021-03-06 10:12:06,"Senang karena banyak teman sesama pejuang bb, meskipun tidak kenal, tapi saling menyemangati dan berbagi"
Pengguna Google,4,2021-03-06 08:52:49,Sangat membantu mngontrol devisit kalori sehari2 biar badan bsa ttep stabil at mnurunkan brat badan...hanya kekurangannya daftar menu mkanannya kurang lengkap...
Pengguna Google,5,2021-03-06 07:52:13,Mksh yah sudah membantu program diet saya
Pengguna Google,5,2021-03-06 06:13:57,benar benar membantu program diet defisit kalori...👍
Pengguna Google,5,2021-03-05 17:45:44,Membantu saya untuk mengetahui kalori harian saya
Pengguna Google,5,2021-03-05 17:26:01,"Bagusssss, Usefulllll, the best pokoknya.. Thank you <3"
Pengguna Google,5,2021-03-05 15:05:05,Membantu bgt
Pengguna Google,5,2021-03-05 12:26:18,Baguss 😊bantu program diet lebih terkontrol
Pengguna Google,5,2021-03-05 10:58:34,"Penggunaan Ok, walaupun masih ragu di nilai kalori yg di input...😀😀 ya gpp lah... apps nya sudah sangat menolong..."
Pengguna Google,5,2021-03-05 09:50:46,Sangat membantu untuk program diet
Pengguna Google,5,2021-03-05 09:19:15,Sangat sangat membantu program diet 💕
Pengguna Google,5,2021-03-05 07:23:01,Ok banget👍👍👍
Pengguna Google,5,2021-03-05 07:03:48,"ngebantu bangettt, jadi ga ribet kalo hitung kalori harian"
Pengguna Google,5,2021-03-05 06:26:48,Sangat bermanfaat
Pengguna Google,5,2021-03-04 21:19:19,Sangat membantu jd semangat diet nya. Makasih
Pengguna Google,4,2021-03-04 19:50:31,👍
Pengguna Google,5,2021-03-04 17:57:38,The best!
Pengguna Google,5,2021-03-04 17:23:49,Pal pale pale pale
Pengguna Google,5,2021-03-04 16:24:10,Sangat bagus apk nya sangat membantu dalam program diet
Pengguna Google,5,2021-03-04 15:47:48,Sangat bagus
Pengguna Google,5,2021-03-04 13:22:26,Ok apl nya membantu hitung kalori
Pengguna Google,5,2021-03-04 12:36:44,mantap sangat membantu.
Pengguna Google,4,2021-03-04 11:14:36,Bagus
Pengguna Google,3,2021-03-04 08:23:35,"Bintang 3 dlu deh Bagus kok apk nya, cuma yg bagian bakar kalori aja gak masuk akal. Aneh, tidur/istirahatnya masa 24 jam, gk bisa diganti. Jadi itung manual deh kalori yg kebakar. Overall good. Lebih diperbaiki bagian situnya aja. Nnti klo udh, saya ganti bintangnya👍"
Pengguna Google,5,2021-03-04 07:52:40,Mnteppppp
Pengguna Google,5,2021-03-04 06:59:24,Bisa mengontrol makan saya dg baik
Pengguna Google,5,2021-03-03 18:57:35,Aplikasi yg sangat membantu menjalani pola hidup sehat
Pengguna Google,5,2021-03-03 17:48:17,Makan jadi lebih ter kontrol Bonusnya sehat dan BB perlahan2 turun. Finally sampe juga BB ideal dari 60 ke 47
Pengguna Google,4,2021-03-03 16:58:05,Sangat membantuu untk mengontrol pola diet..makasihh😁
Pengguna Google,5,2021-03-03 12:43:39,Markijossss
Pengguna Google,5,2021-03-03 12:03:42,"Sangat membantu dalam program diet saya,trimakasih"
Pengguna Google,5,2021-03-03 10:49:13,"Sangat membantu sekali untuk mengetahui kebutuhan kalori harian , sehingga membantu diet 😁"
Pengguna Google,5,2021-03-03 07:29:08,Sangat membantu👍
Pengguna Google,5,2021-03-03 06:41:38,"Okee.. Membantu proses diet,"
Pengguna Google,5,2021-03-03 06:35:54,Aplikasi bagus banget.. sangat membantu program diet sya.. sejak pakai aplikasi ini jd bsa kontrol kalori yg masuk.. trimakasih fat secret..
Pengguna Google,5,2021-03-03 06:30:59,Sangat membantu sekali. Mantaapp
Pengguna Google,5,2021-03-03 04:16:11,"mantab, sangat membantu dalam persoalan memilih asupan nutrisi harian yang sesuai dengan angka kebutuhan gizi..."
Pengguna Google,5,2021-03-03 01:20:54,Sangat membantu 👍👍👍
Pengguna Google,5,2021-03-02 21:35:24,Jossss anget bisa mantau yanag masuk wkwkkww sama bisa ngerem dikit2
Pengguna Google,5,2021-03-02 19:13:59,Baik
Pengguna Google,5,2021-03-02 18:21:53,Sangat membantu
Pengguna Google,2,2021-03-02 17:46:48,Gabisa log in error
Pengguna Google,4,2021-03-02 07:24:06,Sangat membantu utk mengatur pola makan🤩
Pengguna Google,5,2021-03-02 05:27:06,"Aplikasi yang bagus nih... Bisa cek kalori yg masuk tiap hari.dianalisis makanannya, pokoknya mantap deh...buat yang lagi diet donlot deh aplikasi ini..."
Pengguna Google,4,2021-03-01 22:45:54,"Appsnya banyak membantu, semoga makin lengkap daftar kalori makanannya 👍🏻👍🏻👍🏻"
Pengguna Google,5,2021-03-01 21:27:44,"Bermanfaat banget buat yg mau nurunin atau pun nambah bb, aq senang pakai applikasi ini☺"
Pengguna Google,4,2021-03-01 20:54:17,Membantu
Pengguna Google,5,2021-03-01 19:20:06,Sangat membantu
Pengguna Google,5,2021-03-01 13:08:14,Mantappppp
Pengguna Google,1,2021-03-01 11:51:29,Jelek parah anying gak bisa masuk... Terjadi kesalahan terus... Ayolah aku pengen masuk cuk.... Anying teh...
Pengguna Google,5,2021-03-01 11:22:07,Mantap
Pengguna Google,4,2021-03-01 09:33:45,sangat membantu utk saya menghitung kalori harian
Pengguna Google,5,2021-03-01 06:12:23,"Aplikasi yang bagus untuk membantu program defisit kalori/ surplus kalori orang Indonesia karena list makanannya yang ""Indonesia banget"", tapi tingkat keefektifan nya tergantung seberapa jujur kita dalam menuliskan apa dan berapa yang sudah kita makan."
Pengguna Google,5,2021-02-28 23:53:16,"Mudah,menu makanan lengkap"
Pengguna Google,4,2021-02-28 17:07:30,4 dulu soalnya pemula
Pengguna Google,5,2021-02-28 10:32:44,Aplikasi yang sangat luar biasa membantu saya memahami kebutuhan tubuh sehingga bisa menurunkan berat badan dengan sehat. Terima kasih FATSECRET
Pengguna Google,5,2021-02-28 07:46:09,"Sangat bermanfaat,cuma kurang banyak pilihan menu."
Pengguna Google,5,2021-02-28 05:58:53,Great
Pengguna Google,5,2021-02-27 07:30:27,Good app
Pengguna Google,5,2021-02-27 06:25:49,Syukaaaa
Pengguna Google,5,2021-02-27 06:12:33,"Sangat membatu untuk saya dalam menghitung kalori makanan , terimakasih aplikasinya keren 😊"
Pengguna Google,5,2021-02-27 05:58:52,"Saya nyaman sekali pakai aplikasi ini untuk hitung kalori,lebih bagus lagi kalo dr pihak aplikasi kasih contoh2 menu murmer yg g susah dicontoh bagi diet pemula jg"
Pengguna Google,5,2021-02-27 05:42:42,Aplikasi terbaik yang pernah saya pakai
Pengguna Google,5,2021-02-26 22:19:05,Good. Membantu banget
Pengguna Google,5,2021-02-26 19:19:42,Sorry ralat.. Bukan turun 2.5kg tp 3.5kg dlm 17 hari pake app ini.. Hehhe.
Pengguna Google,5,2021-02-26 17:38:53,aplikasi yg sangat membantu buat program menurunkan BB secara sehat dengan melihat takaran kalori dan gizi
Pengguna Google,5,2021-02-26 17:00:04,Mantap untuk pemula diet
Pengguna Google,5,2021-02-26 13:45:52,Bagud
Pengguna Google,3,2021-02-26 13:21:40,"Bagusss, bikin kita tambah sayang sama diri sendiri"
Pengguna Google,5,2021-02-26 08:27:27,Puas
Pengguna Google,5,2021-02-26 05:32:34,Bagus
Pengguna Google,5,2021-02-25 17:53:40,"Bagus sekali,,"
Pengguna Google,3,2021-02-25 17:11:31,Bintang 3 dulu kalo bagus sya tambah 2 bintang lagi
Pengguna Google,5,2021-02-25 15:08:26,Good
Pengguna Google,4,2021-02-25 08:31:07,Makanannya kurang banyak
Pengguna Google,5,2021-02-25 07:37:12,Gokil
Pengguna Google,5,2021-02-24 23:01:46,😍😍😍
Pengguna Google,5,2021-02-24 16:50:23,Mantap
Pengguna Google,5,2021-02-24 08:20:48,Bagus bgt
Pengguna Google,5,2021-02-24 08:14:48,"Aplikasi yg bagus untuk membantu program diet & memelihara pola makan, Seberapa efektif aplikasi ini memebantu, tergantung dari niat kita & ketelatanan kita dalam mengimput kalori makanan yg kita makan."
Pengguna Google,5,2021-02-24 08:00:56,makasih fs
Pengguna Google,5,2021-02-24 07:31:11,❤️❤️❤️❤️❤️
Pengguna Google,5,2021-02-24 06:49:16,The best
Pengguna Google,5,2021-02-24 06:34:46,Bagus
Pengguna Google,5,2021-02-24 05:43:05,"Sangat terbantu program diet saya berkat aplikasi ini,,terima kasih"
Pengguna Google,5,2021-02-23 19:11:15,Good aps
Pengguna Google,5,2021-02-23 18:24:19,Membantu mengontrol jumlah makanan/kalori yang seharusnya
Pengguna Google,5,2021-02-23 15:24:28,"Sangat membantu saya,,untuk penghitungan kalori,tiap kali saya makan,thanks ya,,"
Pengguna Google,3,2021-02-23 14:08:22,"Menu makanan kurang lengkap, kalau bisa kita ngasih feedback makanan sama fotonya, soalnya makanan jawa banyak yg egk masuk"
Pengguna Google,5,2021-02-23 11:12:05,Aplikasinya sudah bagus. Saran bisa lebih ditambah lagi referensi makanannya. Good luck!!
Pengguna Google,5,2021-02-23 08:02:37,Its help me to manage my healthy meal
Pengguna Google,5,2021-02-23 07:45:28,Keren bgt aplikasinya. Membantu menghitung kalori makanan kita
Pengguna Google,5,2021-02-22 19:24:28,Okeeedeh
Pengguna Google,5,2021-02-22 19:08:18,Tolong lengkapi nama-nama makanan sama minuman yaa
Pengguna Google,5,2021-02-22 17:59:11,Bagussss apk nya Bagi pemula yg mau lakukan diet... Apk ini seperti remm cakram kalau jiwa makan sedang meronta²🤣
Pengguna Google,5,2021-02-22 15:54:47,"Hanya dengan memakai aplikasi ini + olahraga dikit di rumah, dalam 15 hari sy turun 5kg ,,duhh senangnyaa☺️"
Pengguna Google,5,2021-02-22 15:35:25,Suka bgt nemu aplikasi ini..bantu bagt program diet...jd bisa hitung kalori makanan jd lbh hati hati dan ga sembarangan makan....alhamdulilah 2 minggu dah loss 4 kg...intinya disiplin...klo dlu ak diet langsung cut karbo stlh pake aplikasi ini ttp makan karbo terpenting kalori yg masuk terkontrol atau defisit kalori...thanks..
Pengguna Google,5,2021-02-22 15:15:00,"Aplikasinya sangat bermamfaat , dan menu makanannya lengkap sekali .. thx"
Pengguna Google,5,2021-02-22 12:17:58,Fat secret pancen oye
Pengguna Google,5,2021-02-22 11:21:04,Aplikasi sangat membantu
Pengguna Google,5,2021-02-22 10:05:40,👍
Pengguna Google,5,2021-02-22 09:13:39,Like it so much
Pengguna Google,4,2021-02-22 08:02:52,Alhamdulillah...
Pengguna Google,5,2021-02-22 06:46:04,Ngebantu bgt bwt ngitung kalori makanan yg lg diet.. terthebest ❤️
Pengguna Google,5,2021-02-22 06:28:12,Aplikasi ini sgt membantu program penurunan berat badan
Pengguna Google,5,2021-02-22 04:14:11,Good
Pengguna Google,5,2021-02-21 19:02:06,Aplikasi yang Bagus 👍👍👍 Semoga bisa semakin banyak informasi tentang makanan dan gizi lainnya
Pengguna Google,5,2021-02-21 10:04:20,Sangat baguusss...👍👍👍
Pengguna Google,5,2021-02-21 07:51:24,I love fatsecret
Pengguna Google,5,2021-02-21 07:37:37,Semoga bisa membantu saya untuk menurunkan berat badan
Pengguna Google,5,2021-02-21 04:43:11,Bagus banget
Pengguna Google,5,2021-02-20 19:00:07,Membantu sekali
Pengguna Google,5,2021-02-20 13:37:19,membantu mengatur berat badan dapat memonitori berapa besar kalori yg masuk ke dalam tubuh
Pengguna Google,4,2021-02-20 10:23:44,"Buat defisit kalori dengan ttp memperhatikan makro dan mikro nutrisi bagus bgt ini apps, semuanya rapih tercatat. Cuma kadang ada makanan yg ga ada sih di sini. Semoga lebih lengkap lg."
Pengguna Google,5,2021-02-20 09:19:40,Best
Pengguna Google,4,2021-02-19 17:48:59,"Bagus banget,cuman makanan nya masih banyak yang belum ada"
Pengguna Google,4,2021-02-19 15:19:59,Memudahkan sy yg sedang diet dalam menghitung kalori harian👍👍
Pengguna Google,5,2021-02-19 08:25:41,Sangat membantu
Pengguna Google,5,2021-02-19 06:19:41,sangat terbantu dgn ad aplikasi ini bisa ngontrol kal perharinya soalnya sy lg program diet 👍👍
Pengguna Google,5,2021-02-18 22:03:10,Love it. Sangaaat sangat bermanfaat. Aplikasi yang bisa mengubah kebiasaan saya.
Pengguna Google,5,2021-02-18 19:55:33,Sangat Membantu defkal
Pengguna Google,5,2021-02-18 17:17:34,"Apl sangat membantu, 2 minggu turun 2 kg.."
Pengguna Google,5,2021-02-18 16:13:01,the best
Pengguna Google,5,2021-02-18 14:34:26,Top
Pengguna Google,5,2021-02-18 14:12:58,"Bisa tau brp kalori yg sudah kita makan, agar tidak berlebihan"
Pengguna Google,5,2021-02-18 06:37:55,Good
Pengguna Google,5,2021-02-18 06:31:32,Bgs..sngt membantu
Pengguna Google,5,2021-02-18 06:29:11,Good app
Pengguna Google,5,2021-02-18 04:40:46,"Mantap, Kurang di latihan."
Pengguna Google,5,2021-02-18 00:09:59,"Sangat membantu program diet, namun beberapa menu tidak lengkap"
Pengguna Google,5,2021-02-17 20:55:31,Sangat membantu
Pengguna Google,5,2021-02-17 19:04:12,Hebat... . bisa langsung tahu jumlah kalori yg kita makan setiap harinys
Pengguna Google,5,2021-02-17 17:10:01,Sangat bermanfat
Pengguna Google,4,2021-02-17 10:48:55,Aplikasi yang bagus sangat membantu saya dalam menurunkan berat badan terima kasih fatsecret
Pengguna Google,5,2021-02-17 09:38:24,bagus sekali baru pertama kali pake langsung suka
Pengguna Google,5,2021-02-17 07:32:54,Berguna untuk membantu menurunkan berat badan!
Pengguna Google,5,2021-02-17 06:20:22,"suka banget sama apk ini, sangat membantu mengatur dan melancarkan program"
Pengguna Google,3,2021-02-16 22:37:35,Bagus
Pengguna Google,5,2021-02-16 19:29:09,ngebantu banget buat ngatur pola makan woi :)))))
Pengguna Google,5,2021-02-16 12:12:23,Sangat bagus
Pengguna Google,5,2021-02-16 12:07:27,"Lengkap fiturnya, interface friendly, resep yg bnyk pilihannya. Puas sekali"
Pengguna Google,4,2021-02-16 04:58:15,Keren bisa bantu utk menghitung kalori yg diasup seharian
Pengguna Google,5,2021-02-15 20:20:10,"suka banget aplikasi ini membantu buat catat makanan setiap hari, ada pengingat untuk makan pagi, siang, malam. Dan ada pengingat waktu untuk menimbang berat badan secara berkala, bisa saling komunikasi dengan user lain setiap harinya soal diet dan workout."
Pengguna Google,5,2021-02-15 19:49:13,Dengan mengikuti deflal..aku berhasil turun bb ku..alhamdulillah badan terasa enteng.
Pengguna Google,5,2021-02-15 18:21:08,Belum coba tp semoga berhasil
Pengguna Google,4,2021-02-15 15:52:01,Coba ditambah lagi aplikasi yg bisa dihubungkan...semoga bisa dihubungkan ke aplikasi mi fit...jd lgkap dan tambah mantap...skrg bintangnya 4 dlu..klo dah bsa sinkron sama mifit baru sya tambah...
Pengguna Google,5,2021-02-15 10:04:55,Suka banget gara2 fat secret pola makanku jadi lebih ke kontrol😀
Pengguna Google,4,2021-02-15 08:34:21,Mantep si bisa mantau kalori. Dukung bgt buat yg mau diet2 atau mgurangin asupan kalori hihi. Semoga makin meningkatkan kualitas aplikasinya yaa
Pengguna Google,5,2021-02-15 08:19:54,Sangat membantu
Pengguna Google,4,2021-02-15 05:53:42,👍👍👍👍👍👍
Pengguna Google,5,2021-02-14 20:02:48,"Tadinya coba2,tp efektif juga,,wlpun brkrg sdkt2 tp pasti..sbnrnya aku nya aj yg mles work out,coba tmbh wo,tmbh cpt juga kynya..mntp makasi fatsecret"
Pengguna Google,5,2021-02-14 19:37:23,Ngebantu banget. Tp kalau bisa menu dan merek makanan d perbanyak ya . Jd gak bingung mau search yg udah kita makan
Pengguna Google,5,2021-02-14 19:17:09,Sangat membantu untuk mewujudkan tubuh ideal😆
Pengguna Google,5,2021-02-14 18:39:36,"Trima kasih, sangat menolong bagia saya yg awam"
Pengguna Google,4,2021-02-14 11:21:24,Aplikasi ini sangat membantu mengontrol jumlah kalori utk tubuh.
Pengguna Google,1,2021-02-14 10:25:03,Ko gbsa di download ya knp
Pengguna Google,5,2021-02-14 08:33:55,aplikasi yang memvantu perdietan meghitung calori
Pengguna Google,4,2021-02-14 08:29:53,Cukup membantu untuk pejuang diet pemula dlm mengiitung kalori dan memanage makanan harian kita.
Pengguna Google,5,2021-02-14 06:48:40,👍🏻
Pengguna Google,5,2021-02-14 05:45:23,Benar2 aplikasi yg sangat bagus dalam membantu program diet...semenjak memakai FS... menurunkan berat badan sangatlah mudah...love this app so much👍😘
Pengguna Google,5,2021-02-13 20:47:19,Sangat membantu saya dengan penghitungan kalori makro dan mikro nutrien
Pengguna Google,5,2021-02-13 18:46:53,"Apl keren, dietnya jadi semangat"
Pengguna Google,4,2021-02-13 15:49:02,👍
Pengguna Google,1,2021-02-13 14:27:28,Aplikasi in valid pa gak ya..masa kadar gula rambutan kok nol per 100gramnya..di banding salak masa maaih tinggi salak.rambutan kan manis.
Pengguna Google,5,2021-02-13 09:01:27,good
Pengguna Google,5,2021-02-13 08:45:42,Aplikasinya bagus
Pengguna Google,5,2021-02-13 08:44:42,Aplikasi sangat membantu memantau diet saya
Pengguna Google,5,2021-02-12 20:24:18,Great apps
Pengguna Google,5,2021-02-12 19:09:33,Membantu banget
Pengguna Google,5,2021-02-12 17:55:08,Mantap
Pengguna Google,3,2021-02-11 12:12:44,Kenapa setelah diupdate malah error ya
Pengguna Google,5,2021-02-11 11:29:14,Aplikasi yg bagus menemani program diet saya
Pengguna Google,5,2021-02-11 08:03:58,Sangat baik dan aku jatuh cinta
Pengguna Google,5,2021-02-10 14:34:56,this app is so efficient
Pengguna Google,5,2021-02-10 12:31:49,Sangat membantu sekali aplikasinyaa
Pengguna Google,5,2021-02-10 10:46:17,Suka...
Pengguna Google,5,2021-02-10 09:05:45,Sangat membantu utk menghitung kalori...shg berat badan bs terjaga
Pengguna Google,4,2021-02-10 06:49:21,Sangat membantu untuk menurunkan berat badan
Pengguna Google,5,2021-02-09 23:08:05,Saya sangat terbantu dng aplikasi ini makasih ya ..salam sukses selalu
Pengguna Google,5,2021-02-09 22:10:14,Aplikasi ini sagat membantu saya menaikan berat badan
Pengguna Google,5,2021-02-09 18:57:10,"Membantu banget, ada forum untuk ngeliat orang orang yang seperjuangan yang bisa ngebuat aku semangat, dan dijamin sih bakal tetap konsisten kalau pake ini, soalnya apsnya ga ribet juga. Asal ada wifi/paket ya."
Pengguna Google,5,2021-02-09 18:07:02,"Bagus aplikasinya, cara loginnya juga mudah. Semoga bisa membantu dalam proses diet saya"
Pengguna Google,5,2021-02-09 17:51:49,Sangat memudahkan bagi yg berkeinginan mengatur pola makan minum latihan dan istirahat
Pengguna Google,5,2021-02-09 16:13:57,Baguus :-) :-)
Pengguna Google,3,2021-02-09 11:51:05,Cara make aplikasi nya gimana ya?
Pengguna Google,5,2021-02-09 05:38:03,Aplikasi sangat baik untuk turun berat badan. Buat pedoman dan sharing sama teman sesama diet. Makasih.
Pengguna Google,5,2021-02-08 19:16:44,Membantu sekali untuk defisit kalori. Thanks fs
Pengguna Google,4,2021-02-08 16:00:35,Aplikasinya bagus. Bisa diandalkan. Bisa sharing sama teman juga
Pengguna Google,5,2021-02-08 15:04:29,"Beneran berguna bgt ini aplikasi buat yg mau diet, aku udah turun 5 kiloan. Cuma kekurangannya menu harian kurang lengkap."
Pengguna Google,5,2021-02-08 13:32:07,SANGAT MEMBANTU
Pengguna Google,5,2021-02-08 10:52:31,Game nya bagus kok
Pengguna Google,5,2021-02-08 10:51:24,Sangat membantu
Pengguna Google,5,2021-02-08 10:14:43,"Kalo aku fs semacam reminder sih, dan lihat journey temen2 di fs jd makin semangat hidup sehat"
Pengguna Google,5,2021-02-08 08:26:54,sangat membantu dalam menghitung kbutuhan Kalori di saat program diet
Pengguna Google,5,2021-02-08 08:24:47,Mantttaaaaapppp
Pengguna Google,5,2021-02-08 08:01:58,Dr awal tahun pake aplikasi ini.. sangat membantu👍🏾
Pengguna Google,5,2021-02-08 07:24:30,"Bisa mengontrol asupan kalori, mantap"
Pengguna Google,5,2021-02-08 05:29:15,Aplikasi ini sangat membantu sekali dalam program diet saya..karena saya bisa mengontrol jumlah kalori yang masuk ke tubuh...alhamdulillah dalam 1 minggu berat badan udah mulai turun...jadi tambah semangat dietnya
Pengguna Google,5,2021-02-08 05:09:06,"Aplikasinya kerenn bener"" bisa terbukti......sukaa"
Pengguna Google,5,2021-02-07 21:16:32,"thank you applikasi berguna untuk hidupku sehat, kalau bisa tambahkan timbang berat badan"
Pengguna Google,1,2021-02-07 16:33:24,"Bagus sih aplikasinya tapi pas mau masuk, suka tiba2 ke logout sendiri alhasil kudu masukin email lagi manaan suka error,"
Pengguna Google,5,2021-02-07 14:48:07,Sangat membantu
Pengguna Google,5,2021-02-07 09:40:51,Membantu bangetttt
Pengguna Google,5,2021-02-07 08:31:10,Aplikasi terbaik
Pengguna Google,5,2021-02-07 07:55:38,good
Pengguna Google,3,2021-02-07 07:13:10,"Alhamdulillah dengan adanya app ini jadi lebih mudah untuk mengatur porsi makan & tau berapa kkal yg kita konsumsi serta berapa kalori yg terbakar dengan kegiatan"""
Pengguna Google,5,2021-02-07 06:22:45,"mudah, tanpa iklan juga."
Pengguna Google,5,2021-02-06 23:08:13,Bagus bgt nih👍
Pengguna Google,5,2021-02-06 10:18:48,Besttttt
Pengguna Google,5,2021-02-06 10:01:00,Keren abis sihh
Pengguna Google,5,2021-02-06 08:33:56,Bagus kok
Pengguna Google,4,2021-02-06 07:02:27,Masih ada kalori makanan yang belum di ketahui fat secret. Tapi sejauh ini fat secret sangat membantu saya dalam mengontrol makan.
Pengguna Google,5,2021-02-05 22:08:08,Alhamdulillah belum sampe sebulan dengan apk ini ane dari 80kg skrg udg ke 72 KG BISMILLAH otw sixpack
Pengguna Google,4,2021-02-05 21:39:52,Mantap
Pengguna Google,5,2021-02-05 18:40:45,"Ini sangat membatu untuk progres tujuan saya menuju bentuk badan yg ideal terima kasih,"
Pengguna Google,5,2021-02-05 08:05:16,ngebantu banget untuk program diet aku
Pengguna Google,3,2021-02-05 00:02:30,"Saya kasih bintang 3,karna saya baru mau coba"
Pengguna Google,5,2021-02-04 21:35:17,"Suka banget ma nih aplikasi jadi semangat diet,i like it !!!!"
Pengguna Google,5,2021-02-04 18:02:31,"Luar biasa, membantu sekali"
Pengguna Google,5,2021-02-04 13:18:55,nice
Pengguna Google,5,2021-02-04 12:33:43,Mantapp bgt. Mendukung program dietkuuu
Pengguna Google,5,2021-02-04 12:30:49,"Puas pakai aplikasinya, mohon dilengkapi menu indonesia nya dunk, garang asem, sop hehehe"
Pengguna Google,5,2021-02-04 06:34:22,Bagus bisa bantu saya diet
Pengguna Google,5,2021-02-04 05:56:01,Sangat sangat membantu
Pengguna Google,5,2021-02-04 05:54:32,Bagus app nya sangat membantu
Pengguna Google,4,2021-02-04 05:07:25,"Layaknya sebagai asisten pribadi kita, program menurunkan berat badan jadi lebih mudah"
Pengguna Google,5,2021-02-03 18:19:52,Nice
Pengguna Google,5,2021-02-03 15:49:12,Sukaaaa
Pengguna Google,5,2021-02-03 15:40:44,Dri dlu syaa pakai ini untuk mjga brat bdan saya
Pengguna Google,5,2021-02-03 09:29:46,"Aplikasi bagus untuk program diet.. aaahhh suka sekali,, ❤"
Pengguna Google,5,2021-02-03 06:54:51,Sangat membantu proses diet saya 👍👍
Pengguna Google,5,2021-02-03 05:58:25,Suka
Pengguna Google,3,2021-02-02 22:49:59,Sering banget error di bagiab laporannya. Sedih!
Pengguna Google,5,2021-02-02 18:43:11,This aplication really really help me. Thankyouuu so mucchhh!!!!
Pengguna Google,5,2021-02-02 10:03:50,Aplikasi yang sangat membantu bagi yg ingin menurunkan berat badan. Aplikasi yg mengedukasi ttg jml kalori. Berat badan saya pun bs turun hampir 3kg! Perlahan tp pasti!
Pengguna Google,5,2021-02-02 05:40:26,"Aplikasi yg sangat membantu planingnya saya puasa makan jadi 1 hari saya makan 2 kali ditambah olahraga ringan seperti jalan kaki, dan bersih2 rumah Saya baru coba aplikasi ini baru kemarin dan saya sudah menyukainya 😊😉"
Pengguna Google,5,2021-02-02 03:58:45,Sangat membantu menakar konsumsi kalori juga mudah menemukan jenis makanan yg kita makan.
Pengguna Google,5,2021-02-01 19:06:42,Sangat membantu untuk yang mau hidup sehat agar tidak kelebihan kalori
Pengguna Google,5,2021-02-01 14:06:39,Sy seneng dgn aplikasi ini..bisa mengontrol kalori yg masuk sehingga ndk surplus kalori n BB bisa turun
Pengguna Google,5,2021-02-01 07:58:31,Aplikasi ini sangatlah membantu dalam program Diet saya
Pengguna Google,5,2021-02-01 07:01:36,Sangat membantu dalam program diet ku. Sdh tahun ke 3 menemani ku
Pengguna Google,5,2021-02-01 06:44:36,Sangat bagus
Pengguna Google,5,2021-01-31 20:48:00,"Bagus,saya jd tau jumlah kalori harian saya, trims"
Pengguna Google,5,2021-01-31 17:29:51,Sangat membantu untuk proses dietku...semoga tercapai Sampai BB yang diharapkan
Pengguna Google,5,2021-01-31 14:06:18,"Sangat2 membantu dalam mencukupi kalori harian, saya harap kalori nya akurat"
Pengguna Google,4,2021-01-31 13:11:26,Dengan aplikasi ini aku lebih bisa mengontrol makanku
Pengguna Google,5,2021-01-31 10:21:25,"Applikasi akurat untuk diet, tapi tolong lebih komplit lagi daftar makanan nya ya"
Pengguna Google,5,2021-01-31 06:40:04,Aplikasi bagus
Pengguna Google,5,2021-01-30 21:25:16,Baguuss
Pengguna Google,5,2021-01-30 11:23:49,Aplikasi yang sangat bagus dan membantu menjalankan program diet
Pengguna Google,5,2021-01-30 10:49:11,Seneng bgt bs pantau kalori dari app ini...coocok bgt yg lg diet metode defisit kalori...
Pengguna Google,5,2021-01-30 08:31:39,Very usefull
Pengguna Google,5,2021-01-30 03:19:34,Istimewa
Pengguna Google,5,2021-01-29 21:55:51,Membantu sekali untuk bisa ngerem makan perhari
Pengguna Google,5,2021-01-29 18:38:45,Sangat membantu dalam penurunan berat badan dan badan lebih sehat
Pengguna Google,5,2021-01-29 17:13:21,"Terimakasih, aplikasi Sangat baik dan membantu"
Pengguna Google,5,2021-01-29 10:17:31,Good
Pengguna Google,5,2021-01-29 06:42:56,Sangat membatu
Pengguna Google,5,2021-01-28 20:13:16,Sangat membantu
Pengguna Google,5,2021-01-28 18:30:03,Sangat membantu dalam program penurunan berat badan
Pengguna Google,5,2021-01-28 09:00:02,"Aplikasi ini sangat membantu pengguna untuk hidup lebih sehat, kita jadi tahu banyak tentang kebutuhan kalori, makanan2 apa dng jumlah berapa yg seharusnya kita makan. 👍👍👍"
Pengguna Google,5,2021-01-28 07:13:14,Sgt mmbantu untuk menurunkan berat badan menjadi lbih ideal
Pengguna Google,5,2021-01-27 19:01:00,Mantap josss berguna
Pengguna Google,5,2021-01-27 15:55:31,"User friendly, jd gampang buat ngitung2 kalori dan jd pengingat hehehe"
Pengguna Google,5,2021-01-27 13:29:36,"Suka banget, saya jadi tahu plan saya kedepan dan makanan2 yg baik utk memperbaiki kalori saya, saya baru coba seminggu sdh turun 2kg-an (tentunya ditambah dgn olahraga spy ada kalori yg dikeluarkan).. semoga saya konsisten menggunakan app ini dan defisit kalori saya bisa berhasil dengan bantuan app ini."
Pengguna Google,5,2021-01-27 12:12:16,Alhamdulilah def kal jadi lebih mudah dengan fat secret
Pengguna Google,5,2021-01-27 10:58:10,Emezing
Pengguna Google,5,2021-01-27 08:21:04,"Alhamdulillah sudah bagus aplikasinya. Tp ada beberapa makanan / sayuran yg belum ada disini. Mudah""an kedepannya bisa lebih berkembang lagi. Sukses selalu."
Pengguna Google,5,2021-01-26 18:51:19,Ekscited
Pengguna Google,4,2021-01-26 11:33:42,Bagus banget aplikasi ini.. aku berhasil nurunin bb sampe 13kg dlm 3 bln
Pengguna Google,5,2021-01-26 09:20:28,baguss
Pengguna Google,5,2021-01-26 09:04:31,"Aplikasi ini bener bener ngebantu aku buat konsisten dalam ngatur pola makan, bb aku yg udh sampe 80kg bulan Juli 2020, sekarang januari 2021 udah 57kg. Yeay 4 kg lagi menuju target ideal, thank you so much"
Pengguna Google,5,2021-01-26 05:29:54,"Lebih mudah mengatur kalori yg masuk dlm tubuh, aplikasi ini sangat membantu sekali🥰"
Pengguna Google,5,2021-01-25 18:36:43,Sukaaa bgt
Pengguna Google,5,2021-01-25 18:28:59,Ok
Pengguna Google,5,2021-01-25 15:24:29,Good
Pengguna Google,4,2021-01-25 12:15:50,Membantu dlm menghitung kalori harian
Pengguna Google,4,2021-01-25 09:00:13,"Bagus, tp ada makanan yg tidak ada, jd ngitung kalori kurang akurat"
Pengguna Google,5,2021-01-25 08:04:27,Sangat membantu cek nutrisi dalam makanan..Ada beberapa makanan yg belum masuk.. tapi gak apalah... masih bnyak yg ada nya..
Pengguna Google,5,2021-01-25 07:32:39,Great! 👍
Pengguna Google,5,2021-01-24 18:41:09,Sangat membantu saya yg sedang melaksanakan program diet
Pengguna Google,5,2021-01-24 17:30:36,Sangat membantu program diet saya.. Terima kasih! 😍
Pengguna Google,5,2021-01-24 16:19:55,Bagus bgt
Pengguna Google,5,2021-01-24 15:29:17,"bagus!!! Apalagi yg sedang menjalani diet, jadi bisa ngatur kalori per harinya, juga dapet banyak resep sehat setiap harinya....."
Pengguna Google,5,2021-01-24 14:36:01,Good lah ni aplikasi apa lagi buat pemula gym seperti saya buat naikin berat badan 1bulan aja bisa naik 10 kilo bahkan lebih saya baru naik 15 kilo dalam waktu 1 bulan lebih seminggu
Pengguna Google,5,2021-01-24 10:52:41,Sangat membantu dalam program diet
Pengguna Google,5,2021-01-24 10:42:44,Membantu kontrol asupan kalori
Pengguna Google,5,2021-01-24 08:42:42,bagus aplikasinyaaaaaa
Pengguna Google,4,2021-01-24 08:17:13,Bagus
Pengguna Google,5,2021-01-24 07:35:25,"Sangat membantu prosesku, teman² di komunitas juga sangat menginspirasi.."
Pengguna Google,5,2021-01-24 07:06:52,Sangat membantu
Pengguna Google,5,2021-01-23 18:53:29,Sejauh ini bagus. Membantu aku lebih semangat diet dan ditambah ada postingan dari orang2 tentang progresnya di app ini jd nambah teman di dunmay dan menjadi motivasi
Pengguna Google,5,2021-01-23 18:19:29,All is well
Pengguna Google,4,2021-01-23 09:38:11,"Bagus, untuk yang mau defisit kalori"
Pengguna Google,5,2021-01-23 07:06:39,Membantu dalam pola makan
Pengguna Google,5,2021-01-23 04:45:48,Recomended
Pengguna Google,4,2021-01-22 20:54:23,Baru mau coba
Pengguna Google,5,2021-01-22 13:48:57,"Mantap FatSecret, tinggal maksimalin lagi aja"
Pengguna Google,5,2021-01-22 12:18:47,Oke
Pengguna Google,5,2021-01-22 12:01:28,Bagus bagi yg memulai diet
Pengguna Google,5,2021-01-22 10:12:15,Bagus..
Pengguna Google,5,2021-01-21 19:54:38,Mantap
Pengguna Google,5,2021-01-21 19:37:25,Ok
Pengguna Google,5,2021-01-21 12:55:18,Dengan aplikasi ini alhamdulillah bisa tau kebutuhan nutrisi tubuh
Pengguna Google,5,2021-01-21 12:50:38,"Aplikasi bagussss, bagi kalian yg ingin diet wajib banget install app ini"
Pengguna Google,5,2021-01-21 09:55:45,"Tolong Untuk Jumlah Air Minum diberikan secara Gratis, kalo untuk Resep Makanan dari Fatsecret tak apa2 bayar, kalo jumlah air minun, Samsung Health saja kasih gratis kok.. ya"
Pengguna Google,4,2021-01-21 07:40:24,Sangat membantu diet saya
Pengguna Google,5,2021-01-21 07:38:51,"Benar2 membantu diet aq walopun gag pny email.hehe. dari 65 skrg sdh 57 baru 1,5 bln ajah. Dibarengi olahraga tentunya. Jd Tau brp kalori yg masuk dlm sehari penuh"
Pengguna Google,5,2021-01-21 03:54:53,Saya menjadi tahu kebutuhan kalori saya dan menjadi semangat untuk melakukan defisit calori
Pengguna Google,5,2021-01-20 18:52:59,Sngat membantu aplikasi ni sgt bgus
Pengguna Google,3,2021-01-20 09:02:01,Baru nyoba
Pengguna Google,5,2021-01-20 08:51:35,Mantappppl sk karna gampang sekali kaga seperti aplikasi lain ribett
Pengguna Google,5,2021-01-19 15:10:01,mantap
Pengguna Google,5,2021-01-19 09:06:29,"Aplikasi yang bermanfaat untuk menahan diri tidak kalap makan 😂 dan membatasi asupan kalori yang kita konsumsi, cm pilihan makanan agar diperbanyak lg"
Pengguna Google,5,2021-01-19 08:07:03,Good
Pengguna Google,2,2021-01-18 10:10:53,"Ah, di-update malah hang."
Pengguna Google,5,2021-01-18 09:08:30,Sangat membantu untuk hidup lebih sehattttt
Pengguna Google,5,2021-01-18 08:08:01,aplikasi ini sangat membantu dalam penurunan BB saya
Pengguna Google,5,2021-01-18 07:45:19,Good job 👍
Pengguna Google,5,2021-01-18 05:02:49,Like
Pengguna Google,5,2021-01-18 00:27:45,Tambah semngat dietnya😊
Pengguna Google,5,2021-01-17 17:47:28,"Sangat membantu dalam penaikan berat badan,dalam 2 bulan berat badan saya naik 9 kilo"
Pengguna Google,5,2021-01-17 16:20:13,Sangat membantu
Pengguna Google,5,2021-01-17 16:16:07,Sangat membantu. Thx
Pengguna Google,5,2021-01-17 14:51:40,Sahabat diet tersayang...
Pengguna Google,5,2021-01-17 13:50:49,"Belum mencoba ,semoga bermanfaat untuk diet ku"
Pengguna Google,5,2021-01-17 11:48:43,Aplikasi yang sangat membantu
Pengguna Google,5,2021-01-17 08:48:14,terima kasih... membantu sekali
Pengguna Google,5,2021-01-17 08:14:25,Penting
Pengguna Google,5,2021-01-17 06:41:48,Mantaapp sungguh membantu jadi tau jumlah kalori yang kita makan jadi lebih hati2 dalam memilih makanan pokoknya bagusss bgt😊😊 trimakasih
Pengguna Google,5,2021-01-17 00:41:47,Pokoknya TOP BGT👍👍👍
Pengguna Google,5,2021-01-16 21:29:28,"Aplikasi penghitung kalori paling akurat, lengkap dan paling mudah digunakan. Tanpa banyak persyaratan yang menyusahkan pengguna. Apresiasi sebesar-besarnya untuk developer aplikasi ini👍😀"
Pengguna Google,5,2021-01-16 17:41:50,Lebih tahu kandungan makanan yg kita makan. Jadi selama ini yg dimakan hanya sampah. Dan efeknya penimbunan lemak di mana²
Pengguna Google,3,2021-01-16 17:16:06,Belum kucoba
Pengguna Google,5,2021-01-16 16:52:52,Sangat bagussss
Pengguna Google,5,2021-01-16 14:56:23,Membantu sekali
Pengguna Google,5,2021-01-16 12:19:22,Sangat baik
Pengguna Google,5,2021-01-16 10:39:40,Love banget deh pokoknya dengan aplikasi ini. Kenapa gak dari dulu taunya. Jadi bisa kontrol kalori yg masuk dan masih bebas makan enak. Diet santuuyyyy pokonamah. Many thanks FS 😍😍🙏
Pengguna Google,5,2021-01-16 09:49:20,Sangat membantu🤗🤗
Pengguna Google,4,2021-01-16 05:12:36,"Sangat membantu untuk program menurunkan berat badan atau juga menaikkan berat badan,, cuma sedikit saran tgl menambah daftar menu Indonesia yg blm lengkap tolong lengkapi aja deh selebihnya udah ok ok ok ok bangeeeet"
Pengguna Google,5,2021-01-15 22:46:12,Bisa mengatur pola makan saya
Pengguna Google,5,2021-01-15 20:23:25,Lumayan buat ngelacak kebutuhan kalori hari an kita
Pengguna Google,5,2021-01-15 11:50:48,Good
Pengguna Google,5,2021-01-14 21:14:45,Ok bgt buat program diet kita
Pengguna Google,5,2021-01-14 14:25:40,Saya sangat terbantu dengan aplikasi ini
Pengguna Google,5,2021-01-14 12:45:09,Oke banget deh
Pengguna Google,5,2021-01-14 10:15:46,Sangat membantu buat yang pengen menaikkan dan menurunkan bb
Pengguna Google,5,2021-01-14 07:35:16,"Sangat membantu, jd asupan kalori, lemak, kolesterol, dll terkontrol. Apalagi buat yg lg diet, bisa buat ngukur kalori yg kita konsumsi 👍👍"
Pengguna Google,4,2021-01-14 00:38:34,"Ini kenapa akhir-akhir ini ga bisa dibuka mulu ya? Padahal koneksi dan jaringan baik-baik saja, muncul an unexpected error... Tolong diperbaiki segera"
Pengguna Google,5,2021-01-13 21:00:51,Sangat praktis dan lengkap
Pengguna Google,5,2021-01-13 15:01:12,Coba dulu😀
Pengguna Google,5,2021-01-13 11:17:01,Bagus bgtt sangat membantu❣
Pengguna Google,5,2021-01-13 11:03:38,Sangat membantu
Pengguna Google,5,2021-01-13 07:12:00,Aplikasinya sangat membantu jadi
Pengguna Google,4,2021-01-12 20:46:08,Sangat membantu untuk pemula yang ingin memulai hidup sehat dalam menghitung kalori
Pengguna Google,5,2021-01-12 18:59:59,Sangat membantu
Pengguna Google,5,2021-01-12 13:25:25,Sangat membantu
Pengguna Google,5,2021-01-12 08:50:04,Sangat bagus
Pengguna Google,5,2021-01-12 08:22:05,Ntap
Pengguna Google,5,2021-01-12 08:01:02,Oke banget bantu defisit kalori👌
Pengguna Google,5,2021-01-12 07:31:22,Membantu sekali menghitung kalori harian
Pengguna Google,5,2021-01-11 20:20:05,"Aplikasi yang sangat membantu dalam menghitung asupan kalori yang kita makan, hanya saja ada beberapa item makanan yang tidak ada, sebaiknya diberikan tambahan item baru"
Pengguna Google,5,2021-01-11 20:18:51,bagus sekali
Pengguna Google,5,2021-01-11 19:24:11,Walaupun kdg2 suka lebih dr kalori yg di tentukan puji Tuhan bs turun 2kg😁
Pengguna Google,4,2021-01-11 13:36:17,"Belum coba, lagi pengen coba"
Pengguna Google,5,2021-01-11 09:33:09,Sangat membantu
Pengguna Google,4,2021-01-11 08:58:29,4 dulu
Pengguna Google,5,2021-01-11 08:47:27,Sangat membantu dalam diet
Pengguna Google,5,2021-01-10 21:53:28,Bagus bngt
Pengguna Google,5,2021-01-10 13:33:59,Aplikasi ok bgt
Pengguna Google,5,2021-01-10 09:43:39,Worth it!!!!!!
Pengguna Google,5,2021-01-10 08:16:05,"Sangat bagus,,,alhamdulillah aku turun 13 kl pake APK ini"
Pengguna Google,5,2021-01-10 06:51:27,Sangat membantu👍👍👍
Pengguna Google,5,2021-01-09 18:50:24,Sangat membantu
Pengguna Google,5,2021-01-09 18:09:54,"Bagus pakai aplikasi ini👍, tingkatkan"
Pengguna Google,4,2021-01-09 16:57:37,gud
Pengguna Google,5,2021-01-09 16:25:15,Sangat membantuuu 👍
Pengguna Google,5,2021-01-09 16:21:39,Aplikasi yang sangat bermanfaat untuk yang lagi diet
Pengguna Google,5,2021-01-09 15:05:21,Sangat membantu sekali
Pengguna Google,5,2021-01-09 13:10:36,Bagus tapi bebrapa hari ini sering erorr knapa ya
Pengguna Google,5,2021-01-09 10:18:59,"Aplikasi ini sangat membantu ,dan saya puas sekali"
Pengguna Google,4,2021-01-09 08:20:10,Bagus banget buat ngontrol kalori
Pengguna Google,4,2021-01-09 07:40:06,Good
Pengguna Google,5,2021-01-09 06:57:17,Sangat membantu untuk mengontrol apa yg kita makan
Pengguna Google,3,2021-01-09 06:19:01,baru download.
Pengguna Google,5,2021-01-08 20:34:27,Sangat membantu
Pengguna Google,5,2021-01-08 14:32:50,Mantabbb
Pengguna Google,5,2021-01-08 09:35:58,Sangat membantu
Pengguna Google,4,2021-01-07 20:34:24,bagus sih
Pengguna Google,5,2021-01-07 20:34:15,"Jenis makanan lokal indonesia masih belum lengkap, dan juga untuk restoran populer"
Pengguna Google,5,2021-01-07 19:58:27,"Apk ini sangat membantu saya dalam.program diet saya untuk menghitung berapa jumlah kalori yang ada pada makanan saya dan didalam apk ini juga terdapat orng"" yg diet jugak dan kita juga bisa meminta bantuan dan saran dari mereka jugak. Untuk kedepannya saya harap apk ini bisa menghadirkan lebih banyak lagi menu makanan nya"
Pengguna Google,5,2021-01-07 10:23:59,Bagus aplikasi nya bisa tahu berapa Kalori yang masuk dalam tubuh kita atau kalori keluar dalam tubuh kita waji cobak gaes
Pengguna Google,5,2021-01-07 09:27:15,Istimewa
Pengguna Google,5,2021-01-07 09:02:30,Bagus bgt... apalagi versi Indonesia nya hehe.. hampir semua makanan sayur dan buah ada kalorinya... jd ga bingung lagi
Pengguna Google,5,2021-01-07 08:51:35,Aplikasinya mudah digunakan
Pengguna Google,5,2021-01-07 08:34:49,Nice app
Pengguna Google,5,2021-01-07 06:36:08,Sangat membantu
Pengguna Google,5,2021-01-07 05:57:06,"Terimaksih... Keren, luar biasa 💪💪💪"
Pengguna Google,5,2021-01-06 20:52:22,"Lebih waswas makan ,dan lebih selectif, bagus ni app yg mau ubah pola makan"
Pengguna Google,5,2021-01-06 19:46:26,Bagus banget untuk nimbangbkalori
Pengguna Google,5,2021-01-06 19:12:23,"Membantu sekali untuk program diet, sukses selalu pokoknya."
Pengguna Google,5,2021-01-06 17:50:20,Aplikasinya sangat membantu dalam tracker makanan dan gizi yg di konsumsi ✨
Pengguna Google,5,2021-01-06 15:29:49,Keren
Pengguna Google,5,2021-01-06 09:16:07,Sangat membantu saya utk menjalani program diet hidup sehat seumur hidup saya.. terimakasih aplikasi yang sangat rekomended.
Pengguna Google,5,2021-01-06 08:36:10,Sangat2 mebantu
Pengguna Google,5,2021-01-06 08:08:55,Ok
Pengguna Google,5,2021-01-06 07:45:09,Bagus banget buat kontrol makanan yg masuk dan jdi patokan untuk ga hilap 😂
Pengguna Google,5,2021-01-06 07:36:46,Keren
Pengguna Google,5,2021-01-06 07:35:41,"Sangat membantu dalam plan menurunkan berat badan, terimakasih"
Pengguna Google,5,2021-01-06 07:28:35,"Makasih fatsecret,sangat membantu saya untuk mengontrol makanan.sehat nya dapat..kurusnya dapat..🥰🥰🥰"
Pengguna Google,5,2021-01-06 06:55:43,Dapat memantau aktivitas kalori yg masuk dan yg keluar dengan baik. Sehingga terpantau dengan jelas
Pengguna Google,5,2021-01-05 23:45:27,"mau nanya dong, ini fatsecret lg error apa gimana ya kok gabisa masukin makanan yang kita makan? aku doang apa yg lain jg gt? makasih btw app nya bagus bgt!!!!!"
Pengguna Google,5,2021-01-05 22:41:49,"Ya pokoknya gitu lah,anda coba saja apk nya ini..semoga bermanfaat"
Pengguna Google,5,2021-01-05 22:35:34,👍👍👍
Pengguna Google,5,2021-01-05 19:58:41,Oke
Pengguna Google,5,2021-01-05 14:23:16,Sangat membantu dalam kontrol asupan kalori haria. Kuncinya kita jujur sama diri sendiri
Pengguna Google,4,2021-01-05 13:45:09,"bagus,semoga diet nya lancar"
Pengguna Google,5,2021-01-05 11:36:39,Keren
Pengguna Google,5,2021-01-05 11:26:53,Sangat membantu dalam mengontrol makanan
Pengguna Google,5,2021-01-05 11:02:37,lbagus
Pengguna Google,5,2021-01-05 10:08:12,👍👍👍
Pengguna Google,5,2021-01-05 09:58:35,Nice
Pengguna Google,5,2021-01-05 08:58:50,Bermanfaat untuk semua yang ingin menurunkan berat badan
Pengguna Google,5,2021-01-05 08:06:24,Ok
Pengguna Google,5,2021-01-04 19:21:01,"Bangus banget, sangat membantu buat hitung kalori, dan jaga pola makan. Share-share dari member lainnya juga selalu bikin kita keep motivated buat diet. Thanks ya developer"
Pengguna Google,5,2021-01-04 13:32:21,membantu sekali
Pengguna Google,5,2021-01-04 11:47:23,"Keren, hitung kalori jadi mudah"
Pengguna Google,4,2021-01-04 10:42:34,Nice!
Pengguna Google,4,2021-01-04 09:05:53,"Bagus, bisa mengatur pola makan yg berantakan"
Pengguna Google,5,2021-01-04 08:49:42,Sangat membantu
Pengguna Google,5,2021-01-04 08:42:58,Bagus bgt
Pengguna Google,5,2021-01-04 08:26:03,Semoga semakin banyak jenis makanan nya
Pengguna Google,5,2021-01-04 08:07:13,😍😍😍
Pengguna Google,5,2021-01-04 07:59:05,Terimakasih sudah membantu saya menemukan kalori pada makanan ❤️
Pengguna Google,5,2021-01-04 07:57:00,Kendalikan Kalori mu dgn aplikasi yg tepat..
Pengguna Google,5,2021-01-04 06:14:35,Sangat membantu untuk defisit kalori
Pengguna Google,5,2021-01-04 04:37:44,Mantap
Pengguna Google,4,2021-01-03 19:54:46,Sangat membantu
Pengguna Google,5,2021-01-03 18:47:05,Sangat membantu saya dalam mengontrol makanan
Pengguna Google,5,2021-01-03 14:56:28,Sangat membantu sekali
Pengguna Google,5,2021-01-03 12:09:12,Good
Pengguna Google,5,2021-01-03 11:25:52,"Aplikasi ini sangat bagus, sangat membantu utk menurunkan atau menaikkan berat badan, dgn aplikasi ini kita dapat mengetahui seberapa banyak kalori yg dimakan dalam sehari dan tentunya terdapat resep yg menunjang tujuan kita utk makan dalam sehari, terimakasih. I recommend u to download this app :)"
Pengguna Google,4,2021-01-03 09:42:44,"sangat membantuu skali, krna tiap makanan diketahui kalorinya.. tp menurut saya kurang jelas takarannya krn sy gapunya timbangan gram utk makanan, selebihnya ini sangat membantu"
Pengguna Google,5,2021-01-02 20:46:19,"Kereeeennn bgt ,ngebantu bangett sih ni aplikasiii ,jatuh cinta pokoknya deh sama aplikasi ini"
Pengguna Google,4,2021-01-02 20:11:47,Sangat membantu
Pengguna Google,5,2021-01-02 19:09:46,Sangat bermanfaat
Pengguna Google,5,2021-01-02 17:41:38,Keren
Pengguna Google,5,2021-01-02 17:35:35,Pernah turun 80 ke 75
Pengguna Google,5,2021-01-02 17:02:40,"luar bisa,bisa mengontrol makanan aku setiap hari nya,alhamdulilah turun 2 kiloan ,dari tgl 6 des sampai hari ini.pokoknya eat clean,komitmen dan olahraga.😊thx youuu"
Pengguna Google,5,2021-01-02 13:08:33,Sumpah ni bikin gwa kurus
Pengguna Google,5,2021-01-02 12:01:34,Sangat bermanfaat untuk program diet
Pengguna Google,5,2021-01-02 09:59:47,Terimakasih
Pengguna Google,5,2021-01-01 22:38:26,Bermnfaat nih aplikasi nya saya suka..
Pengguna Google,5,2021-01-01 18:17:58,Aplikasi mantap
Pengguna Google,5,2021-01-01 11:35:21,Keren banget sangat membantu dan bermanfaat.
Pengguna Google,5,2021-01-01 08:37:52,Mantap gara gara ini jadi bisa konsisten diet
Pengguna Google,5,2020-12-31 22:21:43,love this app
Pengguna Google,5,2020-12-31 12:22:38,wow
Pengguna Google,5,2020-12-31 12:05:13,Good thankyou 💐
Pengguna Google,5,2020-12-31 11:03:16,"FS sangat berjasa sekali dalam proses diet yg sedang diperjuangkan. Membuat Defisit kalori yg ribet jadi sangat amat simple dan menyenangkan. Bisa menemukan banyak teman dan banyak support positif agar Tetap semangat diet. Terima kasih bnyk FS. FS Teman terbaik yg paling mengerti, saat yg lain hny membuat minder dan insecure. Fighting !"
Pengguna Google,5,2020-12-31 10:51:36,Pke bahs Inggris smua mknan ny jd susah nyari... Hrus translate dlu
Pengguna Google,5,2020-12-31 09:27:08,Mantul
Pengguna Google,5,2020-12-31 08:54:00,"App bagus, tpi tolong dong ada fitur buat ganti nama username."
Pengguna Google,5,2020-12-31 08:45:41,Sangad membantu
Pengguna Google,5,2020-12-31 08:20:58,Mau tanya tolong dijawab ya.. GIMANA SIH CARA NGHAPUS POSTINGAN??
Pengguna Google,5,2020-12-31 07:22:05,Sangat membantu program diet saya trimakasig fs
Pengguna Google,4,2020-12-30 07:03:49,Sayangnya gak semua menu ada kalori nya jadi bingung aku nya
Pengguna Google,5,2020-12-29 12:41:51,Diet jadi berasa happy. Gak ada yg dipantang2 asal sesuai porsinya dan jumlah kalori makanan atau minuman yg masuk tetap dihitung di app ini. Makasih ya udah buat dietku jadi enjoy.
Pengguna Google,5,2020-12-29 10:55:55,Sangat membantu dalam program dietku. Jd bisa ngitung kalori dengan aplikasi ini. Ditambahn banyak yg share program dietnya di aplikasi ini jd makin semangat
Pengguna Google,3,2020-12-29 09:41:56,Ok lah
Pengguna Google,4,2020-12-29 08:36:00,Tlg di update ttg jenis makanan yang lbh variatif
Pengguna Google,5,2020-12-28 22:17:12,Sangat membantu dalam menghitung kalori asupan makanan yang saya butuhkan.
Pengguna Google,5,2020-12-28 17:06:27,Bagus bermanfaat
Pengguna Google,5,2020-12-28 11:27:50,"Sangat membantu dalam mengontrol pola makan saya, dan saya beri bintang 5"
Pengguna Google,4,2020-12-28 10:23:30,Excited🤩
Pengguna Google,5,2020-12-28 09:27:21,Bagus
Pengguna Google,5,2020-12-28 07:58:09,Josss
Pengguna Google,5,2020-12-28 07:17:20,Aplikasi yang luar biasa
Pengguna Google,5,2020-12-28 07:12:37,Sangat mudah di gunakan..
Pengguna Google,5,2020-12-28 07:09:19,saya suka aplikasi ini..
Pengguna Google,5,2020-12-28 06:10:21,Aplikasi bermanfaat
Pengguna Google,5,2020-12-28 04:52:26,Sangat membantu
Pengguna Google,5,2020-12-27 21:38:03,"Sangat membantu ku menghitung kkal yang masuk ke tubuhku, 👍👍 semangat diet untuk sehat💪💪"
Pengguna Google,5,2020-12-27 19:52:33,Bisa turun beneran.... Defisit kalori !👍🏻👍🏻👍🏻
Pengguna Google,5,2020-12-27 17:59:26,Keren dah pokoknya...jd tau harus makan seberapa...sebulan turun 2 kilo krn defisit kalori💓
Pengguna Google,5,2020-12-27 17:12:21,Terimakasih telah menciptakan aplikasi yang sangat berguna
Pengguna Google,5,2020-12-27 12:18:38,Keren
Pengguna Google,4,2020-12-27 10:41:31,Sangat membantu...
Pengguna Google,5,2020-12-27 10:40:11,❤️❤️❤️❤️
Pengguna Google,5,2020-12-26 08:51:27,Suka... Membantu bangett
Pengguna Google,5,2020-12-26 08:51:16,Good
Pengguna Google,5,2020-12-26 06:19:48,"Ada beberapa yang harus manual untuk cari tahu besaran kalori. So far so good , sangat membantu utk kira2 kalori masuk harian👌"
Pengguna Google,5,2020-12-26 06:05:54,Sangat membantu mengontrol kalori harian
Pengguna Google,5,2020-12-25 21:38:42,Sangat membantu bgt buat nurunin bb
Pengguna Google,5,2020-12-25 18:32:42,Bagus
Pengguna Google,5,2020-12-25 17:20:21,Ooelah mantappp
Pengguna Google,5,2020-12-25 17:15:46,Sangat sangat membantu
Pengguna Google,5,2020-12-25 13:30:31,"Banyak yang bilang app nya bagus jadi ikutan nyoba ternyata emamg sebagus itu,,,,,jadi gampang ngatur pola makan Mudah""an dengan app ini dietku berhasi kaya yang lainnya"
Pengguna Google,5,2020-12-25 08:45:27,"Buat temen2 yang mau diet santuy, ga cape, ga berasa diet, download app ini deh... disini kita bisa tau kalori makanan yang kita makan sehingga kita bisa atur kebutuhan kalori harian kita. Makan bisa tetep 3x sehari asal memenuhi tidak melebihi kalori harian yang dibutuhkan tubuh kita. Coba deh."
Pengguna Google,4,2020-12-25 07:29:28,gak bisa download kenapa ya
Pengguna Google,3,2020-12-24 19:28:48,Aplikasi saya kok jadi berbahasa inggris ya? Gimana cara balikin ke bahasa indonesia?
Pengguna Google,5,2020-12-24 10:20:30,Mantul
Pengguna Google,5,2020-12-24 09:31:32,Sangat membantu program menurunkan berat badan saya. Terimakasih.
Pengguna Google,4,2020-12-24 07:54:29,Bagus bgt aplikasi nya 🥰
Pengguna Google,4,2020-12-24 06:18:10,"Sangat membantu untuk lebih disiplin dalam mengatur pola hidup sehat, timbangan menurun itu bonus. 👍"
Pengguna Google,5,2020-12-23 19:09:51,"Sangat membantu untuk yg sedang diet, krn kita jadi tau makanan yg d konsumsi jumlah kalorinya brp."
Pengguna Google,5,2020-12-23 12:23:46,Mantap
Pengguna Google,4,2020-12-23 10:31:41,Membantu buat program dietku..
Pengguna Google,5,2020-12-23 10:11:11,The best sangaat membantu
Pengguna Google,5,2020-12-23 08:23:38,Enak banget komplit apk ini👍👍👍
Pengguna Google,5,2020-12-22 09:10:29,Mantap
Pengguna Google,5,2020-12-22 06:03:27,Membantu setting menu dengan jumlah kalori yg sesuai
Pengguna Google,5,2020-12-22 05:05:39,Terima kasih
Pengguna Google,3,2020-12-22 02:04:23,"Saya pernah upload kalori suatu makanan, ternyata kalorinya salah, cara ubahnya gimana? Gabisa diapus juga😭"
Pengguna Google,5,2020-12-21 22:34:01,Sukaa
Pengguna Google,5,2020-12-21 18:31:38,Bagus..ngebantu jg utk hitung kalori...thank's
Pengguna Google,5,2020-12-21 16:01:46,Membantu sekali
Pengguna Google,5,2020-12-21 14:36:39,Min saya cumak saran tambahkan menu manu makanan indonesia seperti pepes ikan patin
Pengguna Google,5,2020-12-21 11:02:11,Sangat membantu sekali
Pengguna Google,5,2020-12-21 08:11:48,Kereen ...
Pengguna Google,5,2020-12-21 08:07:28,Good
Pengguna Google,5,2020-12-21 03:35:14,"Mudah banget,, sangat membantu.. Tetapi ada beda hasil hitung kalori dgn aplikasi lain, dan beras hitam lebih tinggi daripada beras merah"
Pengguna Google,4,2020-12-20 19:48:43,Good aplikasi
Pengguna Google,5,2020-12-20 11:18:33,Sukaaaa banget
Pengguna Google,3,2020-12-20 10:22:31,"Tolong dong pengembang, ditambahi kalkulator dan pelacak BMI, pelacak bodyfat.. makasih"
Pengguna Google,5,2020-12-20 10:15:14,Sangat membantu dalam program defisit kalori
Pengguna Google,5,2020-12-20 10:10:25,🤗
Pengguna Google,5,2020-12-20 07:51:01,Palin bagus app ini 😍 buat menurunkan berat badan
Pengguna Google,4,2020-12-20 06:38:21,Memotivasi saya untuk hidup sehay
Pengguna Google,5,2020-12-20 06:11:39,Sangat membantu dalam program diet saya🙏
Pengguna Google,5,2020-12-19 13:50:20,Mudah digunakan dan sangat bermanfaat
Pengguna Google,5,2020-12-19 12:49:36,"Aku bisa mengatur pola makan sekarang, berkat adanya aplikasi ini😊"
Pengguna Google,5,2020-12-19 10:20:29,Jd lebih perhatian tentang kalori dan nutrisi yg di konsumsi Sangat bermanfaat...thanks
Pengguna Google,5,2020-12-19 09:30:40,"Mantap lah, kalau bisa tambahin fitur yang ada opsi olahraga nya. Nicee!"
Pengguna Google,5,2020-12-19 09:17:28,Trimakasih telah membantu diet sya....
Pengguna Google,5,2020-12-18 18:22:27,"Bagus, bisa mengatur pola makan dan mengatur kalori saat diet"
Pengguna Google,5,2020-12-18 17:22:53,Bagus banget apalagi kalo yg mau diet ini membantu banget app ini bantu aku nurunin aku 4kg
Pengguna Google,5,2020-12-18 16:14:18,Terimakasih FatSecret. Aplikasi yg Kereeeen. Sangat membantu
Pengguna Google,5,2020-12-18 16:09:07,"Mantap bener sih ini, lengkap, tinggal search makan apa, isi beratnya aja, kalori karbo dll sudah terinput😍 ada komunitasnya jg saling support di dlm app💕"
Pengguna Google,5,2020-12-18 15:40:27,Terimakasih
Pengguna Google,5,2020-12-18 12:40:35,💜💜💜💜💜💜💜💜💜💜💜💜💜
Pengguna Google,5,2020-12-18 11:35:13,Sangat membantu dalam program pola makan sehat dan kalori defisit
Pengguna Google,5,2020-12-18 11:13:22,👍👍👍👍👍
Pengguna Google,5,2020-12-18 09:36:11,Aplikasi ini sangat membantu untuk membuat jurnal diet setiap saat
Pengguna Google,5,2020-12-18 07:28:31,Bermanfaat sekali untuk diet ku hahaha
Pengguna Google,5,2020-12-17 21:45:43,Luv
Pengguna Google,5,2020-12-17 21:12:41,Good
Pengguna Google,5,2020-12-17 20:51:22,Ngebantu banget..
Pengguna Google,4,2020-12-17 14:05:47,"Senang bisa menggunakan aplikasi ini,bisa mengontrol makan dgn baik"
Pengguna Google,5,2020-12-17 13:31:41,"Bagus apk nya, sangat membantu dalam program menghitung kalori, mohon di tmbahkan lebih banyak menu masakan, terutama menu masakan rumahan, terimakasih😃"
Pengguna Google,5,2020-12-17 12:19:28,Keren aplikasinya... Bagus utk program diet
Pengguna Google,5,2020-12-17 10:37:57,Berguna sekali
Pengguna Google,5,2020-12-17 10:12:46,Membantu sekali dalam pola diet saya hingga BB nya turun nya juga cepet. nyesel knpa baru ketemu sekarang sama aplikasi ini🥺. Pokonyaa top dehh💝💝💝
Pengguna Google,5,2020-12-17 07:55:56,"Mantaps, memudahkan kontrol defisit kalori, kalau maximal dg WO 1 minggu bisa 1kg lost BB"
Pengguna Google,5,2020-12-17 07:02:23,"Bagus bgt, pertahankan yaaaa"
Pengguna Google,5,2020-12-17 06:47:35,"Satu minggu turun 3kg, cukup rekomended lah apk ini"
Pengguna Google,5,2020-12-17 06:00:02,"Membantu sekali utk hitung digital kalori yg dikonsumsi setiap hari,aku sdh turun 4kgan selama 1 bulan"
Pengguna Google,5,2020-12-17 05:51:09,"Sangat membantu program diet saya,, alhamdulillah diet jadi semangat"
Pengguna Google,5,2020-12-16 17:19:17,Okay
Pengguna Google,5,2020-12-16 15:06:35,Sangat berguna aplikasinya. Thanks.
Pengguna Google,5,2020-12-16 13:13:43,Terima kasih fac secert telah bantu mengkur pola makan saya
Pengguna Google,5,2020-12-16 11:15:09,Happy
Pengguna Google,5,2020-12-16 10:17:55,Apl ini sangat membantu saya dalam menghitung kalori sehari hari
Pengguna Google,5,2020-12-16 08:00:20,Aplikasi yg sngat membantu
Pengguna Google,5,2020-12-16 06:37:45,Sangat bagus👏
Pengguna Google,5,2020-12-16 04:31:40,Ok banget.. sangat membantu saya dalam menghitung kalori harian saya
Pengguna Google,5,2020-12-15 15:34:20,Sangat membantu proses diet
Pengguna Google,5,2020-12-15 11:03:33,Keep good
Pengguna Google,5,2020-12-15 09:37:28,Sangat membantu sekali untuk menaikan berat badan maupun menurunkan berat badan
Pengguna Google,5,2020-12-15 05:43:29,Membantu
Pengguna Google,5,2020-12-14 16:46:58,Bagus...membantu sekali dalam penurunan bb saya....alhamdulillah
Pengguna Google,4,2020-12-14 14:58:29,"Untuk app penghitung kalori sudah bagus sekali.. hanya saja suka bingung dengan satuannya ""ons"" itu berapa? Ons atau oz? Lalu jg untuk daging2an (ayam paha contohnya) itu satuan gram apakah dg tulang atau tanpa tulang? Begitu juga dg ikan, satuan gram itu apakh dg duri atau tanpa duri? 😭"
Pengguna Google,4,2020-12-14 12:54:58,Nice app
Pengguna Google,5,2020-12-14 10:55:56,"Aplikasi yang sangat membantu untuk kalori defisit, dan mengontrol berat badan tiap hari, keren pokonya"
Pengguna Google,5,2020-12-14 08:04:44,Sangatttt membantu Thankyou
Pengguna Google,5,2020-12-14 08:00:32,Bb awal 58kg jadi 55kg dalam seminggu tanpa olahraga apapun cuma rebahan aja dan defisit kalori pakek apk ini
Pengguna Google,5,2020-12-14 07:48:17,Sangat membantu untuk mengukur berapa kalori yang sudah dimakan.
Pengguna Google,5,2020-12-14 04:50:16,"Aplikasi yg sangat bgus,saran lebih ditambh lagi variasi makanan yh sdh di olah"
Pengguna Google,5,2020-12-13 18:43:47,sangat membantu untuk menurunkan berat badan.
Pengguna Google,5,2020-12-13 18:38:59,Sangat membantu
Pengguna Google,5,2020-12-13 15:23:32,Aplikasi keren ni guys
Pengguna Google,5,2020-12-13 11:25:19,Sukaaa sama aplikasi ini.. sangat membantu program penurunan bb akuu...🤗🤗🤗
Pengguna Google,5,2020-12-13 05:09:10,Bagus... membantu program dietku. Cuma sayangnya ga ada takaran sendok buat nasi.
Pengguna Google,5,2020-12-12 21:15:18,bagus bgt aq udh turun 4 kg lebih dr 78 ke 73kg. cuma atur pola mkn.
Pengguna Google,5,2020-12-12 17:27:09,Terima Kasih. Sangat membantu
Pengguna Google,5,2020-12-12 17:06:03,Sangat sangat membantu sekali terimakasih fatsecret 👍👍👍👍👍
Pengguna Google,5,2020-12-12 16:09:43,bermanfaat sekali buat diet terimakasih
Pengguna Google,4,2020-12-12 13:15:59,Belom coba sih tapi harapannya bisa membantu
Pengguna Google,5,2020-12-12 05:48:54,Sangat membantu dalam mengontrol makanan yg masuk.dan tau gmn peningkatan diet tiap harinya ☺️
Pengguna Google,4,2020-12-12 05:31:32,Program dan kalori menu n olah raga atau kegiatan bagus sekali
Pengguna Google,5,2020-12-11 18:30:38,sumpah aplikasi ini keren bngt.🥰
Pengguna Google,5,2020-12-11 13:21:36,Mantap
Pengguna Google,5,2020-12-11 11:17:01,"Aplikasinya bagus,membantu mengatur kalori yg di konsumsi tiap hari,kl bisa di tambah daftar makanannya supaya enak kl apa2 yg dicari ada.."
Pengguna Google,5,2020-12-11 10:03:05,Aplikasi yg sangat bermanfaat untuk mengatur pola makan orang kurus 👍👍👍
Pengguna Google,3,2020-12-11 06:54:21,Bagus
Pengguna Google,5,2020-12-11 05:41:08,Mantapppp.....sangat berguna buat diet
Pengguna Google,5,2020-12-10 23:53:05,Membantu sekali
Pengguna Google,5,2020-12-10 22:11:18,bagus banget
Pengguna Google,5,2020-12-10 17:45:42,Sangat membantu dalam hal menghitung jumlah kalori harian.thank you
Pengguna Google,5,2020-12-10 11:49:58,Membantu dlm belajar mengontrol kalori yg dikonsumsi
Pengguna Google,5,2020-12-10 08:41:55,"Mantap, bisa ngitung kalori maksimal. Bisa jadi acuan walaupun makannya dikit"
Pengguna Google,4,2020-12-10 06:03:26,Sangat membantu sekali untuk mgontrol makan kita...
Pengguna Google,5,2020-12-10 05:09:25,"Alhamdulillah... aplikasi yg sgt bermanfaat yakni sungguh membantu q utk memilah"" mknan yg baik dn menolong dlm menghitung kalori harian q... mksih👍👍"
Pengguna Google,5,2020-12-09 22:56:42,Aplikasi andalan banget selain IG ini medsos kesayangan akuuu.. sudah lose 25kg bravooo fatsecreettt sayang kamuuu 🥰❤❤❤
Pengguna Google,5,2020-12-09 19:15:59,Aplikasi ini telah sangat membantu saya dalam menurunkan berat badan dan berpola hidup yang lebih sehat
Pengguna Google,5,2020-12-09 17:00:18,"Membantu sekali target saya menurunkan berat badan, aplikasi nya mudah di pahami, sudah ada hitungan kalori nya, lemak, dll. Kalau boleh saran ada menu diet nya, pasti lebih ok lg aplikasi nya,"
Pengguna Google,5,2020-12-09 11:04:42,"Tiap hari harus rajin buka fat secreat, makan dan minum jd terkontrol, suka banget, semoga jumlah satuannya bs di tambahkan (dlm takaran sendok makan utk nasi) makasih"
Pengguna Google,5,2020-12-09 10:55:46,Mantul serasa punya ahli gizi dirumah
Pengguna Google,1,2020-12-09 02:06:31,APK nya gak bisa ke buka!!
Pengguna Google,4,2020-12-08 22:19:01,"Sejauh ini cukup membantu untuk kontrol program diet saya,hanya saja ada makanan tertentu yg tdk bisa di sesuaikan takaran nya tpi mungkin itu krna saya yg blm begitu mengerti cara mengelola aplikasi ini dgn baik 🙏"
Pengguna Google,5,2020-12-08 21:01:58,Keren
Pengguna Google,5,2020-12-08 17:41:18,Memudahkan mengetahui jumlah nutrisi yang kita butuhkan
Pengguna Google,5,2020-12-08 16:28:55,Sangat membantu dalam program diet.
Pengguna Google,5,2020-12-08 11:53:43,Bagus bgt.. aku sudah trun 3kg walupn blm sebulan
Pengguna Google,5,2020-12-08 08:08:52,Sangat membantu saya untuk menurunkan berat badan
Pengguna Google,4,2020-12-08 06:00:27,Mohon dtambahkan lagi jenis2 makananx
Pengguna Google,5,2020-12-07 23:18:56,Aplikasinya bner2 bagus bangett❤
Pengguna Google,2,2020-12-07 22:48:45,Aku kasih bintang 2dlu yah entar klo emang bner aplikasi nya bgus(aku kasih bintang lima yah in sya Allah😇🙏
Pengguna Google,5,2020-12-07 19:28:39,Bagus
Pengguna Google,5,2020-12-07 17:45:15,Ntaps lah
Pengguna Google,5,2020-12-07 17:27:20,Kereen
Pengguna Google,5,2020-12-07 15:17:23,Program makan dgn hit energi yg sesuai utk bb ku. Lur biasa.
Pengguna Google,5,2020-12-07 12:21:51,Oke
Pengguna Google,5,2020-12-07 11:06:07,Good app
Pengguna Google,5,2020-12-07 11:02:34,Membantu bgt
Pengguna Google,4,2020-12-07 10:24:36,Kenapa ga bisa saya donlot
Pengguna Google,5,2020-12-07 10:15:16,"Membantu banget, buat defkal. Kalori yang dimakan jadi terkontrol. Thank you"
Pengguna Google,5,2020-12-07 09:41:22,"Sangat membantu, dalam program defisit kalori."
Pengguna Google,5,2020-12-07 09:36:31,"Sangat membantu dalam menghitung kalori, alhamdulillah usah 4 bulan BB turun 12kg"
Pengguna Google,5,2020-12-07 08:39:40,sangat membantu sekali trimakasih
Pengguna Google,5,2020-12-07 08:06:02,"Aplikasi yang sangat membantu gue banget buat ngasih tau besar kalori yang kita makan, keren"
Pengguna Google,5,2020-12-07 08:05:36,Sngt membntu mksh
Pengguna Google,5,2020-12-07 07:11:25,Baguuussssssss
Pengguna Google,5,2020-12-07 06:47:15,Awesome
Pengguna Google,5,2020-12-07 05:24:52,Sangat membantu sekali
Pengguna Google,5,2020-12-07 05:03:41,Seneng banget pakek aplikasi ini sangat membantu smoga smakin sukses makasih fatsecret
Pengguna Google,5,2020-12-06 23:23:40,Mantap membuat saya semangat diet
Pengguna Google,5,2020-12-06 22:17:57,"Jd belajar asupan gizi dan makanan, thx fat secret"
Pengguna Google,5,2020-12-06 22:13:04,Mantap sangat sangat membantu
Pengguna Google,5,2020-12-06 17:24:51,Nice App
Pengguna Google,5,2020-12-06 17:16:24,Ok ok
Pengguna Google,3,2020-12-06 13:59:06,"Bagaimana cara merubah bahasanya mnjdi bhs indonesia? Pdhl regionnya sdh Indonesia, tp ttp bhs inggris dan menu indonesia nya sedikit sekali."
Pengguna Google,4,2020-12-06 10:05:18,Mantal
Pengguna Google,5,2020-12-06 08:33:52,Sangat lengkap menunya
Pengguna Google,5,2020-12-05 19:06:41,Bagus unt ngontrol
Pengguna Google,1,2020-12-05 18:41:12,Kenapa tidak bisa di pakai dan di buka
Pengguna Google,2,2020-12-05 17:55:41,Kenapa saya susah d download nyah padahal gak ada masalah sama jaringan ataupun memory?
Pengguna Google,4,2020-12-05 16:37:23,Mantaps
Pengguna Google,5,2020-12-05 11:53:37,Apk yang sangat bagus sekali sudah membantu saya dalam menghitung asupan kalori harian saya
Pengguna Google,5,2020-12-05 10:44:00,Aku pengen kurusss
Pengguna Google,5,2020-12-05 09:06:17,Keren..
Pengguna Google,5,2020-12-05 07:53:10,Sangat bermanfaat😜
Pengguna Google,4,2020-12-05 07:22:27,Aplikasi yang bagus
Pengguna Google,5,2020-12-05 06:38:57,Sangat membantuuuuu
Pengguna Google,5,2020-12-05 05:47:22,Ok
Pengguna Google,5,2020-12-05 04:53:21,Bagus aplikasinya
Pengguna Google,5,2020-12-04 21:54:30,Ditambah lagi dong varian menu nya biar lebih lengkap. But overall sangat membantu program diet defisit kalori. Thanks
Pengguna Google,5,2020-12-04 21:07:28,Mantap sangat membantu
Pengguna Google,4,2020-12-04 21:01:48,Bagus
Pengguna Google,5,2020-12-04 14:14:32,Bantu banget buat saya yg sedang program lose weight. Bisa kontrol kalori makanan jd bisa defisit dgn tepat. Recommend
Pengguna Google,5,2020-12-04 13:56:49,Sangat membantu.
Pengguna Google,5,2020-12-04 08:38:05,Mempermudah proses diet untuk pemula
Pengguna Google,5,2020-12-04 07:36:00,"Berkat fat secret, aku jadi ngerti kebutuhan kalori harian ku brp.. dan dua Minggu turun 2 kilo dong 😍😍"
Pengguna Google,5,2020-12-04 07:03:52,sangat membantu dietku
Pengguna Google,5,2020-12-04 06:24:57,"Aplikasi ini membantu saya dalam mengontrol asupan makanan dan kalori saya, trims fat secret"
Pengguna Google,5,2020-12-04 05:18:25,"Sangat ngrbantu banget, buat aku yang lagi diet begini."
Pengguna Google,5,2020-12-04 04:58:38,"Alhamdulillah sangat terbantu sekali dgn adanya aplikasi ini, dlu selalu gagal naik dkit aja langsung down tpi sekarang krna sdh tau ilmunya apa yang sudah kita konsumsi tercatat jd ada track record ya memudahkan kita untuk memperbaiki naikpun tak jdi msalah krna kita tau nanti jg akan turun in sya Allah, makasih FS"
Pengguna Google,5,2020-12-04 02:36:47,alhamdulillah berubah jadi bahasa indonesia lagi👍
Pengguna Google,5,2020-12-03 20:01:01,👍🏻👍🏻👍🏻
Pengguna Google,5,2020-12-03 12:36:29,Membantu banget dalam proses diet saya 😊 Smngat buat smua pejuang diet 😊
Pengguna Google,5,2020-12-03 11:26:00,diet tidak bebat karna ada aplikasi ini ❤️❤️ .. karna bisa memilah sebelum memakan makanan
Pengguna Google,4,2020-12-03 09:17:32,ok
Pengguna Google,5,2020-12-03 06:54:40,"Lost 10 kg gara gara aplikasi ini, makasih banyak ya"
Pengguna Google,5,2020-12-03 06:44:20,Sangat membantu sekali untuk konsisten mengatur kalori yang masuk ke dalam tubuh 👍
Pengguna Google,5,2020-12-03 06:30:21,Love this app!
Pengguna Google,5,2020-12-03 05:39:54,Ok
Pengguna Google,5,2020-12-02 19:06:35,thebest
Pengguna Google,5,2020-12-02 18:03:51,Terima kasih fat secret sudah membantu program diet saya
Pengguna Google,5,2020-12-02 17:48:19,"Bagus,sangat membantu mengatur pola makan."
Pengguna Google,5,2020-12-02 17:41:36,Mantap
Pengguna Google,5,2020-12-02 14:06:51,Sangat berguna buat saya yg ingin hidup sehat buat tracking kalori tiap hari 👌
Pengguna Google,5,2020-12-02 12:49:14,"Bagus, bermanfaat bgt"
Pengguna Google,5,2020-12-02 11:21:43,Mantab penunjang dietku
Pengguna Google,5,2020-12-02 09:14:58,Keren 👍👍👍
Pengguna Google,5,2020-12-02 08:50:54,"Sangatttttt membantu, saya bisa devisit kalori, dan mengetahui berapa kalori makanan yg saya makan, dari BB 60 sekarang sudah 47❤️"
Pengguna Google,5,2020-12-02 07:05:05,Ok. Sangat membantu
Pengguna Google,5,2020-12-02 06:34:41,Sangat membantu dalam program diet saya...aplikasi yang bermanfaat sekali tingkatkan aplikasi dengan menambah menu2 diet agar lebih lengkap dalam 1 aplikasi
Pengguna Google,5,2020-12-01 20:13:18,Sangat membantu banget
Pengguna Google,5,2020-12-01 07:55:31,Sangat membantu untuk memonitoring tubuh. Cek makanan. Dll. Keren
Pengguna Google,5,2020-12-01 05:58:53,Aplikasi nya bermanfaat banget untuk pendukung program diet
Pengguna Google,5,2020-12-01 05:57:38,Aplikasi ini sangat membantu 🤩
Pengguna Google,5,2020-12-01 05:06:46,Sangat bermanfaat menagtur pola makan.
Pengguna Google,4,2020-11-30 21:48:34,Bagus untuk mengatur pola makan yg sehat.
Pengguna Google,5,2020-11-30 18:52:24,Ok
Pengguna Google,5,2020-11-30 11:02:54,Great aps
Pengguna Google,5,2020-11-30 09:19:48,Mantap bgt
Pengguna Google,5,2020-11-30 07:11:14,Sangat bagus
Pengguna Google,5,2020-11-30 05:24:51,"Bagus aplikasinya, tempat sharing yang bikin memotivasi pola hidup sehat"
Pengguna Google,5,2020-11-29 19:31:11,Sangat suka
Pengguna Google,5,2020-11-29 11:41:22,Mantap banget aplikasi nya
Pengguna Google,5,2020-11-29 08:14:10,Suka sekali.. makan bisa terkontrol
Pengguna Google,5,2020-11-29 06:14:09,Aplikasi yg paling bagus untuk mengontrol makanan yg masuk
Pengguna Google,5,2020-11-28 18:58:23,Sangat membantu program diet saya
Pengguna Google,5,2020-11-28 13:56:01,Sangat bagus
Pengguna Google,1,2020-11-28 13:22:23,Jenis dan fariasi makanannya kurang banyak
Pengguna Google,5,2020-11-28 11:42:11,Sangat membantu dalam mengontrol asupan kalori yang dimakan setiap hari. Thanks fatsecret 👍👍
Pengguna Google,5,2020-11-28 10:56:42,👍🏻👍🏻👍🏻👍🏻👍🏻👍🏻
Pengguna Google,5,2020-11-28 08:48:54,So helpful
Pengguna Google,5,2020-11-28 07:36:51,"Meskipun kurang akurat tp bisa jadi patokan mengukur kalori kita setiap hari, kalau bisa aplikasi bisa sycnronise dengan smartwatch tambah keren ini aplilasi terimakasih Fat secret"
Pengguna Google,4,2020-11-28 07:08:49,Ada yg eror..klo kita mau hapus latian ..kq angkanya tetep ada??
Pengguna Google,5,2020-11-27 16:56:55,Sukakkk banget berkat aplikasi ini aku bisa itung kalori harianku!
Pengguna Google,5,2020-11-27 13:11:08,Bagusssss tapi mohon di tingkatkan lagi
Pengguna Google,5,2020-11-27 12:50:59,Sangat membantu
Pengguna Google,5,2020-11-27 08:11:20,Luarrr biasa..sangat bermanfaat hidup sehat
Pengguna Google,4,2020-11-27 07:46:06,"Aplikasi bagus, sangat membantu"
Pengguna Google,5,2020-11-27 07:08:19,Trimakasih fat screet membantu program dietku sukses😇
Pengguna Google,5,2020-11-26 21:08:34,"Good, very2 helpfull"
Pengguna Google,5,2020-11-26 20:03:28,Good
Pengguna Google,5,2020-11-26 18:04:41,Sangat membantu program penurunan bb aku semuanya bisa diitung
Pengguna Google,5,2020-11-26 10:57:08,Good
Pengguna Google,5,2020-11-26 10:34:05,Sekarang jadi tau berapa kalori yang aku makan Terimakasihhhh
Pengguna Google,5,2020-11-26 06:59:10,Mantap
Pengguna Google,5,2020-11-26 06:21:55,"Sangat membantu untu program diet sy, sistematis dan praktis"
Pengguna Google,5,2020-11-25 21:46:58,Membantu untuk mengatur kalori yang masuk setiap hari nya
Pengguna Google,4,2020-11-25 20:31:16,Sangat membantu untuk dapat diet secara benar dan tepat
Pengguna Google,5,2020-11-25 20:25:52,"Sangat membantu sekali, akhir bulan lalu nemu aplikasi yg bs buat indikator aku mengurangi defisit kalori, terimakasih"
Pengguna Google,5,2020-11-25 19:32:36,"Selama ini diet ga pernah berhasil,tapi kalo pake aplikasi ini langsung berhasil,thanks ya FatSecret"
Pengguna Google,5,2020-11-25 18:00:27,sangat membantu
Pengguna Google,5,2020-11-25 15:53:32,Very Nice
Pengguna Google,2,2020-11-25 14:41:40,Cara ganti foto profil di fatsecret gimana sih??
Pengguna Google,5,2020-11-25 13:23:55,"Ini benar² sangat anehhhhhh.. sy download apk ini lalu ketika ingin masuk (daftar) malah ada tulisan ada kesalahan yg tarduga, ketika menggunakan email malah ada orang yg sama email nya kyk sy (ada tulisan sprti it) sy lgsung uninstall👎🏻👎🏻👎🏻👎🏻👎🏻👎🏻👎🏻👎🏻👎🏻⭐"
Pengguna Google,5,2020-11-25 11:47:13,"Suka banget sama aplikasi ini, ngebantu buat nurunin berat badan dengan defisit kalori 😂"
Pengguna Google,5,2020-11-25 08:30:24,Bagus dan sangat memotivasi
Pengguna Google,5,2020-11-25 08:26:36,Apikeeeeee
Pengguna Google,5,2020-11-25 07:21:51,"Sangat membantu untuk menghitung kalori yang masuk sesuai tdee, dan sangat membantu dalam pola diet sehari-hari baik yg cutting, maintenance ataupun yg lagi bulking"
Pengguna Google,5,2020-11-25 07:17:35,Sangat membantu
Pengguna Google,5,2020-11-25 06:30:23,Luar biasa... saya baru tau tentang kalori dan mampu mengontrol makan dengan aplikasi ini... trimakasih
Pengguna Google,4,2020-11-25 05:17:12,"Coba ditambah ada body measurement nya, jdi bukan berpatokan sama bb aja"
Pengguna Google,1,2020-11-24 20:13:10,Tolong utamakan juga pakai bahasa indonesia yang mudah dipahami
Pengguna Google,5,2020-11-24 19:13:37,Bagussss
Pengguna Google,5,2020-11-24 17:09:17,"sangat membantu, utk menghitung jumlah kalori yg masuk, semoga kedepan makin bervariasi lg jenis makanan yg telah di hitung kalorinya 👍"
Pengguna Google,5,2020-11-24 06:49:25,Aplikasi yg sangat membantu
Pengguna Google,5,2020-11-24 06:44:19,"Trimakasih fs, apl ini sangat membantu agar asupan kalori harian yg masuk terus terpantau.. jadi bisa ttp makan enak dengan defkal ❤️"
Pengguna Google,5,2020-11-23 19:07:56,Sangat membantu program diet saya
Pengguna Google,5,2020-11-23 16:36:49,Sangat bermanfaat untuk melihat kandungan makanan
Pengguna Google,5,2020-11-23 13:45:55,Sangat membantu jika sdg menjalani program diet ..Menghitung kalori harian supaya tercukupi.Dan sharing bersama orang2 yg ingin hidup sehat.
Pengguna Google,5,2020-11-23 13:18:28,"Thanks aplikasi luar biasa, aku bisa turun BB sekarang walaupun masih dlm perjuangan😭🤭 the best❤"
Pengguna Google,5,2020-11-23 12:35:15,Mantap jiwa
Pengguna Google,5,2020-11-23 10:28:48,sangat membantu saya dlm menata persoalan diet😊😊😊 terima kasih
Pengguna Google,5,2020-11-23 09:06:45,Apk ini sangat bagus
Pengguna Google,4,2020-11-23 09:06:32,Untuk penghitungan kalori pada makanan tolong diperbanyak lagi
Pengguna Google,5,2020-11-23 09:02:59,"Maasyaa Allah Baguus bgt,,Semoga Allah beri pahala atas Aplikasi ini. masukan aja klo bisa ksh liat brapa lama kita akan turun utk mencapai BB ideal misal 6 bulan kah atau lebih. biar semangat lagi..Makasiih ya brmanfaat bgt buat aku"
Pengguna Google,5,2020-11-23 08:47:32,Aplikasi ini bagus banget buat ngontrol pola makan ku.. pas banget buat yg memulai diet..
Pengguna Google,4,2020-11-23 08:32:49,"Bagus, bermanfaat banget untuk mengatur pola makan baik menurunkan berat badan, memambah atau jaga berat badan. Fitur nutrisinya sudah lengkap. Tinggal tambah lagi database makannnya. Dan dibuat supaya bisa copy daftar makanan dari hari lain, agar ga repot lagi input satu satu."
Pengguna Google,5,2020-11-23 08:02:22,Membantu mengontrol kalori dan asupan makanan
Pengguna Google,5,2020-11-23 07:55:22,Alhamdulillah membantu sekali aplnya thank you kak
Pengguna Google,2,2020-11-23 06:34:28,2 aja dulu ya..😊😊
Pengguna Google,5,2020-11-23 05:22:46,"Sangat membantu, saran bisa ditambah terus jenis makanannya"
Pengguna Google,5,2020-11-23 04:31:28,Alhamdulillaah Sangat membantu
Pengguna Google,5,2020-11-22 20:38:25,Sangat bagus
Pengguna Google,5,2020-11-22 17:02:45,sangat membantu
Pengguna Google,5,2020-11-22 14:30:30,Sangat membantu sekaliii
Pengguna Google,4,2020-11-22 08:15:09,"Aplikasi yg bagus.. hampir tak ada celah... hanya saja berbayar jika ingin meningkatkannya lagi. Tapi keseluruhan oke banget ini aplikasi, sangat membantu...yg belum download aku saranin download ya... Membantu banget untuk program diet"
Pengguna Google,4,2020-11-22 08:11:43,"Bagus banget , cuman perlu di lengkapi lagi makanannya hihi"
Pengguna Google,5,2020-11-22 06:22:59,Aplikasi yang sangat bagus
Pengguna Google,5,2020-11-22 05:59:30,Aplikasi yg sangat membantu dlam dietku 👍
Pengguna Google,5,2020-11-22 03:37:43,Mantul
Pengguna Google,5,2020-11-22 01:28:32,Aplikasi yg sangat membantu pola makan lbh terjaga hdp lbh sehat dan badan lbh ideal.. Thkss fatsecret..
Pengguna Google,5,2020-11-21 21:30:16,Sangat bagus si
Pengguna Google,5,2020-11-21 13:49:48,"Buat yang hp nya masih bahasa Inggris, harus dijadikan bahasa Indonesia dulu. Lalu pilih fat secret bahasa Indonesia. Banyak kok masakan dan makanan Ind. Kalau hp msh bhs Inggris g bisa."
Pengguna Google,5,2020-11-21 09:54:24,Mntap
Pengguna Google,5,2020-11-20 13:08:08,"Sangat membantu program diet, meskipun terkadang masih bingung menghitung jumlah kalori pada satu makanan tertentu."
Pengguna Google,5,2020-11-20 12:14:32,Sangat membantu bagi yang mau diet
Pengguna Google,5,2020-11-20 05:04:36,Bermanfaat
Pengguna Google,5,2020-11-19 13:28:01,Very usefull
Pengguna Google,5,2020-11-19 12:28:28,Apk bagus. Ini lagi proses menggunakan apk ini. Tapi segi desain dan navigasi bagus dan mudah dipahami.... semoga tipsnya jitu bagi diriku.
Pengguna Google,5,2020-11-19 08:48:21,Great
Pengguna Google,5,2020-11-18 11:47:21,Sangat membantu saya mengukur kalori harian yg masuk dlam tubuh
Pengguna Google,5,2020-11-18 10:51:33,Bgus
Pengguna Google,5,2020-11-18 06:31:53,Suka dan terbantu dengan aplikasi ini. Awalnya agak bingung tapi skr sdh mulai ngerti
Pengguna Google,5,2020-11-18 05:32:00,Bismillah semoga dietnya lancar Ini juga bisa dipakai untuk mengetahui berapa banyak kalori kita makan
Pengguna Google,5,2020-11-17 16:12:42,Terimakasih fat secret sudah mempermudah diet saya
Pengguna Google,5,2020-11-17 15:01:21,Sangat bermanfaat & berguna.
Pengguna Google,5,2020-11-17 11:35:52,Berguna buat diett
Pengguna Google,5,2020-11-17 06:57:32,"trimaksih developer, say abisa bertemu dengan kawan kawan yang sepeejuangan dalam diet saya"
Pengguna Google,5,2020-11-17 06:15:56,"Seru banget selain bisa bikin meal plan ketemu orang"" yang bisa kasih tips dieting hehe"
Pengguna Google,5,2020-11-17 05:58:28,sangat terbantu
Pengguna Google,5,2020-11-16 22:17:36,"Sangat membantu dietku,trimakasih 🙏"
Pengguna Google,5,2020-11-16 17:57:24,worth it
Pengguna Google,4,2020-11-16 16:14:30,Ok
Pengguna Google,5,2020-11-16 14:41:30,Sangat bagus untuk mengatur pola makan. Dan menjaga berat badan secara sehat
Pengguna Google,1,2020-11-16 14:19:40,Kenapa makanan yg di cari tidak lengkap lagi. Susah
Pengguna Google,5,2020-11-16 13:34:52,Semoga berhasil semangaar
Pengguna Google,5,2020-11-16 13:11:47,Membantu banget sy dlm mengatur pola makan sehingga bb sy terua menurun dan dpt mengontrol makan
Pengguna Google,5,2020-11-16 13:06:26,Mantull lah pokoknyaa
Pengguna Google,1,2020-11-16 12:08:37,Bikin bingung pakai bahasa inggris... Banyak yg g ada juga Mending bahasa indonesia tp semuanya ada...
Pengguna Google,5,2020-11-16 10:09:43,Sangat membantuku untuk pemula diet terimakasih
Pengguna Google,5,2020-11-16 10:02:06,"Sangat terbantu buat menghitung dan mengatur jumlah kalori, memilih makanan, dan komunitas healthy food dan diet yang banyak"
Pengguna Google,5,2020-11-16 08:26:15,Great app! Helping me to loose weight easily
Pengguna Google,5,2020-11-16 08:00:06,Useful
Pengguna Google,5,2020-11-16 07:07:35,Bermanfaat sekali👍👍🙏
Pengguna Google,3,2020-11-16 06:39:34,"Setelah diupgrade makanannya malah tambah sedikit,yang dulu nyari ada,sekarang nggak ada,mana bahasa Inggris pula.Sayang banget sih, padahal sebenernya suka sama aplikasi ini"
Pengguna Google,5,2020-11-16 06:37:11,Membantuku turun BB 10kg
Pengguna Google,5,2020-11-16 05:48:17,Sangat membantu sekaliiii hingga bb ku turun huhu terharu
Pengguna Google,5,2020-11-15 16:06:26,Bagus. Jadi mengerti kalori.
Pengguna Google,5,2020-11-15 08:41:19,Mantap sangat membantu
Pengguna Google,4,2020-11-15 07:52:55,Kalo bisa makanannya lebih dilengkapin lagiii
Pengguna Google,5,2020-11-15 07:41:35,"Sukaaaa aplikasi nya dan sangat ngebantu program diet,tq"
Pengguna Google,4,2020-11-15 07:23:59,"Ada beberapa makanan yang kalorinya bikin bingung, misal tahu goreng masa lebih rendah dari tahu aja? Sebenernya memang kebantu banget sama aplikasinya, tapi kalo bisa daftar makanannya bisa di kroscheck lg keakuratannya .."
Pengguna Google,5,2020-11-14 20:54:34,Membantu mengurangi jumblah asupan kalori sehari2 karna kita tau jumblah kalori yg kita makan
Pengguna Google,4,2020-11-14 19:18:34,Membantu banget... selama ini selalu lancar proses diet saya... tanpa obat2 lain... dari 71 kg sekarang 58kg...
Pengguna Google,5,2020-11-14 14:50:55,Sangat membantu menghitung kalori makanan
Pengguna Google,5,2020-11-14 10:38:44,"SUMPAH YA SENENG BGT AKU SM APK INI. MASA AKU DIET AWAL AGUSTUS PERTGL 1 AGUSTUS 2019 sMP TGL 7 SEPTEMBER 2019 AKU TURUN 7KG GRGR DISIPLIN MAKAN NGITUNG KALORI SM OLAHRAGA TERATUR🤪 MAKASI FATSECRET TEMAN DIET DEFISIT KALORIKU😘😘😘😘😘😘🌈🌈🌈🌈🌈🌈 aku smp turun 20kg nerusin defisit kalori ini. Skrg aku hamil, mau defisit kalori lg rencananya abis lahiran. Doain ya😘"
Pengguna Google,5,2020-11-14 09:24:32,Membantu bgt buat program diet
Pengguna Google,5,2020-11-14 07:48:32,Benar benar membantu bagi yang ingin memulai untuk diet
Pengguna Google,5,2020-11-14 07:38:03,"Aplikasi yg sangat bagus utk mengatur asupan kalori , terutama kalau lagi diet."
Pengguna Google,5,2020-11-14 06:13:03,"Ini aplikasi terbaik,. Membantuku dalam program ku, I like this Aplikasi✨🖤.But,,,Emang soal kalorinya ada yang kurang akurat"
Pengguna Google,5,2020-11-14 05:53:00,Sangat membantu aku yang ingin nurunin BB
Pengguna Google,5,2020-11-14 00:09:24,keren
Pengguna Google,4,2020-11-13 20:21:28,Sangat membantu
Pengguna Google,5,2020-11-13 18:00:56,Love love Cukup membantu Semoga lebih di tingkatkan akurasi jumlah kalori dan daftar jumlah kalori jenis makanan yg ada di app
Pengguna Google,5,2020-11-13 12:49:51,Keren
Pengguna Google,5,2020-11-12 19:10:43,Suka bgt sm aplikasi ini
Pengguna Google,5,2020-11-12 17:38:22,"Membantu bngt buat yg lgi proses diet, aku baru turun 2 kg... Masih 14 kg lagi buat kejar target, semangattttttt"
Pengguna Google,5,2020-11-12 13:59:41,Sangat efektif untuk menghitung kebutuhan kalori harian love it 💕💕
Pengguna Google,5,2020-11-12 12:48:32,Luvvv pokonya
Pengguna Google,5,2020-11-12 11:47:25,"Aplikasi sangat membantu untuk mengatur pola makan harian, cukup lengkap jg untuk jenis makanan yg tersedia. Hanya saja terkadang kalau sudah input terlalu banyak loading lama sekali."
Pengguna Google,5,2020-11-12 09:23:29,"Sejauh ini oke banget, sarannya daftar menu makanannya yang sudah terdaftar di data nilai nutrisinya lebih dibanyakin"
Pengguna Google,5,2020-11-12 08:50:45,"sangat membantu progam diet,,trimakasih"
Pengguna Google,5,2020-11-12 07:13:08,Aplikasi nya bermanfaat banget
Pengguna Google,5,2020-11-12 06:33:42,Oke banget.
Pengguna Google,5,2020-11-12 05:07:56,Sangat membantu dan mudah digunakan..
Pengguna Google,5,2020-11-11 22:37:20,Aplikasi bagus
Pengguna Google,5,2020-11-11 19:15:08,Sangat membantu dan sangat memuaskan
Pengguna Google,5,2020-11-11 18:59:41,Sangat bagus
Pengguna Google,5,2020-11-11 16:35:14,Sanggat membantu
Pengguna Google,4,2020-11-11 15:37:26,Kurang lengkap👍
Pengguna Google,5,2020-11-11 15:14:01,Good
Pengguna Google,5,2020-11-11 14:16:26,Sangat membantu
Pengguna Google,5,2020-11-11 14:06:20,Banguss banget buat defcal
Pengguna Google,5,2020-11-11 07:23:04,Sangat membantu banget buat kita kita yg lagi program hidup sehat... So happy ☺
Pengguna Google,5,2020-11-11 05:08:42,The best
Pengguna Google,5,2020-11-10 19:26:17,"nice, cocok bgt untuk yg lagi diet atau yg lagi defkal. luv it"
Pengguna Google,5,2020-11-10 12:02:56,Diet terarah 🥰
Pengguna Google,5,2020-11-10 11:43:46,Aplikasi yg sangat memotivasi
Pengguna Google,4,2020-11-10 11:26:22,Sangat bermanfaat
Pengguna Google,5,2020-11-10 07:37:34,Aplikasi yang sangat baik untuk mengatur pola makan dan mengatur berat tubuh meuju berat ideal dan sehat. Mantap.
Pengguna Google,5,2020-11-10 07:20:15,Kalori Menu makanannya tolong ditambahkan
Pengguna Google,5,2020-11-10 06:18:11,Siippp
Pengguna Google,4,2020-11-10 05:02:33,Sangat membantu program diet
Pengguna Google,4,2020-11-09 21:33:58,"Maaf yaa bintang 4 kyk ada yg gak sesuai bgt daftar2 nya contoh,masa bubur ayam (372kal) lebih tinggi di banding nasi uduk (260kal) wkwkw sdngkn nasi uduk pake santan dan bubur yaa cuman pake air biasa gtu perbaiki ya min.."
Pengguna Google,5,2020-11-09 21:00:56,Mantappppp
Pengguna Google,5,2020-11-09 19:30:10,"keren,sangat membantu dietku"
Pengguna Google,5,2020-11-09 19:14:54,Benar2 sangat membantu sya dlm pola makan..terima kasih
Pengguna Google,4,2020-11-09 19:12:40,"Keren ini pokoknya,membantu bgt buat diet, cuman lebih banyakin lagi makanan nya kurang lengkap"
Pengguna Google,5,2020-11-09 17:59:07,Mantappp
Pengguna Google,5,2020-11-09 17:56:53,Masya allah banget
Pengguna Google,5,2020-11-09 10:32:02,"Turun 9kg pakai app ini gile sihh 😆 Terimakasih banyakk yg udah bikin app ini ,ngebantu bgt buat diet dan atur pola makan... SARAN : adain tema gelap/dark kaya app lain"
Pengguna Google,5,2020-11-09 09:50:31,Sangat membantu
Pengguna Google,5,2020-11-09 08:31:50,Aplikasi yang sangat amat berguna buat orang yang mau diet tp masi tetep bisa makan semuanya asal telaten n rajin nimbang makanan itu😁👍
Pengguna Google,5,2020-11-09 08:11:47,Sangat terbantu sekali program diet saya dengan aplikasi ini
Pengguna Google,5,2020-11-09 08:05:21,Good
Pengguna Google,4,2020-11-09 08:02:02,Membantu sekali tetapi agak kurang lengkap... Mungkin bisa dilengkapi lagi menu menunya😁
Pengguna Google,5,2020-11-09 07:54:51,Sangat membantuu dan bermanfaat sekali apk ini
Pengguna Google,5,2020-11-09 07:12:19,Ngebantu bngt 😍😍
Pengguna Google,5,2020-11-09 05:25:48,Sangat membantu....membuat kita jauh lebih sehat...yg tadinya makan asal makan skarang makannya serba tercatat dan terkontrol...
Pengguna Google,5,2020-11-08 09:15:19,Mantaaappp
Pengguna Google,5,2020-11-08 06:35:23,Sangat membantu dalam mengatur mealplan kalori.
Pengguna Google,4,2020-11-07 19:10:07,"Bagus , membantu untuk pengurangan dan penambahan BB"
Pengguna Google,5,2020-11-07 16:30:13,Trima kasih banyak sama aplikasi ini... krn sangat membantu banget
Pengguna Google,5,2020-11-07 16:17:23,Aku sangat suka
Pengguna Google,5,2020-11-07 15:27:12,FS bagus...bantu bnget untuk ngitung kalori makanan...terbantu bnget unt program dietku...semoga sukses
Pengguna Google,3,2020-11-07 13:25:21,Nice
Pengguna Google,5,2020-11-07 09:25:57,Mudah dipahami dan membantu dalam menghitung kebutuhan kalori
Pengguna Google,5,2020-11-07 06:31:13,"Masukan : Mohon ditambah lagi data makanan/suplemennya seperti jintan hitam, dll"
Pengguna Google,1,2020-11-07 06:21:58,Bagus membantu
Pengguna Google,5,2020-11-07 06:06:52,Bagus... Pola makan jadi terkontrol sejauh ini🤗
Pengguna Google,4,2020-11-06 22:10:27,"Tambahin aplikasi nya donk, tambahin mi fit"
Pengguna Google,5,2020-11-06 15:44:47,Kerennn bangedd apk nyaa
Pengguna Google,5,2020-11-06 14:55:30,sangat membantu dalam proses perdietan
Pengguna Google,5,2020-11-06 13:11:21,Jadi lebih paham dengan kalori yg terkandung dlm makanan
Pengguna Google,5,2020-11-06 11:02:22,Aplikasi yang bagus untuk diet
Pengguna Google,5,2020-11-06 07:58:31,Mantap lah... Ngebantu hidup sehat banget
Pengguna Google,5,2020-11-06 06:52:46,Sangat membantu 😊
Pengguna Google,5,2020-11-06 05:52:50,trimakasih.. aplikasi ini sangat membantu pola makan saya.
Pengguna Google,5,2020-11-06 05:40:02,Suka bgt
Pengguna Google,5,2020-11-06 05:08:40,Bagus
Pengguna Google,5,2020-11-05 21:51:23,Sangat membantu
Pengguna Google,5,2020-11-05 20:32:46,Sangat membantu
Pengguna Google,5,2020-11-05 18:30:39,Nggak tau mau bilang makasih kayak gimana..😍😘 Intinya seneng banget udah instal apk ini.. Sejauh ini udah berkurang 10 kg..😋 Makasihh fatsecret😁
Pengguna Google,5,2020-11-05 18:12:42,Sukak sangat membantu untuk semangat diet
Pengguna Google,5,2020-11-05 17:23:19,Semoga bisa membantu pola makan kalori defisit ☺
Pengguna Google,5,2020-11-05 15:19:55,Sangat Membantu sekali program diet saya
Pengguna Google,5,2020-11-05 10:58:05,ngebantu bgt kalo lagi diet bund✨
Pengguna Google,4,2020-11-05 08:59:55,"Bagus, jadi bisa control kalori yang masuk ke tubuh"
Pengguna Google,5,2020-11-05 07:50:25,Sangat membantu
Pengguna Google,5,2020-11-04 20:48:54,Ok
Pengguna Google,4,2020-11-04 17:40:15,Cukup membantu
Pengguna Google,5,2020-11-04 08:04:03,"Ngebantu bgt sih ini, tapi lengkapi lagi makanan/minuman yg lain kadang kalo input suka ga ada😂"
Pengguna Google,1,2020-11-03 22:56:16,"Gillla woyy biasa gak pernah selemot ini tpi kali ini lemot banget , nyari menu gak muncul"""
Pengguna Google,5,2020-11-03 18:16:47,Bagus bgt apk nya
Pengguna Google,5,2020-11-03 17:14:14,"Hade pisan, bgs bgt buat yg bnr bnr mau diet dan jaga kesehatan buat tubuh kita."
Pengguna Google,5,2020-11-03 13:55:17,"Makasih banyak admin dan tim pembuat fat secret, ini aplikasi terluv dunia perdietan"
Pengguna Google,5,2020-11-03 07:46:01,Lumayan membantu untuk tracking kalori. Buat yang kalori defisit. Cuma kadang ada beberapa menu yg kurang akurat hehe. Tapi udah cukup sih buat kaum gratisan kaya aku. Bener-bener membantu sih. Makasih FatSecret
Pengguna Google,4,2020-11-03 07:43:52,"Aplikasi nya lumayan bagus, buat ngitung pemasukan kalori kita dalam sehari, cuman masih banyak jenis makan yang kurang di uraikan atau ada di apps ini, mohon tingkat kan lagi ya min"
Pengguna Google,5,2020-11-03 07:43:35,"BNR BNR NYESEL DONLOT APK INI!!!! BNR BNR YA NIH APK, KESEL BGT AKU. BERAT AKU DARI 53 JADI 51 ANJIP, KESEL POKOK NYA KNP BARU DONLOT HIKSROTTT"
Pengguna Google,5,2020-11-02 21:07:34,Good
Pengguna Google,5,2020-11-02 20:11:44,Membantu sekaliii
Pengguna Google,5,2020-11-02 17:02:26,"Bertahun tahun pk aplikasi ini , meskipun sdh capai target tetep bs dipake utk mengontrol BB"
Pengguna Google,4,2020-11-02 08:53:49,sangat membantu
Pengguna Google,5,2020-11-02 05:37:07,Seneng bisa berbagi sesama pejuang diet. Dapet insight yang positif
Pengguna Google,4,2020-11-01 19:54:17,not bad
Pengguna Google,5,2020-11-01 18:26:43,Sangat membantu untuk memonitor program diet saya 😊
Pengguna Google,5,2020-11-01 17:57:45,suka
Pengguna Google,5,2020-11-01 17:12:14,Sangat berguna utk panduan defisit kalori tiap hariku
Pengguna Google,1,2020-11-01 13:52:28,Udah log out kok ga bisa log in lg? Jd males sma ni app
Pengguna Google,1,2020-11-01 09:25:06,Saya tidak bisa dowload aplikasi ini kenapa?
Pengguna Google,5,2020-11-01 07:07:10,Aplikasi bagus dan recommended untuk diet
Pengguna Google,4,2020-11-01 06:26:00,FatSecret membantu saya dlm mengelola defisit kalori dalam program diet saya. Terimakasih..
Pengguna Google,5,2020-11-01 05:49:15,Good
Pengguna Google,5,2020-10-31 21:54:18,Keren
Pengguna Google,5,2020-10-31 17:43:03,Suka bget karena makan jadi terkontrol
Pengguna Google,5,2020-10-31 14:50:51,"Aplikasi bagus, bisa dapet banyak tips dan trik dari sesama pengguna, juga saling menyemangati, saya sudah turun 7kg"
Pengguna Google,5,2020-10-31 12:11:25,"Simple, usefull"
Pengguna Google,5,2020-10-31 10:26:47,"App yg sangat bagus dan membantu bgt buat aq nurunin bb,,semenjak gunain app ini dan mnghitung kalori yg masuk,bb aq tiap minggu turun mskpn ga bnyk..top deh pkknya ni app"
Pengguna Google,5,2020-10-31 06:53:49,Aplikasi ini sangat membantu banget...utk menurynkan BB syaa...syukaak
Pengguna Google,4,2020-10-30 17:56:21,Sangat membantu program dietku.
Pengguna Google,5,2020-10-30 17:51:35,Aplikasi yang bagus
Pengguna Google,5,2020-10-30 17:36:25,Memudahkan dalam menghitung kalori
Pengguna Google,4,2020-10-30 14:14:19,Sangat membantu sekali 💛
Pengguna Google,3,2020-10-30 11:58:28,Kok gabisa masuk? Error
Pengguna Google,4,2020-10-30 11:56:28,Sudah diinstal tapi tidak bisa dibuka... kenapa ya?
Pengguna Google,5,2020-10-30 09:57:31,Suka dengan panduannya
Pengguna Google,5,2020-10-30 08:32:40,Suka sngt membantu diet
Pengguna Google,5,2020-10-29 19:17:12,Sangat2 membantu
Pengguna Google,5,2020-10-29 19:04:34,±2 bulan turun 13kg♥️ olahraga semood nya aja itu juga paling 5-6menit😂♥️
Pengguna Google,5,2020-10-29 14:56:57,Wah bagus banget😚
Pengguna Google,5,2020-10-29 12:00:17,FatSecret sangat membantu dalam mengontrol kalori jahat dan meningkatkan konsumsi kalori baik
Pengguna Google,5,2020-10-29 06:07:56,Aplikasi yang sangat membantu ketika defisit kalori
Pengguna Google,5,2020-10-28 22:15:10,Terbaiq
Pengguna Google,5,2020-10-28 21:43:07,bagus bangettttttsssssssssss bisa ngitung kalori agar ga kebablasan
Pengguna Google,5,2020-10-28 20:53:15,Saya diet sudah 2minggu Bb saya sebelum diet 102kg Sekarang 97kg Terimakasih aplikasi yg baik Terus kembangkan ya
Pengguna Google,5,2020-10-28 20:38:00,Sangat membantu dalam program dietku👍👍
Pengguna Google,5,2020-10-28 20:11:42,bagus
Pengguna Google,5,2020-10-28 19:36:21,Aplikasi yang wow bgt sih menurut aku. Karna ini tuh membantu bgt. Thank you 😍😍😍
Pengguna Google,5,2020-10-28 16:58:14,"Very useful, help me to tracking my diet program. Start your healthy from this app❤❤"
Pengguna Google,4,2020-10-28 15:25:28,"Aplikasi sangat membantu dan penggunaannya mudah Tapi kenapa tdk bisa sinkron dgn samsung health saya yaa? Di aplikasi ini hanya tertulis 500 langkah, padahal sdh 3000 langkah Mohon infonya Terima kasih"
Pengguna Google,5,2020-10-28 09:53:09,Ngebantu banget buat itung kalori
Pengguna Google,5,2020-10-28 06:19:58,Semoga makanan lainnya banyak di input disini ya kakk!! Terimakasih sudah membuatku turun 1/2 kg 1 Minggu. Akhirnya aku bisa diet tanpa tertekan dengan bantuan aplikasi ini 😍
Pengguna Google,4,2020-10-27 20:43:32,Kalo lihat dr description keeknya bagus. Makanya akuh kasih 4 bintang. Nnti kalo app nya benar2 bagus bakal Akuh kasih 5 bintang dah
Pengguna Google,5,2020-10-27 19:23:20,Membantu sekali. Bisa ditambah lebih banyak jenis makanannya. Bagi yang sudah berpengalaman bisa menambahkan secara akurat akg di sini
Pengguna Google,5,2020-10-27 17:56:02,Sangat membantu mengontrol kalori yg kita konsumsi
Pengguna Google,5,2020-10-27 16:58:25,Sangat bangus
Pengguna Google,4,2020-10-27 16:41:41,Membantu banget sih aplikasinya
Pengguna Google,5,2020-10-27 13:49:23,I like it
Pengguna Google,5,2020-10-27 13:44:08,Bagus banget
Pengguna Google,5,2020-10-27 10:57:08,Sangat bermanfaat dan membantu
Pengguna Google,5,2020-10-27 08:19:01,Aplikasi ini membantu bgt saat program diet. Namun ada beberapa kenis makanan yang masih belum terdaftar .
Pengguna Google,5,2020-10-27 06:39:01,"Sangat direkomendasikan !!!!! Temen"" wajib download aplikasi ini"
Pengguna Google,5,2020-10-27 04:30:03,Membantu sekali
Pengguna Google,1,2020-10-27 00:55:31,Knpa ya kk gk bisa Di download
Pengguna Google,5,2020-10-26 22:03:27,Cocok bust panduan
Pengguna Google,5,2020-10-26 20:27:41,Ini sangat bagus banget ya blm donwold nyesel ayu buruan donwlod
Pengguna Google,5,2020-10-26 18:50:53,Sangat membantu. Untuk program diet saya
Pengguna Google,4,2020-10-26 18:50:19,"OK, I'll ask you a question in the email"
Pengguna Google,1,2020-10-26 17:39:35,Kenapa hari ini fatsecret loadingnya lama amaat yaaaaa??????!!!!!!
Pengguna Google,2,2020-10-26 17:34:32,Lemot banget astaga
Pengguna Google,3,2020-10-26 17:23:18,"Aplikasi Baguss, Tapi LEMOTTT"
Pengguna Google,5,2020-10-26 08:46:20,Alhamdulillah...sangat membantu program diet saya....1 bln turun 7 kg... masih prose body goal...😁
Pengguna Google,5,2020-10-26 08:29:37,Terimakasih sudah membuat aplikasi ini
Pengguna Google,4,2020-10-26 08:19:57,Bgs bgt tp hrs berlangganan untuk fitur2 lainya... Tp.yg grtis lumayam membantu
Pengguna Google,4,2020-10-26 08:06:17,Terima kasih sangat membantu 💕😚
Pengguna Google,5,2020-10-26 07:54:22,Sangat membantu dalam program diet
Pengguna Google,5,2020-10-26 04:16:51,Samgat membantu
Pengguna Google,5,2020-10-25 20:53:28,Keren banget
Pengguna Google,5,2020-10-25 20:12:36,Good aj
Pengguna Google,5,2020-10-25 19:19:41,Mantap nih aplikasi
Pengguna Google,5,2020-10-25 19:15:45,Kontrol se kontrol kontrolnya inimah mantep abiisssssss
Pengguna Google,5,2020-10-25 08:46:10,Good ❤️
Pengguna Google,4,2020-10-25 05:47:18,"Terimakasih fat screet, akhirnya aq bisa konsisten dietnya karena gak berat diet rendah kalori 😘"
Pengguna Google,5,2020-10-25 05:40:06,Help full utk progrm diet
Pengguna Google,5,2020-10-24 17:16:12,Benar-benar berguna buat pejuang diet seperti saya
Pengguna Google,5,2020-10-24 10:38:33,Keren
Pengguna Google,5,2020-10-24 06:04:23,Ok
Pengguna Google,5,2020-10-24 05:56:15,"Luar biasa membantu,mungkin lebih dilengkapi lagi nikai kkal pada setiap makanan...banyak yang gak ada jg sih..."
Pengguna Google,5,2020-10-24 05:29:28,"sukaa banget sama aplikasi ini , cocok untuk yg lagi diet"
Pengguna Google,5,2020-10-23 17:33:02,Bagusss bangetttt
Pengguna Google,5,2020-10-23 15:50:35,Goodddddd
Pengguna Google,5,2020-10-23 15:47:29,Mantullll
Pengguna Google,4,2020-10-23 07:52:41,"Min sebaiknya jenis makanannya diuraikan lagi misal nasi padang,itu kan di dlmnya ada nasi,ada rendang,ada daun singkong,ada sambelnyajuga,ada sayur nangka juga,dll nah itu jumlah kalorinya per masing masing jenis makanan mih itu lebih membantu min hhe,,nnti kalo udh ada update lagi sya ksih 5 bntang deh,kalo ada sih sya ksih bintang 10"
Pengguna Google,4,2020-10-22 20:38:24,Keren
Pengguna Google,5,2020-10-22 16:42:11,Membantu bgt sih aplikasi ini... cocok yg mau defisit kalori..
Pengguna Google,5,2020-10-22 10:08:05,"Berguna,tolong lengkapi macam macam makanan INDONESIA"
Pengguna Google,5,2020-10-22 09:07:04,Sangat membantu
Pengguna Google,5,2020-10-21 20:54:07,Sangat membantu untuk penurunan berat bdan. Terimakasih
Pengguna Google,5,2020-10-21 17:12:11,Bagus banget
Pengguna Google,5,2020-10-21 16:56:27,Membantu devisit kalori
Pengguna Google,4,2020-10-21 16:21:44,"Please add for another micronutrients (calsium, zinc, fosfor, vit c)"
Pengguna Google,5,2020-10-21 15:29:38,Oke buat ngira.. bagus
Pengguna Google,5,2020-10-21 14:13:51,Aplikasi ini bermanfaat banget. Dengan aplikasi ini kita bisa tau seberapa banyak kalori yg udah masuk. Jadi bisa ngatur makanan deh👍
Pengguna Google,3,2020-10-21 11:54:35,Bagus aplikasi nya bisa mengontrol kalori yang masuk ke dalam tubuh kita sebagai tolak ukur
Pengguna Google,5,2020-10-21 07:56:44,Sangant2 membantu sekali terimakasih
Pengguna Google,4,2020-10-21 07:33:17,Bagus untuk menghitung kebutuhan kalori harian
Pengguna Google,5,2020-10-20 17:12:18,TOP
Pengguna Google,5,2020-10-20 16:40:49,App yang sangat berguna dan membantu bagi yg lagi diet defisit kalori
Pengguna Google,3,2020-10-20 12:41:55,Baru mau nyoba
Pengguna Google,5,2020-10-20 12:33:28,Membantu banget untuk yang sedang manjalani pola makan sehat dan terukur.. Mantaff
Pengguna Google,5,2020-10-20 12:30:46,"Mantul banget aplikasi, bisa mengetahui asupan kalori yang kita makan setiap hari, serta mengetahui kalori kita yg terbakar..."
Pengguna Google,5,2020-10-20 08:52:19,Aplikasi ini sangat membantu. Lumayan lengkap utk semua jenis makanan..
Pengguna Google,5,2020-10-20 06:18:33,suka banget dengan aplikasi ini
Pengguna Google,3,2020-10-20 06:06:26,❤️❤️
Pengguna Google,5,2020-10-20 04:22:34,Sangat membantu ❤❤
Pengguna Google,5,2020-10-19 22:51:20,Mantapppp
Pengguna Google,5,2020-10-19 21:15:39,Ini aplikasi bagus banget buat kalian yg ingin diet
Pengguna Google,5,2020-10-19 18:37:05,"Menghitung kalori menjadi lebih mudah dengan aplikasi ini, nice!"
Pengguna Google,5,2020-10-19 15:36:21,Sangat membantu jadi qt tau berapa jumlah kalori dr setiap makanan yg qt makan
Pengguna Google,5,2020-10-19 14:44:24,Sangat membantu saya dlm proses diet. Lengkap🤩
Pengguna Google,5,2020-10-19 14:08:12,Bagus aplkasi nya meskipun sy kurang paham😀
Pengguna Google,5,2020-10-19 09:18:52,Sangat membantu dalam program diet saya..love bangettttt 🥰🥰🥰
Pengguna Google,5,2020-10-19 08:36:53,"Makasih yah, saya terbantu dengan aplikasi ini..."
Pengguna Google,5,2020-10-19 08:33:19,Sangat membatu menghitung kalori yg masuk. Dan mengetahui makro nutrisi yg baik. Ya walopun tdk akurat bgt tp bisa buat kira2lah
Pengguna Google,5,2020-10-19 08:06:12,Bagus banget aplikasinya. Sangat membantu untuk program diet. Lengkap juga ada list kalori makananya. Thankyou sangat
Pengguna Google,4,2020-10-19 07:25:02,4 bintang dulu. Sejauh ini membantu banget. Nanti klo mencapai goal BB saya kasih 5 bintang
Pengguna Google,5,2020-10-19 07:02:19,Okk
Pengguna Google,5,2020-10-18 23:58:29,Sangat Membantu
Pengguna Google,5,2020-10-18 19:07:23,Good
Pengguna Google,5,2020-10-18 14:18:20,Mantep
Pengguna Google,5,2020-10-18 11:16:34,Mantap
Pengguna Google,5,2020-10-18 11:05:22,"Bagus banget aplikasi ini buat atur pola makan , dan untuk tau kalori yg kita butuhin .. semoga fat secret lebih lengkapp list makanannya biar ngitung kalorinya gak ngaco"
Pengguna Google,5,2020-10-18 10:08:10,Sangat membantu saat program diet
Pengguna Google,4,2020-10-18 07:31:30,Sangat membantu bagi yang berdiet mengurangi kalori.
Pengguna Google,4,2020-10-17 23:33:28,Ak bingung cara makainya
Pengguna Google,5,2020-10-17 22:46:00,Terbaik
Pengguna Google,5,2020-10-17 19:37:56,Seneng banget
Pengguna Google,5,2020-10-17 17:59:40,Untuk menu makan tolong di tambah yang pake gram dong hehe
Pengguna Google,3,2020-10-17 15:47:09,Semoga bermanfaat
Pengguna Google,5,2020-10-17 11:40:25,Sangat membantu untuk menghitung kalori makanan. Terima kasih.
Pengguna Google,5,2020-10-17 09:31:07,Sangat membantu 👍
Pengguna Google,2,2020-10-17 08:00:09,"New User, lagi ngulik isi bagian kalori di bakar : workout 30 menit kalori 358, tidur 8 jam kal 769, nah ada yg auto ke isi yaitu Istirahat 15 jam 30 menit kal 1655 (kalo di totalin semuanya 24 jam) dan kalori total 2782. Masa iya total kalori di bakar bisa 2700 hebat bener :("
Pengguna Google,5,2020-10-17 07:24:31,Membantu banget untuk menghitung calori
Pengguna Google,5,2020-10-17 06:28:21,Sangat membantu saya dalam menjalani penurunan berat badan
Pengguna Google,5,2020-10-16 20:20:26,Penggunaan mudah. Sangat membantu
Pengguna Google,5,2020-10-16 15:19:26,Sangat bermanfaat buat saya yg sedang proses penurunan berat badan
Pengguna Google,5,2020-10-16 09:50:24,Keren
Pengguna Google,5,2020-10-16 07:43:21,"Sangat membantu untuk mengatur pola diet, menentukan kalori makanan dan memantau perkembangan diet"
Pengguna Google,5,2020-10-16 07:30:53,Bermanfaat utk menghitung jumlah kalori yang kita makan
Pengguna Google,5,2020-10-16 04:42:18,sangat membantu program diet ku
Pengguna Google,5,2020-10-15 19:59:17,Ok
Pengguna Google,5,2020-10-15 19:52:24,Good
Pengguna Google,5,2020-10-15 19:06:39,Bagus untuk program diet
Pengguna Google,4,2020-10-15 17:12:03,"Hallo mau Tanya gimana cara menggunakan aplikasi ini,,saya gak ngerti 😭"
Pengguna Google,5,2020-10-15 16:10:29,Mantap
Pengguna Google,5,2020-10-15 14:41:55,Aplikasi ini sangat membantu saya untuk mengontrol asupan kalori yang masuk ke tubuh saya selama saya menjalankan OCD...Tq Fat Secret...
Pengguna Google,5,2020-10-15 11:12:23,Recomended💛
Pengguna Google,5,2020-10-15 04:48:10,So helping!
Pengguna Google,5,2020-10-15 00:10:11,Sangat membantu
Pengguna Google,5,2020-10-14 22:35:14,Jossss
Pengguna Google,5,2020-10-14 19:06:05,nice
Pengguna Google,5,2020-10-14 08:56:48,Sangat membantu
Pengguna Google,5,2020-10-14 07:57:45,Keren
Pengguna Google,5,2020-10-13 18:30:18,bagusss!
Pengguna Google,5,2020-10-13 17:48:04,Sangat membantu dalam program diet dan mengatur pola makan saya
Pengguna Google,5,2020-10-13 17:12:51,Aplikasi yg keren Sangat membantu dalam menjalani my new lifestyle
Pengguna Google,5,2020-10-13 16:24:46,Memudahkan dlm diet
Pengguna Google,5,2020-10-13 13:07:32,Aplikasi keren untuk menurunkan berat badan. Buat daftar tambahan makanan minumannya ditambah lebih banyak lagi ya.
Pengguna Google,5,2020-10-13 10:54:20,Membantu dalam mengatur makan sehari²
Pengguna Google,5,2020-10-13 06:09:40,Aplikasi yang sangat membantu untuk mengontrol defisit kalori 😍😍
Pengguna Google,5,2020-10-12 16:07:38,"Sangat menikmati menggunakan Fat Secret karena selain menghitung kalori, juga bisa menyaksikan linimasa ttg orang-orang yg melakukan diet sehat sehingga terpacu untuk hidup sehat juga"
Pengguna Google,5,2020-10-12 09:23:14,Bagus sangat membantu
Pengguna Google,5,2020-10-12 06:36:56,Love it
Pengguna Google,5,2020-10-12 06:08:26,Membantu program penurunan BB saya dengan mudah
Pengguna Google,5,2020-10-12 05:12:07,Sangat membantu
Pengguna Google,5,2020-10-12 05:00:10,Membantu mantap
Pengguna Google,1,2020-10-11 21:21:57,Login gagal mulu .. klo ga niat gausah buat aplikasi dong ..
Pengguna Google,4,2020-10-11 19:54:58,Sangat membantu dlm program
Pengguna Google,5,2020-10-11 19:33:24,Jadi bisa ngatur calori yang masuk. Karena lagi program defisit calori. Bisa ngontrol timbangan juga
Pengguna Google,5,2020-10-11 18:50:31,Cakep
Pengguna Google,5,2020-10-11 17:38:11,"Banyak membantu dalam proses diet,"
Pengguna Google,5,2020-10-11 16:01:13,Lumayan bs mmbntu diet ku.tp msih bnyak menu yg terlampir di aplikasi
Pengguna Google,5,2020-10-11 12:17:33,sangat membantu buat mngontrol mkanan
Pengguna Google,5,2020-10-11 05:25:08,Saaannngggaaaaattttt membantu 😊
Pengguna Google,5,2020-10-10 20:17:27,Ngebantu bgt buat aku defisit kalori👏👏💖
Pengguna Google,5,2020-10-10 13:26:35,Sangat bermanfaat. Makasih FS 😘
Pengguna Google,4,2020-10-10 12:59:24,Bagus bangett pokoknya
Pengguna Google,5,2020-10-10 08:06:51,"aku mulai diet 10 juli 2020 dgn bobot 78 kg dan tepat hari ini 10 Oktober 2020 aku lost 20 kg dan berat aku sekarang 58, make it happen girl's! intinya itu KOMITMEN 🔥🔥"
Pengguna Google,5,2020-10-10 07:37:39,Membantu banget
Pengguna Google,5,2020-10-10 06:54:26,"Ngebantu bgd buat diet aku ,"
Pengguna Google,5,2020-10-09 22:05:46,Mantap
Pengguna Google,5,2020-10-09 19:51:46,Lumayan membantu utk menghitung kalori harian utk yg mau diet defisit kalori
Pengguna Google,4,2020-10-09 19:36:37,Sengat membantu pola makan ku.
Pengguna Google,5,2020-10-09 18:29:18,Terima kasih FatSecret
Pengguna Google,5,2020-10-09 16:59:09,Ok
Pengguna Google,5,2020-10-09 15:19:41,Bagus sekali
Pengguna Google,5,2020-10-09 15:01:44,Aplikasi bagus banget jadi bisa ngitung kalori biar gak kelebihan dari yang d butuhkan tubuh makasih
Pengguna Google,5,2020-10-09 07:23:58,Ngebantu bgt biat ngitung kalpri harian bagi pediet
Pengguna Google,5,2020-10-08 23:07:50,Sejauh ini aplikasi bagus dan sangat membantu bagi yang ingin diet santai asal tetap jaga kalori. Udah turun 3 kg dalam 2 minggu pake apps ini. Tapi tetep sesuai bmr ya
Pengguna Google,5,2020-10-08 19:41:28,Top
Pengguna Google,5,2020-10-08 19:17:54,Sukak
Pengguna Google,5,2020-10-08 16:07:28,Sangat membantu mengelola porsi makan...nice app👍👍👍🤟
Pengguna Google,5,2020-10-08 14:06:50,Sangat membantu program dietku❤
Pengguna Google,5,2020-10-08 11:22:47,Bagus banget buat yg lagi program menaikan berat badan
Pengguna Google,4,2020-10-08 10:32:57,"Sangat membatu menghitung calori yg masuk, jd bisa atur mw turunkan, naikan atau mempertahankan BB. Hanya aq gak bisa ganti bahasa Inggris ke bahasa Indonesia setelah di update , jd bingung input makanan krna gak pandai bahasa Inggris..😭"
Pengguna Google,5,2020-10-08 10:07:47,Membantu menghitung kalori maknan
Pengguna Google,5,2020-10-08 07:53:26,Membantu sekali
Pengguna Google,5,2020-10-08 07:38:56,Top
Pengguna Google,5,2020-10-08 06:51:09,Bagus aplikasi ini .bisa mengontrol makanan .akan tetapi kurang lengkap variasi makanannya
Pengguna Google,5,2020-10-08 05:54:22,Sangat bantu program diet.
Pengguna Google,5,2020-10-07 20:01:58,luv
Pengguna Google,5,2020-10-07 19:44:50,Byk makanan yg belum update di FS..jadi klo mau masukin mkanan yg baru..msh suka bingung
Pengguna Google,5,2020-10-07 14:14:39,Ok
Pengguna Google,1,2020-10-07 08:59:44,Ko ga bisa dibuka ya
Pengguna Google,5,2020-10-07 08:27:19,Apk nya bagus bngtttttt
Pengguna Google,4,2020-10-07 06:50:47,Cukup bagus
Pengguna Google,5,2020-10-07 05:13:16,Alhamdulillah banyak ilmu setelah kenal fat secret.
Pengguna Google,5,2020-10-06 20:29:25,"Bagus banget, sangat membantu untuk yang sedang proses diet.."
Pengguna Google,5,2020-10-06 19:44:35,"Mau nnya, untuk mencari nama di komunitas bagaimana ya caranya?, Biar bisa sharing2 ke teman dkat mgsdny🙏"
Pengguna Google,2,2020-10-06 13:53:22,Kurang bgitu memahami cara kerja aplikasi nya.
Pengguna Google,3,2020-10-06 13:14:29,"Lymayan buat diet. Tapi sayangnya ada beberapa menu yg belum trlampir. Mau mengisi, sedangkan kita belum tau berapa takaran kalorinya produk yg kita masak"
Pengguna Google,5,2020-10-06 12:05:54,I love it 😘😘😘😘😘😘😘
Pengguna Google,5,2020-10-06 11:38:52,"Sangat membantu program diet saya, dari 64 menjadi 53 kg, semangat berjuang Selamat mencoba"
Pengguna Google,5,2020-10-06 07:40:52,Very good
Pengguna Google,5,2020-10-06 06:16:25,Sangat membantu untuk aku diet
Pengguna Google,5,2020-10-06 06:12:48,Gimana sih cara menghapus postingan yg sudah di upload di fatsecret?
Pengguna Google,5,2020-10-06 05:12:16,Terimaksih fatsecret..sangat membantu dalam pengaturan pola makanku...
Pengguna Google,4,2020-10-05 20:53:55,Baru bbrp hari app ini mempermudah ngitungin kalori yg ribet banget
Pengguna Google,5,2020-10-05 17:44:03,Sangat detail
Pengguna Google,5,2020-10-05 13:58:42,"Mantuls, jadi lebih aware sama kebutuhan makro gizi"
Pengguna Google,5,2020-10-05 13:12:39,Sangat membantu
Pengguna Google,5,2020-10-05 07:07:09,Semenjak kenal app ini ... Nafsu makan ku jdi terkontrol banget dan sudah turun 8 kg slama 3 bulan
Pengguna Google,3,2020-10-05 04:24:28,Lumayan membantu
Pengguna Google,4,2020-10-04 21:59:50,Aplikasi yang bagus untuk menghitung jumlah kalori makanan dan minuman. Aplikasinya juga tidak susah untuk dimengerti. Hanya saja masih ada beberapa makanan dan minuman yang tidak di inputkan dlm aplikasi ini. Semoga bisa berkembang lbh baik lgi ke dpnnya.
Pengguna Google,5,2020-10-04 20:31:05,Good buat kesehatan
Pengguna Google,5,2020-10-04 17:39:25,Bagus
Pengguna Google,5,2020-10-04 11:49:35,bagus
Pengguna Google,5,2020-10-03 20:30:25,Sangat manfaat buat new life style saya low carb
Pengguna Google,4,2020-10-03 17:01:03,"Masih kurang akurat untuk penghitungan kalorinya, mudah2an bisa lebih ditingkatkan lagi🙏"
Pengguna Google,5,2020-10-03 11:59:08,"Alhamdulillah ini aplikasi keren banget...sangat membantu dan menjadi penyemangat program sehat. Disini kita bisa catat konsumsi kalori harian,bisa utk review juga track record konsumsi kita..."
Pengguna Google,3,2020-10-03 07:51:56,What ino yes no????😂😂🎀🎀✨✨✨🎀🎀 ✨✨🎀🎀🎀✨✨ 🌺🌺🌺🎀🌺🌺🌺 🌺🌺🌺🎀🌺🌺🌺 🎀🎀🎀🎀🎀🎀🎀 🌺🌺🌺🎀🌺🌺🌺 🌺🌺🌺🎀🌺🌺🌺 Iya iya
Pengguna Google,5,2020-10-02 17:04:56,Sangat membantu👍👍
Pengguna Google,5,2020-10-02 11:05:28,Apps mudah digunakan. Sangat membantu buat saya yang sedang dalam program penurunan berat badan dengan mencatat pemasukan kalori.
Pengguna Google,5,2020-10-02 10:17:58,Bagua
Pengguna Google,5,2020-10-02 09:16:25,"Sangat membantu 😍😍😍😍 yang dulunya rakus jadi terkontol makannya,,"
Pengguna Google,4,2020-10-02 05:44:19,"Udh bagus dan mudah penggunaanya, tingkatkan lagi daftar pencarian makannya ya skr kan nma makanan beragam soalnya biar mudah mrngetahui jumlah kalorinya"
Pengguna Google,5,2020-10-02 00:04:14,Bagus bgt
Pengguna Google,5,2020-10-01 15:03:29,Alhamdulillah bisa mengatur kalori yang masuk dan berat badan bisa terkontrol
Pengguna Google,5,2020-10-01 11:10:31,"oh yeaah, aplikasi diet paling Oke nih, salah satu yg paling lengkap makanan-makanannya"
Pengguna Google,5,2020-10-01 08:36:47,Good!
Pengguna Google,5,2020-10-01 07:58:48,Aplikasinya sangat berguna sekali
Pengguna Google,4,2020-10-01 06:46:08,Tolong ditambahkan lagi varian makanan beserta kalori nya. Di update lagi dengan makanan dan brand2 sekarang. Tp overall udh mantab
Pengguna Google,3,2020-10-01 05:45:22,"Untuk latihan olahraga nya tidak bisa ditambahkan ke pengurangan kalori , hrsnya setelah mkn lalu berolahraga budget kalori bs bertambah lg , ini ga. Tolong diperbaiki lg"
Pengguna Google,5,2020-10-01 05:03:39,Dapat membantu dalam penurunan bb
Pengguna Google,3,2020-10-01 04:14:15,"Aplikasi sudah berguna, hanya kurang banyak detail informasi makanan yg tersedia, sekiranya tim pengembang menambah jumlah makanan setiap daerah, jumlah porsi, jenis makanan yg direkomendasikan, dll. Terimakasih"
Pengguna Google,5,2020-09-30 17:17:48,Suka ama aplikasi ini.... bisa saling sharing dengan sesama sobat pejuang diet.. Dan ngebabtu bgt buat yg baru belajar ilmu diet.... Setidak nya jadi tw brp asupan kalori yg udh kita makan... Plus bisa liat progress diet kita... Saran mga makin banyak menu makanan yg di masukin dalam data kalori.. Soalnya klo gak ada mw nambah nemu bingung nentuin brp kalori nya.. Masih tahap belajar...
Pengguna Google,5,2020-09-30 17:04:29,Wokehhh
Pengguna Google,5,2020-09-30 11:16:33,Good
Pengguna Google,5,2020-09-30 10:16:37,"Fat secret ngebantu bgt utk program diet saya. Detail dan jelas, walaupun masih ada beberala daftar makanan yg belum masuk hitungan kalori. Semoga bisa ditingkatkan lagi"
Pengguna Google,3,2020-09-30 09:58:26,Kalau bisa antara makanan yg kita konsumsi dengan latihan dan tidur yang kita jalani defisit kalorinya bisa di sambungkan jadi ga sia2
Pengguna Google,5,2020-09-30 05:36:25,Sangat membantu mengatur kalori yang dikonsumsi
Pengguna Google,5,2020-09-29 19:57:02,Membantu sekali utk jaga asupan kalori
Pengguna Google,5,2020-09-29 19:27:32,Kerennnn aplikasinyaaaa membantu bangettt 😆😆😆😍😍😍😍
Pengguna Google,5,2020-09-29 19:14:23,Sangat membantu utk diet saya
Pengguna Google,5,2020-09-29 18:33:34,"Terbaik, sangat membantu program diet saya! Kewl!!"
Pengguna Google,5,2020-09-29 14:27:46,Aplikasi yg keren abis. Membantu bgt buat turunin berat badan... moga bisa lebih baik lagi. Thx FS 😘
Pengguna Google,5,2020-09-29 12:00:38,"Aplikasi paling mudah digunakan dan sangat membantu, perbanyak lg macam makanan"
Pengguna Google,5,2020-09-29 08:32:45,"Sangat membantu untuk mengukur kalori harian, dan daftar makanannya pun lengkap"
Pengguna Google,5,2020-09-28 17:53:58,Sangat membantu
Pengguna Google,4,2020-09-28 09:07:53,"Semoga bisa membantu untuk program diet, smngat pejuang garis 2 n pejuang diet 👍👍👍"
Pengguna Google,5,2020-09-28 08:30:16,"Sangat membantu saya dalam memilih makanan yg dimakan sesuai dgn kadar kalori,4 Minggu dari BB awal 74.56,pagi ini nimbang udah di timbangan 71.8"
Pengguna Google,5,2020-09-28 08:23:35,Sangat membantu banget .. terimakasih fatsecret 😍😍
Pengguna Google,5,2020-09-28 05:56:53,Amazing app
Pengguna Google,5,2020-09-28 00:41:36,"Memuaskan, bs menghitung kalori yg masuk sehingga terkontrol sesuai kebutuhan sehari"
Pengguna Google,5,2020-09-27 22:06:20,Ngebantu banget
Pengguna Google,4,2020-09-27 21:49:51,Good job!
Pengguna Google,5,2020-09-27 20:31:10,Sangat membantu dalam mengatur pola makan 🔥
Pengguna Google,2,2020-09-27 20:30:14,Ga paham
Pengguna Google,5,2020-09-27 18:27:37,Membantu
Pengguna Google,3,2020-09-27 13:18:04,"Bagus sih tapi ada makanan yg jumlah kalorinya ga masuk akal, kaya kecipir. Ya kali kecipir loh kecipir masa kalorinya ratusan gildang. Makan kecipir rebus 100gr abis itu puasa seharian kalau nurutin fatsecret"
Pengguna Google,5,2020-09-27 11:27:17,Bagus
Pengguna Google,5,2020-09-27 07:29:06,"Good, sangat membantu"
Pengguna Google,5,2020-09-27 06:11:05,"Baru pakai hampir satu bulan, lumayan membantu mengatur kalori agar tidak berlebihan"
Pengguna Google,4,2020-09-26 18:52:53,Mudah di fahami
Pengguna Google,5,2020-09-26 09:17:15,Topppp apps....membantu mengontrol lapar mata 😁😁 makan & ngemil jadi ga berlebihan & bersih
Pengguna Google,5,2020-09-26 09:10:42,Apk in bagus banget buat aku krena kita jadi tau jumlah kalori dan bisa batasin makan . Aku saranin buat kalian yg baru mo mulai dietnya ayo pkai apk in aja di jamin ampuh turunnya klau defkal ko 😊😊
Pengguna Google,5,2020-09-26 05:36:23,Kereeen deh poko nya ngebantu bgt buat aq yg pengen diet
Pengguna Google,5,2020-09-25 22:32:59,Terbaik lah
Pengguna Google,5,2020-09-25 13:16:33,Sangat berguna dalam menghitung asupan kalori untuk menjaga berat badan dengan menu yg variatif
Pengguna Google,5,2020-09-25 09:59:44,Semua baik..hanya saja masih kurang banyak varian makananya sehingga pake ilmu kira2 hitung kalorinya
Pengguna Google,5,2020-09-25 09:54:07,makasi banget semenjak semingguan pakai bantu turun sampai 2 kg 😁
Pengguna Google,5,2020-09-25 08:36:47,Sangatt membantu proses diet
Pengguna Google,5,2020-09-25 08:26:58,Baru coba
Pengguna Google,5,2020-09-25 05:16:17,Dlu aq diet trs gak diet...brat bdanq naik ugal2an skrang pake defisit kalori belum sebulan udh turun 3kg lebih...makan jg tetep bisa enak...😊 Trimkasih
Pengguna Google,5,2020-09-24 22:35:08,Ok❤❤❤
Pengguna Google,5,2020-09-24 21:17:15,Oke bgt
Pengguna Google,5,2020-09-24 12:34:00,sngt bgus tolong makanannya lbih detail
Pengguna Google,4,2020-09-24 10:05:37,Semoga bisa sampai target aku..thanks ya 🥰
Pengguna Google,5,2020-09-24 08:11:00,Cukup membantu.. Tolong perbanyak koleksi menu shg menambah akurasi data. Cukup menarik dan sangat membantu utk yang pengin naik atau turun badan..
Pengguna Google,5,2020-09-24 07:45:52,Sangat membantu ❤
Pengguna Google,5,2020-09-24 07:29:31,Suka bat dehh
Pengguna Google,5,2020-09-24 06:42:29,Aplikasi yg bagus dan sangat membantu dalam penurunan berat badan.
Pengguna Google,5,2020-09-24 05:23:53,Keren
Pengguna Google,5,2020-09-23 16:04:04,Sangat bagus ❤️
Pengguna Google,5,2020-09-23 13:41:33,Bagus untuk diet
Pengguna Google,5,2020-09-23 11:29:15,"Sangat membantuku dalam mengatur makanan yg kukonsumsi dgn memperhatikan nilai gizi yg ada, thanks 😊"
Pengguna Google,4,2020-09-23 11:11:42,Semenjak rutin pakai ini..pola pikir pun mulai berubah untuk memperkirakan kalori yg masuk ditubuh perharinya udah pas belum yaa..💕💕
Pengguna Google,5,2020-09-23 05:55:43,Membantu sekali untuk mengontrol jumlah kalori yang saya makan sehari-hari dan benar-benar membantu diet saya
Pengguna Google,5,2020-09-23 02:53:37,"bagus bgt, saran tambahkan foto dalam makanan yang dicari, agar tau porsi dan ukurannya"
Pengguna Google,4,2020-09-22 19:48:52,Good
Pengguna Google,5,2020-09-22 17:29:56,"Sangat terbantu dgn aplikasi ini ... Karna defcal , dari tgl 5 september sampai 22 september ini BB ku udah turun 4 kilo ... Alhamdulillah"
Pengguna Google,5,2020-09-22 17:03:30,Sangat membantu menghitung kalori masuk sayaa Walapun tidak 100% akurat tapii paling tidak sayaa tidak mengira ngira lagi soal menghitung kalori masuk saya Karna tidak ada yg sempurna kecuali ciptaan allah
Pengguna Google,4,2020-09-22 16:48:59,Mau upgrade ke premium Via pulsa Telkomsel ko gagal terus ya min?
Pengguna Google,5,2020-09-22 15:21:53,Berguna bgt apps nya buat track kalori kalau lg diet ❤
Pengguna Google,5,2020-09-22 15:00:17,Sukaaa bgt. Gara² aplikasi ini jd nimbnag semua makanan yg mau aku makan. Jd tau mana makanan sehat mana yg ga. Thank u. Sukkaaa bgt.
Pengguna Google,5,2020-09-22 10:08:50,Apk nya sangat membantu untuk program diet😊
Pengguna Google,5,2020-09-22 07:41:00,Sangat membantu dalam mengontrol kalori 😘
Pengguna Google,4,2020-09-21 21:22:19,Sepertinya ada daftar makanan yang tidak akurat. Contohnya kacang hijau per 100 kg tercatat 81 kalori. Tapi saya cek beberapa artikel kacang hijau itu per 100 kg mengandung 347 kcal. Jadi hati2 bisa terjebak& kebablasan kalori..😅
Pengguna Google,5,2020-09-21 17:54:21,"So helpppiiinggggg, i do love thiss app. 😍"
Pengguna Google,5,2020-09-21 14:37:51,Sangat membantu utk menghitung kalori makanan & mengontrol kalori harian
Pengguna Google,5,2020-09-21 13:03:57,Goodd
Pengguna Google,5,2020-09-21 11:44:55,Sangat membantu
Pengguna Google,4,2020-09-21 11:34:58,Masih harus diperbaiki
Pengguna Google,5,2020-09-21 10:59:40,"Sangat membantu mengontrol kalori yang akan dikonsumsi, dalam rangka menjalankan program diet"
Pengguna Google,4,2020-09-21 08:21:03,Mntap..
Pengguna Google,5,2020-09-21 08:05:34,Bagus sekali membantu kita menentukan jumlah kalori dalam makanan dan membantu program diet sehat
Pengguna Google,5,2020-09-21 08:01:46,Membantu sekalii
Pengguna Google,4,2020-09-21 07:54:34,"Kadang ga semua makanan aku tau ukurannya, kalo bisa sih ada takaran berapa sendoknya 😁"
Pengguna Google,5,2020-09-21 06:37:16,Membantu sekali
Pengguna Google,5,2020-09-20 22:17:49,Aplikasi ini memberi kita banyak ilmu akan penghitungan kalori saat diet..
Pengguna Google,5,2020-09-20 18:11:34,Penghitungan kalori makanan yg akurat
Pengguna Google,5,2020-09-20 12:34:25,Sangat membantu dalam mengontrol asupan kalori
Pengguna Google,5,2020-09-20 11:50:04,Sangat membantu bagi yang diet
Pengguna Google,5,2020-09-20 09:15:56,Oke bngtt ngebantu
Pengguna Google,5,2020-09-20 07:58:25,Sangat membantu saya untuk mengontrol kalori harian
Pengguna Google,5,2020-09-20 06:18:27,Membantu skali .. i lapyu lah
Pengguna Google,5,2020-09-19 23:23:06,"Mau tanya donk kalo target kalori nya 2700 ni tetapi setiap hari nya rata2 hanya 1300kal, iti bagus atau gak ya"
Pengguna Google,5,2020-09-19 21:14:15,Keren banget
Pengguna Google,5,2020-09-19 18:04:48,👍
Pengguna Google,5,2020-09-19 17:31:42,Sangat membantu
Pengguna Google,5,2020-09-19 15:20:45,"Sangat membantu, diet teroantau dan terencana."
Pengguna Google,5,2020-09-19 09:59:07,Dengan aplikasi ini dan kemauan yg bagus insyaAllah berhasil diet 🧘‍♂️
Pengguna Google,5,2020-09-19 09:02:29,Ok
Pengguna Google,5,2020-09-19 08:53:52,Aplikasi yg bagus untuk sehat
Pengguna Google,5,2020-09-18 21:18:19,Bagus sekali. Bisa membantu mengatur pola makan sekaligus menciptakan pola hidup yang sehat 👍
Pengguna Google,5,2020-09-18 19:55:15,Masih sering susah sih nyari2 menu makanan yg dimakan tp.di pencarian suka gda hitungan kalori nya.. Selebihnya ok
Pengguna Google,4,2020-09-18 19:16:32,"Sy cm mau tnya,knp konsumsi kalori yg masuk tidak dikurangi dg latihan/olahrga yg dilakukan?? Latihan dan tidur/istrhat knp disndirikn dri konsumsi kalori yg msuk?knp tdk ada pngkaitannya di antara keduanya?"
Pengguna Google,5,2020-09-18 18:45:41,Bagus sekali sangat membantu untuk rutinitas harian untuk porsi makan yg cukup buat badan sehat
Pengguna Google,5,2020-09-18 12:33:59,"Rekomended, aplikasinya bagus, bermanfaat. Untuk Saran, aplikasi bisa di hubungkan dengan Mifit dung."
Pengguna Google,4,2020-09-18 12:25:13,Gue kasih 4 bintang y ... selama 1 bulan gua ngontrol makan di fat secreat plus tmen2 pengguna apk ini pada responding banget gw ngerasa gk menderita sendiri buat diet ... gue bisa share aktifitas gw and sbg... top menurut gw mah nih apk 🙆
Pengguna Google,3,2020-09-18 11:34:07,Apa pake apk ini bayar bulanan?
Pengguna Google,5,2020-09-18 09:33:59,Nice
Pengguna Google,5,2020-09-18 08:34:39,Sgt membantu
Pengguna Google,5,2020-09-18 07:23:44,"Aplikasi yang sangat membantu , thanks 😊"
Pengguna Google,5,2020-09-18 06:03:28,sangat mmbntu proses diet saya.. terima kasih❤
Pengguna Google,4,2020-09-17 23:47:42,Lumayan membantu proses diet
Pengguna Google,5,2020-09-17 21:19:23,Bisa mengatur pola makan agar tetap sehat☺
Pengguna Google,5,2020-09-17 19:35:21,Sangat membantu
Pengguna Google,5,2020-09-17 18:56:13,Mantaaaaap betuuuul bener2 membantu pejuang diet kayak saya
Pengguna Google,5,2020-09-17 13:44:05,"bermanfaat sekali, dgn aplikasi ini membantu mempermudah defisit kalori, awal Bb sy 59... dn stlah 2 minggu sy cek 55.9 kg... semoga target ideal sy sgra tercapai... terimaksih..."
Pengguna Google,5,2020-09-17 13:11:56,Suka banget karena bisa melihat kalori pada makanan yg ingin kita konsumsi
Pengguna Google,5,2020-09-17 13:07:25,Saya akan memulai di tahun bulan hari dan detik ini bismillah doakan saya kawan semoga berat badanku naik aamiin
Pengguna Google,5,2020-09-17 12:33:39,Mantap
Pengguna Google,5,2020-09-17 08:01:54,Bisa membantu sy buat nutunin bb.. thnks FS
Pengguna Google,5,2020-09-17 07:25:07,"Sangat membantu untuk program diet saya, jadi terbiasa menghitung kalori yg masuk, thank you fat secret"
Pengguna Google,5,2020-09-17 07:02:06,Mantap
Pengguna Google,5,2020-09-17 06:10:41,Sangat membantu say
Pengguna Google,5,2020-09-17 05:52:07,Bagus banget aplikasinnya bikin aku bisa kontrol makan
Pengguna Google,5,2020-09-16 20:31:10,Okay
Pengguna Google,4,2020-09-16 19:26:48,"Sangat membantu, cumqn msh ada yg blm ngerti"
Pengguna Google,3,2020-09-16 16:06:34,setelah update. terlalu banyak nama yg tidak terdaftar
Pengguna Google,2,2020-09-16 15:39:39,Tolong di perbaiki bug nya dimana saya tidak bisa menulis jumlah makanan yang saya konsumsi. Awalnya saya mengira kalau keyboard saya yang eror tapi saat saya coba di app lain masih aman dan hanya tidak berfungsi di app ini dan itu sangat mengganggu
Pengguna Google,5,2020-09-16 11:40:19,Jossssss
Pengguna Google,5,2020-09-16 11:38:36,"Sangat membantu untuk menjaga porsi makan.. recomended banget buat org"" yg kaya aku lgi program diet...😍"
Pengguna Google,5,2020-09-16 07:55:25,"Ngebantu banget buat ngekontrol kalori makanan😊,"
Pengguna Google,5,2020-09-16 07:07:48,Sangat membantu
Pengguna Google,5,2020-09-16 07:07:15,Bermanfaat 💪
Pengguna Google,5,2020-09-15 21:18:21,sangat membantu bagi pemula yang ingin jaga pola makan 😊😊😁
Pengguna Google,5,2020-09-15 19:19:37,"Mudah dioperasikan, komplit"
Pengguna Google,5,2020-09-15 17:25:40,Membantu sekali untuk menghitung kalori
Pengguna Google,5,2020-09-15 16:57:21,Luar Biasa
Pengguna Google,5,2020-09-15 15:49:01,"I hope , This app can help me to reach my body goals💜"
Pengguna Google,3,2020-09-15 15:26:57,Alhamdulillah semenjak defkal bb ku trun 2kg
Pengguna Google,5,2020-09-15 14:47:08,"Bagus sih lengkap makanan sama jenis latihan, tapi yang latihan kalo bisa spesifik, misalnya push up itu sendiri aja, jangan digabung jadi senam berat"
Pengguna Google,3,2020-09-15 13:06:38,Ada beranda yang menampilkan banyak resep makanan sehat dan simple. Hanya di bagian makanan yg ada barcodenya sudah dua kali coba produk salah dan tidak terdaftar
Pengguna Google,5,2020-09-15 12:07:03,I love it and enjoy. I can diet wihout cheat day or something like that 🥰
Pengguna Google,5,2020-09-15 11:38:33,App yg sangat membantu dlm proses diet 👍
Pengguna Google,4,2020-09-15 11:26:13,"Bgus, tpi msih bny maknan yg blom ada daftar kalorinya"
Pengguna Google,5,2020-09-15 10:54:43,👍
Pengguna Google,4,2020-09-15 10:28:21,Aplikasinya mantap tapi kasih bintang 4 dulu
Pengguna Google,5,2020-09-15 10:23:25,Terimakasih sudah membantu
Pengguna Google,5,2020-09-15 08:52:03,Berhasil memandu diet saya hingga lost 11 kg.. :)
Pengguna Google,4,2020-09-15 06:32:15,Bagus untuk hitung kalori harian tapi lebih baik lagi jika list makanan dan informasi konsumsi gizi diupdate lebih baru lagi
Pengguna Google,5,2020-09-14 20:56:16,"Sangat sangat membantu program makan bener aq, penjelasannua rinci dan gampang dipahami"
Pengguna Google,5,2020-09-14 18:12:29,Bermanfaat bgt untuk menghitung asupan kalori per hari nya
Pengguna Google,5,2020-09-14 17:41:06,Highly recommended
Pengguna Google,5,2020-09-14 08:24:40,"Aplikasi ini sangat2 membantu banget buat yang mau diet, disini banyak tips2 dr tmn sesama pejuang diet, penghitung kalori makanan. Best bgt pokoknya"
Pengguna Google,5,2020-09-14 08:11:39,Top
Pengguna Google,4,2020-09-14 08:01:14,"Aplikasi membantu sekali, tapi pilihan makanan kurang bervariasi"
Pengguna Google,4,2020-09-14 06:42:05,Sangat terbantu..tapi masih harus ditambah lagi jenis-jenis makanan dan kalorinya
Pengguna Google,4,2020-09-14 06:21:45,👍
Pengguna Google,5,2020-09-13 21:26:42,"TOP , bisa tau kalori yg kita butuhkan setiap hari yg mau diet sehat ke sini aja"
Pengguna Google,5,2020-09-13 18:10:41,"Selama menggunakan fat secret, aku jadi lebih bersemangat utk diet dgn gaya hidup yg sehat. Banyak yang ngasih support, nasihat dan berbagi resep makanan sehat. Kalau curhat di sosmed terkadang bnyk org yg bully karna berat badan, tp di fat secret semuanya memberikan motivasi"
Pengguna Google,5,2020-09-13 14:59:36,Membantu
Pengguna Google,4,2020-09-13 12:48:29,Banyakin menunya dong..
Pengguna Google,5,2020-09-13 11:55:54,Benar benar membantu banget untuk menghitung kalori setiap kita makan
Pengguna Google,4,2020-09-13 09:33:39,So far so good!
Pengguna Google,5,2020-09-13 08:59:04,Bagus.. lengkap
Pengguna Google,5,2020-09-13 08:28:58,"Terima Kasih Karna sudah Menemani Hari"" Aku 😘😘😘"
Pengguna Google,5,2020-09-13 06:35:25,Aplikasi ini sangat membantu meskipun blm tutun banyak tapi tetap semangat semoga bisa trs turun... Thank u fs
Pengguna Google,4,2020-09-13 06:30:21,keren sangat membantu
Pengguna Google,5,2020-09-12 21:19:19,Keren...
Pengguna Google,5,2020-09-12 15:28:36,Senang lumayan membantu
Pengguna Google,5,2020-09-12 10:29:41,Good
Pengguna Google,5,2020-09-12 06:31:04,membantu sekali dalam program diet saya 😊
Pengguna Google,5,2020-09-12 00:42:01,Sangat bermanfaat
Pengguna Google,5,2020-09-11 12:23:14,Mantaf
Pengguna Google,5,2020-09-11 11:21:08,Membantu sekali untuk proses diet ku
Pengguna Google,5,2020-09-11 10:58:05,Sangat membantu untuk yg sedang diet
Pengguna Google,5,2020-09-11 09:50:48,Membantu menghitunh kalori dn terhubung dg bbg orang dg 1 tujuan...😂menurunkan bb
Pengguna Google,5,2020-09-11 06:41:47,Terimakasih fat secret sudah membantu saya dalam menghitung kalori harian. Alhamdulillah membantu sekali untuk program penurunan BB saya.
Pengguna Google,5,2020-09-10 20:21:25,Bagus sangat membantu kita untuk yang program diet dengan menghitung kalori.
Pengguna Google,5,2020-09-10 18:45:44,Bagus
Pengguna Google,5,2020-09-10 16:08:06,Keren Banget Keren Banget
Pengguna Google,5,2020-09-10 14:14:51,"Sangat membantu pada proses dietku,"
Pengguna Google,5,2020-09-10 11:09:46,"Terimakasih, sangat membantu saya dalam menjalankan diet sehat"
Pengguna Google,5,2020-09-10 07:11:00,Mantap aps..
Pengguna Google,5,2020-09-10 06:35:05,Uhh pokoknya mantap
Pengguna Google,5,2020-09-09 22:21:33,"Terimakasih, aplikasi sangat membantu buat monitoring kalori😍, seneng dh, kebantu banget buat nurunin berat badan"
Pengguna Google,5,2020-09-09 17:36:52,Oke
Pengguna Google,4,2020-09-09 14:45:32,Bagus sekali.. q kasih bintang 4 dlu nnti kalo udh mncapai target q tmbahin😁🤗
Pengguna Google,5,2020-09-09 12:48:14,"Baru coba, merasa puas sejauh ini"
Pengguna Google,5,2020-09-09 11:56:47,good
Pengguna Google,5,2020-09-09 10:54:37,Sipp bagus untuk diet
Pengguna Google,5,2020-09-09 10:08:29,"Bagus banget nih aplikasinya, membantu program diet aku"
Pengguna Google,5,2020-09-09 08:47:53,Sangat membantu utk program diet 😍😍😍👍🏻
Pengguna Google,4,2020-09-09 04:33:42,👍
Pengguna Google,5,2020-09-09 00:48:36,Mantab banget
Pengguna Google,5,2020-09-08 20:15:10,Oke banget dan bantu bgt buat program dietku..tp tolong di perbanyak lagi varian jenis makanan nya
Pengguna Google,5,2020-09-08 16:44:58,Sangat membantu utk sy yg ingin defisit kalori dg cara yg sangat mudah
Pengguna Google,5,2020-09-08 14:47:02,Good
Pengguna Google,5,2020-09-08 14:07:22,"Mantap, ini yg dicari-cari banyak makanan/produk di Indonesianya jadi gampang."
Pengguna Google,5,2020-09-08 05:48:49,Membantu banget buat mantau kalori harian
Pengguna Google,5,2020-09-07 20:39:41,Mudah digunakan... Lengkapi data kalori makanan khas indonesia
Pengguna Google,3,2020-09-07 16:34:50,👍👍👍👍👍👍👍
Pengguna Google,4,2020-09-07 16:01:11,"mantap jincc,, gua turun 4kilo defisit kalori mangtapppp,,,"
Pengguna Google,4,2020-09-07 14:39:04,Lumayan.....
Pengguna Google,4,2020-09-07 09:03:31,Membantu saya dlm hal mengatur makanan
Pengguna Google,4,2020-09-07 08:21:05,menu makanannya ditambah yaa... kalo bisa sih menu nusantara yg murmer
Pengguna Google,4,2020-09-07 07:58:08,Good
Pengguna Google,4,2020-09-07 07:03:06,"Lumayan bantuin spy lebih sadar saat makan, bisa pilih asupan yg sehat & aman kalorinya. Ada bbrpa bahan makanan yg tdk ada datanya, yaitu makanan yg dimasak sendiri. Mau ikut ngisi juga mana tau cara hitung kalorinya..."
Pengguna Google,5,2020-09-07 07:01:30,Bagus
Pengguna Google,5,2020-09-07 05:43:01,Sangat membantu tracking diet.
Pengguna Google,5,2020-09-06 22:21:06,Aplikasinya Sangat Membantu & Bermanfaat
Pengguna Google,4,2020-09-06 20:11:56,Sangat membantu memonitor jumlah kalori...🙂
Pengguna Google,5,2020-09-06 16:39:52,Membantu sekali
Pengguna Google,5,2020-09-06 14:05:01,Sangat membantu buat ngatur mknan sehari2. Hehehe
Pengguna Google,5,2020-09-06 13:14:31,Aplikasi ini bener2 sangat membantu...sekali isi menu harian bawaannya penasaran aja tadi dah berapa kalori yaa yang di konsumsi?? Uuuuhhhh pokok nya sukak...sangat membantu utk progres penurunan berat badan aku..makasih FS
Pengguna Google,4,2020-09-06 10:56:36,Terima kasih fat secret memudahkan saya untuk menghitung kalori
Pengguna Google,5,2020-09-06 10:13:35,Good
Pengguna Google,5,2020-09-05 22:08:18,"Aplikasi yg sangat sangat sangat berguna. Aku smpe edukasi temen2 buat donlot dan pake juga, kurangnya cm satu sih, aku pgn sambungin sm mi band 4 masih blm bisa huhu, biar kerekam semua di app fatsecret. Tp gpp pkonya luv"
Pengguna Google,5,2020-09-05 19:19:18,"keren aplikasinya bisa ngatur asupan nutrisi sehari2, cuman lebih bagusnlahi ditambah menu2 khas jawa krn kbnyakan menu2 barat dan menu instan"
Pengguna Google,5,2020-09-05 18:33:59,Sangat membantu .. Love banget sama fatsecreet :*
Pengguna Google,4,2020-09-05 13:36:12,So far so good
Pengguna Google,5,2020-09-05 12:35:45,Sangat membantu tanks fatsecret
Pengguna Google,5,2020-09-05 11:29:59,👍
Pengguna Google,5,2020-09-05 03:03:23,Sangat membantu aku suka Aplikasi ini .
Pengguna Google,5,2020-09-04 20:47:38,Sangat sangat membantu
Pengguna Google,5,2020-09-04 20:00:15,Mantap sangat membantu
Pengguna Google,4,2020-09-04 19:41:30,Agak membantu untuk tau jumlah kalori yang masuk kedalam tubuh
Pengguna Google,5,2020-09-04 17:37:21,Terimakasih
Pengguna Google,5,2020-09-04 13:05:17,Sangat membantu utk menghitung asupan sehari-hari sehingga bisa lebih mengontrol. Thank you so much.. 😇😇🤩🤩
Pengguna Google,5,2020-09-04 12:06:26,Bagus
Pengguna Google,4,2020-09-04 06:00:35,"Nice, sudah telaten pake ini 2tahun. Makanannya lengkap jd bisa gampang counting calories. Hanya saja harus setting hp ke bahasa indo dulu kalo mau count calories makanan indo."
Pengguna Google,5,2020-09-04 05:35:56,Sangat membantu sekali thanks fs
Pengguna Google,5,2020-09-04 05:27:39,Aplikasi sangat membantu 👍
Pengguna Google,5,2020-09-03 20:04:46,Membantu sekali untuk belajar hidup sehat
Pengguna Google,5,2020-09-03 18:16:29,Makasih fatsecret.bagus bgt pake apk ini selain bisa ngontrol makan aku.aku juga bisa lihat postingan orng dan itu sebuah motivasi.bljr bnyk hal deh dari apk ini Sukses terus ya.dan apk ini gak berbayar alhamdulillah.
Pengguna Google,5,2020-09-03 17:56:14,Sangat bermanfaat
Pengguna Google,5,2020-09-03 12:22:00,Bagus banget
Pengguna Google,5,2020-09-03 09:19:15,Sangat membantu dalam memantau berat badan dan membantu dalam program diet
Pengguna Google,5,2020-09-03 06:39:46,"Jadi semangat dietnya, dipantau kalorinya!!!"
Pengguna Google,5,2020-09-03 05:56:25,Bagus
Pengguna Google,4,2020-09-03 05:27:16,Sangat membantu utk menentukan AKG & kebutuhan kalori kita
Pengguna Google,5,2020-09-02 23:36:53,Saya sangt terbantu dngn aplikasi ini
Pengguna Google,2,2020-09-02 23:19:07,Pusing cara pake nya:)
Pengguna Google,5,2020-09-02 21:36:40,Suka
Pengguna Google,5,2020-09-02 20:17:07,Syukaaa😍membantu banget buatt yg diet
Pengguna Google,4,2020-09-02 19:41:41,"Sangat membantu untuk program diet, apalagi kalo menu lokal indonesia banyak ditbambah lagi"
Pengguna Google,5,2020-09-02 18:06:06,Aplikasi nya sangat membantu dan berfaedah
Pengguna Google,5,2020-09-02 14:04:40,gooood
Pengguna Google,4,2020-09-02 12:08:41,Good
Pengguna Google,5,2020-09-02 10:36:00,sangat membantu
Pengguna Google,5,2020-09-02 09:22:12,Membantu sekali progam dietku...
Pengguna Google,5,2020-09-02 07:28:49,Hebat ni aplikasi. Suka banget pokoknya. Gabisa diet kl bukan karena fat secret iniii😍😍😍😍😍
Pengguna Google,5,2020-09-02 07:19:58,"Mantap, krna apk ini aku bisa atur jumlah kalori sehari2ku.. The best pokonya 👍👍👍"
Pengguna Google,5,2020-09-01 22:24:18,Good .. bagus bgt aplikasinya . Bismillah konsisten dietnya .. sampai angka yg di tuju . Semangat ..
Pengguna Google,1,2020-09-01 20:39:59,Saya kasih bintang satu dulu karna mau daftar ga bisa padahal buat internetan lain nya normal² ajh
Pengguna Google,5,2020-09-01 14:38:58,Banget saya jadi bisa diet dan saya jadi kurus deh nah parah semua harus dong karena bagus banget gak kalah deh sama yang lain download sekarang
Pengguna Google,5,2020-09-01 11:14:44,Sangat membantu saya dalam meningkatkan kualitas kesehatan
Pengguna Google,5,2020-09-01 05:28:43,Ngerasa lebih terbantu untuk diet pemula biar lebih terkontrol
Pengguna Google,5,2020-08-31 16:34:34,Membantu bgt untuk divisit kalori
Pengguna Google,5,2020-08-31 14:44:51,Aplikasi yg sangat bermanfaat untuk program diet
Pengguna Google,5,2020-08-31 13:10:37,👍😊
Pengguna Google,5,2020-08-31 12:21:26,"Aplikasi ini sangat membantu banget, terutama bagi yang lagi defisit kalori, semangat para pejuang diet! U can do it! ❤️✨"
Pengguna Google,5,2020-08-31 10:55:12,Mantap
Pengguna Google,4,2020-08-31 10:10:44,"Thanks sudah membantuku dalam program diet ku 😭 walaupun beberapa menu gak ada, dan malah ada beberapa menu yang terulang"
Pengguna Google,5,2020-08-31 08:34:26,yes good
Pengguna Google,5,2020-08-31 08:32:44,Sangat membantu untuk membatasi konsumsi kalori yang berlebihan 👍
Pengguna Google,5,2020-08-31 08:10:51,"Berguna banget sih ini buat yg lagi program diet pake defisit kalori, aku udah turun 4 kilo selama sebulan. Cuma kurang lengkap klo mau cari kalori makanan tertentu."
Pengguna Google,5,2020-08-30 11:24:58,Thank you so much fat secret aku uda turun 10 kg.
Pengguna Google,5,2020-08-30 10:36:17,Mantab
Pengguna Google,5,2020-08-30 09:23:03,Sangat bagus untuk yang mencoba menurunkan berat badan
Pengguna Google,5,2020-08-30 09:04:05,Membantu
Pengguna Google,5,2020-08-30 06:57:22,Sangat mmbntu dlm mngontrol pola mkn dgn defisit kalori
Pengguna Google,5,2020-08-30 06:46:15,"Gak ada alasan,pokoknya aku seneng pakek ini app"
Pengguna Google,5,2020-08-29 17:08:29,Sangat membantu mengatur kalori dengan memperhatikan fat secret setiap hari
Pengguna Google,5,2020-08-29 15:01:01,its works
Pengguna Google,5,2020-08-29 13:31:09,Mudah dimengerti
Pengguna Google,5,2020-08-29 08:59:38,Semangat pejuang sehat...
Pengguna Google,5,2020-08-29 08:18:39,Kerren...terbantu sangat
Pengguna Google,5,2020-08-28 23:00:23,oke
Pengguna Google,5,2020-08-28 20:37:02,Bgs bgt membantu
Pengguna Google,5,2020-08-28 17:51:07,Yang niat diet aplikasi ini sangat bagus
Pengguna Google,5,2020-08-28 14:01:50,"Aplikasinya bermanfaat bgt, sangat membantu"
Pengguna Google,5,2020-08-28 12:41:26,Membantu sekali utk tracking asupan kalori thankyouuu
Pengguna Google,5,2020-08-28 07:38:39,Sangat membantu buat defisit kalori
Pengguna Google,4,2020-08-28 06:37:10,"Sudah bagus, tpi susah ganti profil, di tingkatkan lagi dong , biar bisa kayak instagram"
Pengguna Google,5,2020-08-28 06:20:26,Mantul
Pengguna Google,4,2020-08-28 04:26:54,suka sekali dgn aplikasi ini.. cukup baik untuk bisa ngatur pola makan saya dan gaya hidup sehat...
Pengguna Google,5,2020-08-28 03:08:14,So helpful 😍😍😍😍
Pengguna Google,5,2020-08-27 23:05:13,Aku pernah berhasil menaikan berat badan dengan aplikasi ini
Pengguna Google,5,2020-08-27 21:22:43,I love it
Pengguna Google,5,2020-08-27 20:42:19,"Saya jadi terbantu ketika menjalani diet,,Karna aplikasi ini saya, bisa menjaga pola makan saya agar kalori tetap terkontrol."
Pengguna Google,5,2020-08-27 16:37:37,"Membantu sekali, benar benae terbantu dengan aplikasi ini, telah membantu kita yang orang awam untuk mengontrol kalori perhari :) terimakasih fatsecret"
Pengguna Google,5,2020-08-27 15:26:30,"Berguna bgt buat siapa aja yg pengen tau berapa kalori yg udh masuk ke tubuh kita dg cara simple. Jujur saya juga cuma masih kira2 aja tidak saya timbangin tepat, tp kalo kalian bisa dan sempat itu bakal lebih akurat lg jumlah kalorinya. Sekalo lagi terima kasih membantu proses diet penurunan berat badan saya 😇😊"
Pengguna Google,4,2020-08-27 12:30:56,Goood
Pengguna Google,5,2020-08-27 12:11:32,membantu sekali selama program diet gw...
Pengguna Google,5,2020-08-27 09:31:30,Sangat membantu untuk yg sedang diet. Mempermudah perhitungan kalori makanan dan bisa sebagai tempat sharing sesama pejuang body goals👍👍👍
Pengguna Google,5,2020-08-27 08:30:47,Nice app
Pengguna Google,4,2020-08-27 08:26:43,Cocok banget buat kalian yang mau diet tapi dengan mengatur pola makan sehat .
Pengguna Google,5,2020-08-27 06:08:18,"Mantapp aplikasinya ,,😍"
Pengguna Google,4,2020-08-27 05:07:01,"Aplikasinya bagus , dengan ini ak sdh bisa menurunkan berat badan untuk menuju berat badan yang ideal😊 Semoga aplikasi ini bisa bermanfaat buat semua orang"
Pengguna Google,5,2020-08-27 04:30:01,👍👍👍👍
Pengguna Google,4,2020-08-26 23:32:06,Good
Pengguna Google,5,2020-08-26 21:38:25,"Aplikasi bagus, buat atur jumlah asupan kalori tiap hari, ga akurat tp sangat membantu pake banget"
Pengguna Google,5,2020-08-26 20:51:26,🤗🤗🤗🤗
Pengguna Google,5,2020-08-26 16:17:05,Sangat membantu saya dlm diet
Pengguna Google,5,2020-08-26 11:11:49,"Sangat membantu untuk saya yang susah nak kontrol mkn, skrng jd tahu kebutuhan saya sbnrnya brp 😍"
Pengguna Google,5,2020-08-26 10:14:45,"Udah dari taun kpn gt pake app ini, manfaat bgt asli"
Pengguna Google,5,2020-08-26 09:16:59,Bermanfaat sekali
Pengguna Google,4,2020-08-26 04:59:30,Suka bgt ...sangat bermanfaat
Pengguna Google,5,2020-08-25 11:41:42,aku suka banget aplikasi ini bisa membantu proses diet dengan baik
Pengguna Google,5,2020-08-25 09:51:04,Bagus sangat membantu sekali
Pengguna Google,5,2020-08-25 09:19:35,Bagus banget
Pengguna Google,5,2020-08-25 08:54:37,SMG bs membantu yaaa...
Pengguna Google,5,2020-08-25 06:40:04,bagus
Pengguna Google,5,2020-08-25 06:12:03,Apk yg sngat mmbantu saya dalam pola makan saat diet tidak susah lagi mengatur makanan yg masuk
Pengguna Google,5,2020-08-25 05:42:47,Top lah pokoknya
Pengguna Google,4,2020-08-25 05:42:09,"Bagus banget aplikasinys buat orang diet soalnya bisa lebih baik lagi buat milih² makanan yang rendah/tinggi kalori. Tapi ada yang beberapa disana ngga ada nama makanannya. Tapi sedikit sih,termasuk hampir lengkap. Siiippp"
Pengguna Google,5,2020-08-24 19:25:59,Sangat bermanfaat untuk menjaga pola makan kita yang selalu apapun dimanapun makan..!! jadi klo mau makan mikir mau jajan junkfood kalori tinggi... jadi dengan aplikasi ini hidup kita lebih sehatt...
Pengguna Google,4,2020-08-24 16:04:30,Sangat membantu tanpa perlu repot. Hanya perlu diperbanyak variasi makanannya dan variasi latihannya.
Pengguna Google,5,2020-08-24 15:41:22,Sangat membantu dalam menghitung konsumsi kalori harianku. Terima kasih!
Pengguna Google,5,2020-08-24 15:24:36,Jadi bisa kontrol asupan kalori.
Pengguna Google,5,2020-08-24 13:30:26,Sangat membantu
Pengguna Google,5,2020-08-24 10:48:35,Mantapppp
Pengguna Google,5,2020-08-24 08:47:45,Aplikasi yg sangat membantu
Pengguna Google,5,2020-08-24 08:31:22,nice
Pengguna Google,4,2020-08-24 08:13:26,Mantep beud
Pengguna Google,5,2020-08-24 08:06:22,Ok
Pengguna Google,5,2020-08-24 07:37:48,Sangat membantu dalam perhutunvan dan informasi jumlah kalori dari makanan kita
Pengguna Google,5,2020-08-24 07:03:36,👍👍👍👍👍👍
Pengguna Google,5,2020-08-23 20:11:28,Sangat membantu mengatur kalori masuk dan keluar tuk menjaga berat badan tetap ideal
Pengguna Google,5,2020-08-23 14:48:09,Sangat membatu untuk menhitung kalori makanan yang saya makan
Pengguna Google,5,2020-08-23 09:58:36,App yg mantap banget untuk diet 😍👍
Pengguna Google,5,2020-08-23 06:23:47,Aplikasinya sangat baguss 👍👍👍
Pengguna Google,5,2020-08-23 04:28:14,Bagus banget untuk bantu sy diet. Terimakasih fatsecret
Pengguna Google,5,2020-08-22 22:01:19,"Keren, dapat mengontrol pola makan."
Pengguna Google,5,2020-08-22 21:32:02,Mambantu sekali untuk track makanan yg masuk
Pengguna Google,5,2020-08-22 14:42:27,Membantu
Pengguna Google,5,2020-08-22 12:31:37,Sangat bermanfaat
Pengguna Google,5,2020-08-22 08:22:55,Sukaaaa bgttt
Pengguna Google,5,2020-08-22 08:17:09,"Aplikasi buat jaga pola makan yang bagus banget. Kita bisa ngitung kalori yang masuk ke tubuh kita, bisa mantau bb, nutrisi yang dimakan setiap harinya. Terus juga bisa berbagi sama komunitas yang ada di dalamnya. Dan komunitasnya tu positif banget. Mereka selalu nyemangatin orang-orang yang lagi diet, nurunin bb, pokoknya mantul deh❤"
Pengguna Google,5,2020-08-22 06:53:54,Aplikasi penghitung kalori terbaik
Pengguna Google,4,2020-08-22 05:16:17,Saya menyukai ini karena sangat membantu kontrol jumlah kalori makanan saya setiap hari Mulai 1juli hingga kini pertengahan agustus saya turun 5kg dan masih berproses lagi Ayo...kapan giliran anda?
Pengguna Google,5,2020-08-21 19:55:46,Bagus sangat membantu
Pengguna Google,5,2020-08-21 14:57:57,Bagus
Pengguna Google,5,2020-08-21 08:32:36,Aplikasi ini membantu saya mencatat makanan sehari hari terutama saat saya harus fokus untuk mengatur pola makan
Pengguna Google,5,2020-08-20 22:07:22,Sangat membantu🥰
Pengguna Google,5,2020-08-20 16:33:56,App ini Membantu sekali dalam mengkontrol makanan yang masuk ke tubuh. Hidup lebih sehat dengan defisit kalori di imbangin dengan olhraga teratur.Terimakasih FS😊
Pengguna Google,5,2020-08-20 10:18:32,Sangat membantu
Pengguna Google,5,2020-08-20 08:23:28,The best
Pengguna Google,5,2020-08-20 07:16:47,Keren bangeettt
Pengguna Google,4,2020-08-20 06:13:58,Sangat membantu sekali untuk program diet
Pengguna Google,4,2020-08-19 23:00:45,App nya bagus tapi sayang orang2 di dalamnya tidak. Beberapa orang agak kasar saat berkomentar. Alangkah baiknya ada opsi untuk report komentar di aplikasi
Pengguna Google,5,2020-08-19 18:41:04,Bgus
Pengguna Google,4,2020-08-19 13:49:16,"Bagus, tapi masih banyak menu yang tidak ada di data. Semoga kedepannya makin lengkap."
Pengguna Google,5,2020-08-19 12:41:55,"App ini oke banget bener"" bermanfaat ngebantu banget buat diet well done"
Pengguna Google,5,2020-08-19 08:07:30,Senang banget sama aplikasi ini..sejak tau fatsecret aku bisa kontrol kalori setiap hari..makasih fatsecret🥰🥰
Pengguna Google,5,2020-08-19 07:51:55,😍😍
Pengguna Google,5,2020-08-19 07:37:34,Aplikasi nya sangat membantu sekali...Terimakasih
Pengguna Google,5,2020-08-19 06:18:39,"Akurat setiap takaran kalorinya , dan bsa liat sttus temen seperjuangan diet jd makin semangat ngeliat keberhasilan mereka , nice fat secret 💞"
Pengguna Google,5,2020-08-18 22:06:09,Keren
Pengguna Google,5,2020-08-18 16:12:40,"Mantap, membantu program diet saya"
Pengguna Google,5,2020-08-18 12:33:40,"Sangat membntu sekali dalam proses penurunan BB,bisa mengetahui berapa asupn kalori perhari makan menjadi terkontrol juga"
Pengguna Google,5,2020-08-18 10:35:28,U know lah
Pengguna Google,5,2020-08-17 20:25:49,Membantu sekali...
Pengguna Google,5,2020-08-17 20:24:02,"Pokonya keren bgt, sukaa nyari makanan apa aja adaa ,"
Pengguna Google,5,2020-08-17 20:04:42,Sangat membantu dalam program penurunan berat badan
Pengguna Google,5,2020-08-17 19:48:29,Sangat membantu dalam program dietku
Pengguna Google,5,2020-08-17 18:39:49,The Best
Pengguna Google,5,2020-08-17 08:50:52,Sangat membantu
Pengguna Google,5,2020-08-17 08:34:59,Bagus banget ga repot.. Ccok buat diet
Pengguna Google,5,2020-08-17 07:49:01,sangat membantu sekali dalam proses penurunan berat badan
Pengguna Google,5,2020-08-17 07:47:31,Bermanfaat sekali dg amplikasi fat scret
Pengguna Google,4,2020-08-16 12:33:04,"Pilihan menu nya banyak kok. Cuma kurang variatif aja. Daaan, hitungan kalori terbakar dari latihan kayaknya dihitung berdasarkan lama waktu latihan nya ya (?) Bukan berdasarkan jenis latihan nya (?) Jadi saya rasa hitungannya masih kurang akurat. Tapi it's okay lah. Saya sangat terbantu. Terimakasih FatSecret :)"
Pengguna Google,5,2020-08-16 10:24:38,"Aplikasi ini membantu sekali dalam program diet, bagi yang ingin diet santuy..dan mengetahui kalori yang dimakan..aplikasi ini membantu banget...semangat buat kalian yang sedang diet dan hidup sehat.."
Pengguna Google,4,2020-08-16 09:52:37,Sangat membantu menjalani kehidupan dietku.
Pengguna Google,5,2020-08-16 08:18:45,Sangatt membantu bgttt sejak make ni apk kek gk sia sia gtu sebelumnya ngasal aja makan gk tau calori sgala mcm mudah putus asa cm skrg krna ada bantuan apk jdi lbh smgtttt
Pengguna Google,5,2020-08-16 05:37:24,"Mempermudah kita mengontrol jumlah kalori yang masuk, terus ada postingan orang lain dgn tujuan yg sama jadi biar kita juga semangat. Really enjoy with this app.."
Pengguna Google,5,2020-08-16 00:06:29,Bagussss
Pengguna Google,5,2020-08-15 16:31:31,Luar biasa sangat membantu
Pengguna Google,5,2020-08-15 16:11:51,Love it!!!
Pengguna Google,5,2020-08-15 15:10:07,Membantu sy dalam mengkontrol asupan kalori
Pengguna Google,5,2020-08-15 08:58:54,"Makan jadi teratur, dan proses diet jadi lancar 😊"
Pengguna Google,5,2020-08-15 08:34:19,Gmn caranya ganti bhs.indo??punyaku bhs inggris😒
Pengguna Google,5,2020-08-15 06:34:14,Mgkn habis ini tlg diupdate makanan/minuman lagi baik bermerek ataupun enggak biar komplit
Pengguna Google,5,2020-08-15 06:14:30,Aplikasi sangat membantu untuk program kalori devisit
Pengguna Google,5,2020-08-14 21:53:13,"Very good, excellent😍"
Pengguna Google,5,2020-08-14 21:36:17,Very good
Pengguna Google,5,2020-08-14 19:42:05,Very good
Pengguna Google,5,2020-08-14 09:31:55,"Sejauh ini sudah pakai dari 2018 dan cukup nyaman , hanya saja lebih di variasikan makanan nya . Supaya lebih mudah mencarinya . Terima kasih"
Pengguna Google,5,2020-08-14 07:58:48,Mantap.. Recommended bgt ini app
Pengguna Google,5,2020-08-14 07:49:55,Baguss. Aplikasi ini sangat membantu untuk atur porsi makan supaya tidak berlebihan.
Pengguna Google,5,2020-08-14 06:04:44,I LOVE THIS APP sangat membantu untuk yang ingin menjaga pola makan. dilengkapi timeline juga jadi kita bisa post dan interaksi dengan user lain yang bikin kita ngerasa ga sendiri 🌸
Pengguna Google,5,2020-08-13 17:54:38,Kalo tau cara pakainya ini sangat bermanfaat .!! Gak nyesel
Pengguna Google,5,2020-08-13 16:11:58,Tersuka dehhh....
Pengguna Google,5,2020-08-13 14:02:41,Sangat membantu buat qt yg pemula buat pejuang diet
Pengguna Google,5,2020-08-13 11:22:44,Bagus banget😭😭 membantu banget aplikasi ini sumpah ga ngerti mau ngomong apa emng sebagus itu yaampunn😭💕 membantu aku banget untuk turun 7 kg😭❤ secinta itu yaampunn rekomendasi bngt bagi kalian yang pengen diet karna aplikasi ini bisa ngitung kalori kaliann dan banyak fitur2 lainyaa yaampunnn secintaa ituuu😭😭😭❤❤
Pengguna Google,5,2020-08-13 10:41:52,Bagus bgt aplikasinya
Pengguna Google,5,2020-08-13 10:29:29,Sangat bagus
Pengguna Google,5,2020-08-13 09:57:04,"Bagus banget aplikasi ini, cocok untuk program hidup sehat:)"
Pengguna Google,5,2020-08-12 17:35:18,Bagus nih
Pengguna Google,5,2020-08-12 17:28:44,Kereenn
Pengguna Google,4,2020-08-12 16:13:43,"Sangat bagus, hanya saja untuk pencarian makanannya agak susah, kayak mau cari ayam kecap nah hasil tampilan nya yg pertama bukan ayam kecap melain kan ayam saja, alangka baiknya pas d cari ayam kecap yang pertama d tampilkan adalah ayam kecap, selebihnya bagus app"
Pengguna Google,5,2020-08-12 15:20:45,Membantu menghitung kalori
Pengguna Google,5,2020-08-12 09:00:18,Sangat membantu untuk menghitung kalori harian. Nice!!
Pengguna Google,5,2020-08-12 04:58:53,"Aplikasi yang membantu menghitung kalori, udah turun 3 kg seminggu"
Pengguna Google,2,2020-08-11 22:30:04,"Aku kasih 2 bintang dulu, dan saya mau mulai mencoba nya"
Pengguna Google,5,2020-08-11 22:15:22,Sangat bermanfaaat 😭❤❤❤❤
Pengguna Google,5,2020-08-11 22:02:28,"Bismillah saya kasih 5 Baru mulai soalnya semoga berhasil,,"
Pengguna Google,5,2020-08-11 21:24:40,"Ngebantu banget untuk asupan makanan yg masuk tiap harix.... Jaga pola makan dll,...The best dh...."
Pengguna Google,5,2020-08-11 18:48:16,Sangatttt ngebantu....
Pengguna Google,4,2020-08-11 16:49:17,kerennn tp masih saya coba dulu klo hasilnya bagus tak kasih bintang lima
Pengguna Google,5,2020-08-11 12:56:30,pertahankan 😁
Pengguna Google,5,2020-08-11 12:45:54,Bagus bermanfaat bagi saya
Pengguna Google,5,2020-08-11 09:37:25,Coba
Pengguna Google,5,2020-08-11 08:34:06,Sangat membantu
Pengguna Google,5,2020-08-11 07:14:39,Diet menjadi terarah
Pengguna Google,5,2020-08-10 23:21:00,Ok
Pengguna Google,5,2020-08-10 20:23:59,"Kerenlah , cuma makanannya kurang lengkap"
Pengguna Google,5,2020-08-10 20:03:08,Nice
Pengguna Google,5,2020-08-10 18:15:09,Bagus banget
Pengguna Google,5,2020-08-10 16:27:31,Mantep
Pengguna Google,5,2020-08-10 09:42:33,"Trust me, it works!"
Pengguna Google,4,2020-08-10 08:15:00,Membantu menghitung jumlah kalori yg terserap.. bagus banget sangat terbantu..
Pengguna Google,5,2020-08-10 08:03:03,Keren
Pengguna Google,4,2020-08-10 07:59:56,Bagussssss
Pengguna Google,5,2020-08-10 07:58:18,Alhamdulillah ini sangat membantu & membuat aku konsisten
Pengguna Google,5,2020-08-10 05:37:12,Sangat membantu
Pengguna Google,3,2020-08-09 22:47:11,sayang kita gabisa blok user yang spamming.
Pengguna Google,5,2020-08-09 18:50:58,app bagus cuma aku kok gak bisa update foto dan berbagi ke temen2 fc ya tolong dong gimana caranya
Pengguna Google,5,2020-08-09 18:12:35,"Sangat membantu, seminggu saya turun 5 KG"
Pengguna Google,5,2020-08-09 17:09:13,Love this apps
Pengguna Google,5,2020-08-09 14:45:52,Sangat bermanfaat menurunkan berat badan saya dari 89 kg smpai sekarang 67 kg
Pengguna Google,4,2020-08-09 09:47:51,Bagus bgt bisa kontrol makanan yg masuk kita tapi rada ribet klo makanan yg dicari ga ada:(
Pengguna Google,5,2020-08-09 06:50:43,Sangat membantu
Pengguna Google,4,2020-08-09 05:27:12,"Sangat membantu, terimakasih 😆"
Pengguna Google,5,2020-08-08 22:10:58,Aplikasi ini bagus banget....sangat bermanfaat
Pengguna Google,5,2020-08-08 20:37:12,Emang app terbaik untuk diet bakal nyesel dah klogk download nih app....
Pengguna Google,5,2020-08-08 20:26:56,Sangat membantu
Pengguna Google,4,2020-08-08 16:04:24,Lumayanlah
Pengguna Google,5,2020-08-08 11:00:35,saya terbantu sekali
Pengguna Google,5,2020-08-08 10:32:28,sejauh ini apk nya bagus mudah dmengerti dan sangat2 membantu proses diet sy semoga dengan apk fs ini sy berhasil mencapai goal bb sy trimakasih...
Pengguna Google,5,2020-08-08 09:29:58,Suka bet ni bisa buat yang mau diet nih BB ku 50 pengen turun jadi 40 doain ya moga aja aku berhasil
Pengguna Google,4,2020-08-08 07:40:57,Sangat membantu...walaupun masih bingung menggunkany
Pengguna Google,5,2020-08-08 07:16:08,Sangat terbantu dengan adanya aplikasi fatsecret
Pengguna Google,5,2020-08-08 05:48:37,"Bener bener membantu untuk saya ,terimakasih atas aplikasi yang ter good ..."
Pengguna Google,5,2020-08-08 03:44:37,"Bagus, ngebantu bgt untuk hitung kalori makanan harian ☺️ hampir 2 Minggu Uda turun 3kg karena defisit kkal.."
Pengguna Google,5,2020-08-07 23:07:36,Sangat membantu bagi yang menjalankan diett..
Pengguna Google,5,2020-08-07 22:51:04,Aplikasi yg sangat bermanfaat untuk tubuh kita. Yg buat aplikasi ini pahala nya akan slalu bertambah. Krna menolong org bnyak
Pengguna Google,5,2020-08-07 17:49:26,Aplikasi yang cukup membantu saya mengatur pola makan... berhasil turun 5 kg dalam waktu 1 bulan...😁
Pengguna Google,5,2020-08-07 17:40:59,best deh.. inti diet turun BB ya defisit kalori. makasih fat secret.. hitung kalori harian gak susah. tinggal masukin doang. udah tau batas makan berapa..
Pengguna Google,5,2020-08-07 15:29:29,Mantap
Pengguna Google,5,2020-08-07 13:06:35,mantap
Pengguna Google,5,2020-08-07 07:12:51,"Bagus banget aplikasi ini jadi bisa ngontrol asupan kalori dan juga lebih semangat karena banyak temen2 yang sama2 lagi berjuang buat diet, bisa sharing juga kalo belum tau tentang diet2an"
Pengguna Google,5,2020-08-06 23:12:17,Thank you for helping me
Pengguna Google,5,2020-08-06 21:25:52,Aplikasi yg sangat membantu buat yg lagi diet dan hidup sehat ...
Pengguna Google,5,2020-08-06 19:07:02,Sangat bermanfaat untuk.mengetahui jumlah konsumsi.kalori.harian sekaligus sebagai controller untuk pengaturan pola.makan yang lebih sehat
Pengguna Google,5,2020-08-06 18:33:41,Sangat membantu mengontrol kalori makan saat diet. Very recommended...
Pengguna Google,5,2020-08-06 12:42:00,Ex to use
Pengguna Google,5,2020-08-06 09:40:43,Terbaikk
Pengguna Google,5,2020-08-06 00:52:38,Kereeeennnn app nyaaa
Pengguna Google,5,2020-08-05 23:39:21,Bagus bnget....bermanfaat is the best
Pengguna Google,3,2020-08-05 21:46:18,"Aku kasi 3 dulu,baru mau nyoba:) semoga adanya aplikasi ini,bb ku turun banyak amin:)"
Pengguna Google,5,2020-08-05 18:13:13,Terimakasih krn terbantu utk catatn kalori
Pengguna Google,5,2020-08-05 17:17:38,bagus
Pengguna Google,5,2020-08-05 15:49:54,😘🥰
Pengguna Google,5,2020-08-05 13:17:26,Bagus bgtttt
Pengguna Google,4,2020-08-05 09:50:56,Good
Pengguna Google,5,2020-08-05 09:42:18,Membantu banget menghitung kalori harian
Pengguna Google,5,2020-08-05 07:40:41,kalo di app ini banyak makanan Indonesia
Pengguna Google,4,2020-08-05 07:19:03,sangat bantu untuk diet.
Pengguna Google,5,2020-08-05 06:05:18,Prove
Pengguna Google,5,2020-08-04 18:44:06,Sangat membantu menurunkan berat badan
Pengguna Google,5,2020-08-04 18:07:10,Sangat membantu utk program dier
Pengguna Google,5,2020-08-04 13:13:43,Aplikasi yang merubah pola hidup menjadi lebih baik
Pengguna Google,4,2020-08-04 11:11:43,"Terimakasih aplikasi ini sangat membantu dan mudah sekali menurunkan berat badan dengan aplikasi ini, bisa jalanin hidup sehat dan kalori yang cukup."
Pengguna Google,5,2020-08-04 10:11:56,Ok banget
Pengguna Google,5,2020-08-04 09:37:47,Membantu banget dalam mengatur kalori harian 👌👌👌
Pengguna Google,5,2020-08-04 08:58:59,Suka bgt! Makasiiih
Pengguna Google,5,2020-08-04 08:49:40,Bagus
Pengguna Google,5,2020-08-04 08:04:01,Sangat membantu sekali
Pengguna Google,5,2020-08-03 18:54:00,"Dengan adanya aplikasi ini,makan jadi bisa ke kontrol,dan berat badan bisa turun sesuai keinginan."
Pengguna Google,5,2020-08-03 18:43:11,Semoga aku bisa langsing
Pengguna Google,5,2020-08-03 18:42:30,Lebih terbantu lahh😍
Pengguna Google,5,2020-08-03 16:47:39,"Bagus banget apk nya,,sangat membantu program dietkuu.."
Pengguna Google,3,2020-08-03 14:48:02,Masa gx ad daging kerbau di list pencarian
Pengguna Google,5,2020-08-03 10:33:27,Very good app..👍
Pengguna Google,5,2020-08-03 09:21:35,Membantu program diet
Pengguna Google,5,2020-08-03 08:55:33,Mantap...jadi paham mana makanan sehat dan mana makanan yg banyak mengandung sampah...😁😁
Pengguna Google,5,2020-08-03 07:11:00,Sangat dibutuhkan
Pengguna Google,5,2020-08-03 07:00:12,Recomended
Pengguna Google,5,2020-08-02 17:37:12,sangat membantub😍😍
Pengguna Google,5,2020-08-02 14:36:02,"udah unduh dri lama, tpi bru x ini berfungsi😁"
Pengguna Google,5,2020-08-02 14:30:12,Dengan adanya aplikasi fs saya lebih mudah menghitung jumlah kalori yang saya konsumsi per hari
Pengguna Google,5,2020-08-02 10:07:13,"Mantab buat ngatur pola makan,ngurangin kalori dikit2.di tambah workout rutin 5 hari turun 3 kilo..tambahin resep makanan diet nya ya"
Pengguna Google,5,2020-08-02 08:33:19,Sukses bisa ngikutin fs
Pengguna Google,5,2020-08-02 06:29:35,Mudah untuk digunakan dan sangat menyenangkan
Pengguna Google,5,2020-08-02 02:18:54,Mantap
Pengguna Google,5,2020-08-01 20:08:49,Sippp ngentot
Pengguna Google,5,2020-08-01 15:05:59,"Ok gaes,,,fix app ini ngebantu banget🍀"
Pengguna Google,5,2020-08-01 10:12:11,Like it
Pengguna Google,5,2020-08-01 09:03:35,Aplikasinya bagus bgt.. Dan berkat aplikasi ini lingkar perutku mengecil.. 🥰🥰🥰 tambah lagi untuk daftar kalori makanan dan minumannya ya..
Pengguna Google,5,2020-08-01 08:03:55,Sangat membantu untuk yg sedang caloridefisit semangat pejuang diett
Pengguna Google,5,2020-08-01 05:20:47,Keren banget aplikasi ini. Membantu saya mengatur kalori dan kebutuhan nutrisi makro saya. Saya jadi lebih picky dalam memilih makanan dan saya berhasil turun 1 kg dlm 6 hari program pengaturan pola makan.
Pengguna Google,5,2020-07-31 16:16:03,Sangat membantu
Pengguna Google,5,2020-07-31 10:05:21,"Sukaaaaaaaa 🥰🤗 makan ku jd terkontrol, berat badan ku jd berkurang"
Pengguna Google,4,2020-07-30 21:27:00,Membantu sekali Terima kasih!
Pengguna Google,5,2020-07-30 20:16:54,Suka bgt;)
Pengguna Google,5,2020-07-30 20:00:50,Awesome
Pengguna Google,3,2020-07-30 18:31:35,Lebih di update lgi menu2 makanannya dan aktual kalorinya. Thanks!
Pengguna Google,5,2020-07-30 17:37:05,Sangat membantu. Terimakasih
Pengguna Google,5,2020-07-30 13:45:34,I like it
Pengguna Google,5,2020-07-30 13:39:27,Keren aplikasinya. Suka bngt pokoknya🤗
Pengguna Google,5,2020-07-30 08:44:09,Keren
Pengguna Google,5,2020-07-30 08:28:44,Apliksi yg sngt ngebantu buat orang yg komit diet... dg makan apapun yg ptg masih dlm defkal... 🥰🥰🥰🥰🤩
Pengguna Google,5,2020-07-30 07:53:58,Mmbantu pngaturan pola makan
Pengguna Google,5,2020-07-30 06:45:07,bagus bisa tahu kalori yg dibutuhkan
Pengguna Google,5,2020-07-30 05:17:45,Sangat membantu mencatat jurnal diet
Pengguna Google,5,2020-07-29 17:34:02,Wow
Pengguna Google,5,2020-07-29 13:45:12,Top aplikasi bagi yang ingin menurunkan+ menaikkan BB (sangat membantu) Data makanan moga di tambahin lebih lengkap lagi
Pengguna Google,5,2020-07-29 13:28:54,Paling mantap dan mudah di pahami..ada medsos nya jg jd bisa saling menyemangati
Pengguna Google,1,2020-07-29 11:53:08,Vaik
Pengguna Google,1,2020-07-28 22:16:13,"Mau masuk akun lama,,tapi sayang aku lupa password. Trs kenapa gk ada opsi lain untuk login. Sedihhhh padahal pingin pake aplikasi ini"
Pengguna Google,5,2020-07-28 18:46:35,Aplikasinya bagus bisa k9ntrol kontrol makanan apa yang masuk ke badan...
Pengguna Google,5,2020-07-28 15:31:03,Sangat membantu program. Diet saya terimakasih fat secret 😊
Pengguna Google,5,2020-07-28 08:51:36,"Kenalin nama aku faid,pas pertama coba aplikasi ini agak ragu tapi pas coba aplikasinya membantu aku untuk naikin beratbadan aku,dalam sehari aku berhasil naikin 1kg karena dibantu aplikasi ini,terimakasih.wajib di beri bintang 5"
Pengguna Google,5,2020-07-28 07:36:03,Krn fat secret makan q jd lebih terkontrol.. BB pelan-pelan turun..
Pengguna Google,5,2020-07-28 00:03:37,Baru nyoba
Pengguna Google,4,2020-07-27 19:14:49,Membantu sy ngatur mkn
Pengguna Google,3,2020-07-27 17:21:53,Cara membuat jadi setengah porsi gimana ya tadi saya coba nasi Padang mau saya ganti jadi setengah porsi tapi gabisa gimana ya caranya mohon dibantu
Pengguna Google,5,2020-07-27 15:38:26,Aplikasi yang oks banget. Good job..
Pengguna Google,4,2020-07-27 14:18:42,Aplikasi oke banget bisa catat semua dan bisa interaksi dengan user lain. Tp tolong perbaiki lagi bug nya. Saat hub ke google fit kalori yg terbakar masih belum terupdate dan beberapa hal lainnya. Semoga segera diperbaiki lebih baik
Pengguna Google,5,2020-07-27 14:05:10,Sangat bermanfaat
Pengguna Google,5,2020-07-27 09:49:14,Good job
Pengguna Google,5,2020-07-27 08:12:41,Membantu bangett aplikasi ini
Pengguna Google,5,2020-07-27 08:09:36,Im happy n i do..... I can't. Thanx so much this app
Pengguna Google,5,2020-07-27 08:05:16,Sangat membantu
Pengguna Google,5,2020-07-27 07:51:03,Suka... saran banyakin list macam2 makanannya 😁
Pengguna Google,5,2020-07-27 07:28:00,mantap
Pengguna Google,5,2020-07-26 19:40:23,Sangat membantu
Pengguna Google,5,2020-07-26 11:06:58,Sangat membantu! Aplikasi terbaik!!! Sukses untuk team fat secret
Pengguna Google,5,2020-07-26 10:58:09,Okay banget apknya
Pengguna Google,4,2020-07-26 07:16:24,So far so good
Pengguna Google,4,2020-07-26 05:34:20,Suka bgt... Jd bisa mengontrol makanan yg di konsumsi
Pengguna Google,5,2020-07-25 21:33:31,Sangat membantu untuk kontrol kalori di makanan
Pengguna Google,5,2020-07-25 21:19:30,sangat membantu sekali sukaaa dgn aplikasinya
Pengguna Google,5,2020-07-25 15:10:59,The best lah
Pengguna Google,5,2020-07-25 13:44:44,"Orang orang di aplikasi ini sangat baik baik, bikin diet jadi semangaaatt."
Pengguna Google,5,2020-07-25 13:11:50,Cukup membantu
Pengguna Google,5,2020-07-25 06:56:24,Membantu banget buat ngitung kalori.. defkal jadi lancar
Pengguna Google,5,2020-07-25 06:43:01,Helpful
Pengguna Google,5,2020-07-24 20:45:48,Sangat membantu menurunkan BB
Pengguna Google,5,2020-07-24 14:51:31,Suka sekali. Membantu diet ku. Karna bisa kontrol asupan kalori harian 😁
Pengguna Google,5,2020-07-24 10:20:58,Mantaffff... Membantu sekali untuk menghitung kalori...
Pengguna Google,5,2020-07-24 07:34:09,Bagus buat referensi yang mau memulai program diet
Pengguna Google,5,2020-07-24 00:43:50,Dari aku aplikasi ini recomended
Pengguna Google,5,2020-07-23 18:55:50,good
Pengguna Google,5,2020-07-23 18:55:39,👌
Pengguna Google,5,2020-07-23 17:41:23,Lumayan membantu program diet defisit kalori . Tapi ada beberapa makanan yang tidak ada di dalam daftar.
Pengguna Google,5,2020-07-23 16:43:51,Good
Pengguna Google,5,2020-07-23 11:46:15,"Keren bgt sih ini apk nya, bantu banget buat yg lg defisit kalori, bb ku jadi cepet turun. Tp tolong ditambah menu makanan nya yah.."
Pengguna Google,5,2020-07-23 10:31:18,Alhamdulillah sejak memakai Fatsecret berat badan semakin menurun
Pengguna Google,4,2020-07-23 08:54:32,Klau bisa lbh lengkap nma jenis ikan dan sayur
Pengguna Google,3,2020-07-23 08:33:50,Kok kadang gx bisa dibuka ya apl nya
Pengguna Google,4,2020-07-23 06:32:04,"Halo.. ada bug pada device Xiaomi redmi 7a.. setelah saya klik menu (saya ambil contoh nasi goreng) kemudian saya atur jadi satu setengah mangkok , saat saya tekan tombol simpan data tidak tersimpan,. Hal ini sangat mengganggu"
Pengguna Google,5,2020-07-23 05:32:32,Membantu defisit kalori bngt
Pengguna Google,5,2020-07-23 04:58:14,Bermanfaat
Pengguna Google,5,2020-07-22 22:08:45,Sangat membantu saya dan informasinya cukup banyak dan bermanfaat.
Pengguna Google,5,2020-07-22 19:51:50,Membantu sekali
Pengguna Google,5,2020-07-22 14:24:23,Sangat membantu saya dalam proses penurunan berat badan
Pengguna Google,5,2020-07-22 12:24:50,Kebantu bgt dlm pola makan
Pengguna Google,5,2020-07-22 08:08:56,"Sangat membantu mengontrol kalori makanan yg kita makan, penggunaan juga sangat mudah. Ada sharing2 dari teman2 lain yang memberi semangat"
Pengguna Google,5,2020-07-22 07:56:45,Membantu sekali
Pengguna Google,5,2020-07-22 07:09:58,Efektif membantu mengatur Kalori Tubuh
Pengguna Google,4,2020-07-21 21:41:45,sangat membantu saya
Pengguna Google,5,2020-07-21 21:35:22,Mantap
Pengguna Google,5,2020-07-21 21:15:21,aplikasi paling mbantu diet dh turun 16kg
Pengguna Google,5,2020-07-21 18:56:46,Cara ganti bahasa gimana oyy??
Pengguna Google,5,2020-07-21 17:22:00,Ok
Pengguna Google,5,2020-07-21 16:45:25,Ilove Thaks
Ni Kadek Apriani,5,2020-07-21 12:37:51,Sangat membatu sekali❤
Eneng Siti Nur Azizah,5,2020-07-21 09:49:25,"Good , i like it"
Royan Singawilastra,5,2020-07-21 09:46:36,Tambahin produk produk yang Baru dong
Mahareny Taufik,5,2020-07-21 09:24:56,App yg sangat membantu kita mengendalikan asupan kalori harian
Elly dwi,5,2020-07-21 09:13:50,Bermanfaat banget
Ekha Ariyani,5,2020-07-21 07:10:29,good app
Bro Jevon n Sis Gwen,5,2020-07-21 06:49:37,Sangat membantu dalam program diet sehat saya.
Daisy E,5,2020-07-21 04:48:36,App ini sangat membantu saya yang sedang melakukan proses weight loss. Mulai Dari kalkulasi kalori harian hingga ngobrol langsung dengan anggota lain dan memberi tambahan semangat serta motivasi untuk tetap konsisten diet😊
Adam Malik Afvantur,5,2020-07-20 23:54:35,sangat membatu sekali dalam pola defisit kalori
Aji Zakaria,5,2020-07-20 20:16:31,"Aplikasi bagus, buat skala makanku jd tratur. 🙏🙏🙏🙏🤗🤗🤗"
Lysa Lysa,3,2020-07-20 20:04:08,"Kog tidak ada menu buncis, dll ya? Padahal region sudah ubah ke indonesia dan bahasa di hp sudah diubah ke indo. Install uninstall udh beberapa x juga. Tp muncul bahasa inggris lg. Any solution?"
Endik Suprayitno,5,2020-07-20 19:17:48,Jadi terkontrol program dietnya
albapro mandiri,5,2020-07-20 18:25:45,Bagus
Nia Aisyah,5,2020-07-20 18:02:28,"Membantu sekali, bisa hitung kalori dan bisa dapetin info dari temen temen yg udah menurunkan berat badannya..."
radityia hendi,5,2020-07-20 17:09:48,Terimakasiiiiih sangat membantu
Astawa Guest House,5,2020-07-20 16:19:44,Sangat membatu program defisit kalori saya
anona,5,2020-07-20 14:08:00,"Sangan membantu, terimakasih 😍😍😍"
maylisa anandap,4,2020-07-20 11:16:50,Seharusnya lebih dibanyakin lagi varian menunya
devi ayu,5,2020-07-20 06:50:55,Good app
Febby Lestari,5,2020-07-20 05:56:11,"Bermanfaat sekali buat saya yg ngemilnya suka kelewatan saya instal skitar awal juli diet 7 juli bb awal 90 ,,dan baru memberanikan diri utk timbang di 20 juli eh trnyta turun 2kg loh.. Mungkin trlalu lebay tpi ini hasilnya.. Makan teratur dan olahraga sesempetnya"
salam satu hoby Laia,5,2020-07-19 23:30:34,"mantap,bisa membantu kita dalam hal penghitungan kalori."
Yusnita Abil,5,2020-07-19 23:10:44,Semangat para prjuang diet defkal 😍
Andini Cans,4,2020-07-19 19:41:54,Gue suka bngt sama apk inii💕💕💕
almu sutan piliang,5,2020-07-19 19:28:29,Sangat membantu untuk membatasi kalori yang masuk Syaratnya harus disiplin dan konsisten
Carollina Angela,5,2020-07-19 17:40:06,"Sangat membantu saya dalam mengatur asupan kalori... saya jd bisa memilih pilihan makanan yang pas untuk program diet saya, tanpa harus membuat saya kelaparan.... sudah 2 minggu menggunakan aplikasi ini, dan sejauh ini saya sudah turun 3 kg..... tidak terasa kalo lagi diet.."
Ridho Susanto,5,2020-07-19 13:13:29,Aplikasi sangat membantu untuk program diet
nat rustam,5,2020-07-19 12:08:57,Sangat membantu sy dalam mengontrol makanan
Kasim,5,2020-07-19 11:30:34,Berkat Aplikasi ini pola makan jadi teratur
Anugerah Sari,5,2020-07-19 09:54:16,sangat membantu dalam menghitung kalori makanan. Menggunakan timbangan untuk hasil yg akurat. Good 😍😎
Daryansah,5,2020-07-19 04:38:21,Bagus
arinanwar 1118,5,2020-07-18 18:49:19,Diet ku terawasi dengan aplikasi ini
dayen sobarna,5,2020-07-18 14:06:16,Membantu dalam mengontrol kalori makan 🤗
Alya Rihhadatul,5,2020-07-18 11:31:47,Sangat membantu untuk pejuang diet!
Felicia Ivana,5,2020-07-18 09:48:52,Sangat membantu. Terima kasih
Rasiman M,5,2020-07-18 07:25:09,Sayang membatu banget aplikasi nya
putri yuliavsari,5,2020-07-18 03:32:17,Alhamdulillah membantu bgt mengontrol kalori makanan yang dimakan
Vicki Amiri,5,2020-07-17 19:19:08,Sangat membantu😊😊😊
assyfaa nurjannah,5,2020-07-17 15:20:47,"bagus banget sama apk ini bisa tau berapa kalori makanan bisa tau defisit kalori per hari, sama bisa tau perkembangan orang orang yang sama pake apk ini. cocok bgt deh buat yang diett"
anny malla,5,2020-07-17 11:32:27,Ok bgt
Hafid Extreme,3,2020-07-17 10:08:17,Tolong perbaiki sering error kadang makan siangnya bisa jadi double
muna riani,5,2020-07-17 10:05:59,"Mudah digunakan buat pemula spt saya, sangat membantu. Juga banyak pengguna yang berbagi jurnalnya di halaman utama, dan ini menyenangkan. Terimakasih"
ainur fathitoh,5,2020-07-17 05:35:10,Cukup puas pakai app ini krn bs mmbantu mnghitung kalori harian qta untuk diet santai bebas makan apa aja dg kalori yg terkontrol
Janz Love Food,1,2020-07-17 00:45:37,"udah lama download aplikasi ini tp ga digunakan. trus ada tekad buat mulai diet tp ga tau mulai dari mana trus buka aplikasi ini ada pilihan premiumnya dikira klo beli yg premium bakal ada perencanaan makanan untuk kita jadi ga perlu repot repot mikir soal makanan apa yang mesti dimakan. ternyata kita yang susun sendiri, cari sendiri. itu sih sama aja ga ada faedah nya beli yang premium. habisin duit aja mana mahal lagi.. nyesel sungguh sangat.. fucekkkkkkkk!!!!"
Akhmad Faried,5,2020-07-16 21:25:08,Bagus utk membantu diet dengan prinsip defisit kalori
Giffar Masabih,4,2020-07-16 20:05:59,Its great. But im having a problem. Its that the search feature within app shows different result with the website. Im from Indonesia and in-app search doesnt have that many Indonesian cuisines while the website does. How can i synchronize in app with website fatsecret.co.id ? BUT. I do achieve my goal. Si it helps a lot.
Muhammad Muttaqiin,5,2020-07-16 16:02:35,Banyak sedikit sangat membantu
Aida Maktal,5,2020-07-16 15:42:46,Sangat membantu buat aku yg ga tau jumlah kalori
Raja Sulaiman P.W,5,2020-07-16 12:43:41,Nicee
Randy Farizal,5,2020-07-16 08:44:09,Sangat membantu program diet
zalika dwi,4,2020-07-16 07:52:46,Membantu 😍😍
Ahmad Nurul Badri,5,2020-07-16 04:10:02,Sangat membantu......secara otomatis mjd barometer apa2 yg kita makan. Perhitungan dan prersentase pembagian nutrisi yg kita konsumsi mjd tercontrol.....
Mien Amien,5,2020-07-16 01:15:09,Good
Junengsih Asisah,1,2020-07-15 23:23:25,"Saya udah berlangganan, tapi gk bisa dan yg muncul kata error terus"
Verdani Leoni,5,2020-07-15 22:19:35,Aplikasi paliiiing bermanfaat buat kamu yg mau diet dan hidup sehat 😆💕
Viyand Channel18,5,2020-07-15 21:27:09,Sangat membantu
Laila Abi,5,2020-07-15 13:24:50,Membantu sekali
Valentinus Brammy Pramudya,5,2020-07-15 10:25:21,Aplikasi keren..cuman banyak yg posting kalo lg cheat day..kan anjink...bikin diet keganggu 😅
NUR ATIKAH,5,2020-07-15 08:25:07,Apk sangat membantu sayaaa
Makaroni huhhah tuban,5,2020-07-15 08:14:52,Sangat baik. Aku terharuuuu 😭😭😭😭 klw bisa semua camilan kasih juga di fs yaaa
Asyila Salsabilla N,5,2020-07-15 06:04:28,Aplikasi ini sangat² membantu saya suka
Bitna Diary,5,2020-07-15 05:41:57,Sangat membantu 👌
aida husna,5,2020-07-15 05:40:44,"Sangat bermanfaat sekali aplikasi ini, terimakasih fat secret"
Ape Loe,5,2020-07-15 03:32:51,Apl bagus untuk orang2 yang sedang berjuang diet
Dinda Viranty,5,2020-07-15 01:07:21,"Aku mau coba, bismillah semoga ngerti. Dan berhasil ke tubuh saya"
Nada Maulida,5,2020-07-14 19:53:15,Sangat membantu
Hilmi Syafiq,5,2020-07-14 19:14:26,"Suka sekali dalam menggunakan aplikasi ini. Karena Aplikasi ini, saya bisa mengontrol jumlah asupan gizi saya setiap hari."
Akbar Romadlon,5,2020-07-14 17:13:18,Mantab buat tracking kalori tiap kali makan.
Antonio Kevin,3,2020-07-14 17:00:50,App nya kadang lancar kadang ngelag ngehang buffering terus aneh sekali
hartati tahang,4,2020-07-14 09:51:37,Coba dulu
Dian Fitria Hatta,5,2020-07-14 07:53:58,Fs membuat saya jd disiplin dan memudahkan dlm menghitung kalori yg saya makan
Nurul Maghfirah,5,2020-07-14 04:53:08,"Sangat membantu, 1 bulan pemakaian saya sudah turun 8 kg"
Bara Kennet,5,2020-07-13 21:11:20,"Very recomended, cocok bgt bagi yg pengen diet/gemukin badan"
Fanny Fanniyya,5,2020-07-13 20:56:59,Good apps
bella rospitasari,5,2020-07-13 18:50:23,Sebagai media penghitung kalori yang buat kita bisa stop eating meskipun ada kekurangan di varian menu yg terbatas dan kita harus input manual. Itu aja. Sisanya aku puaassssssssssss sama app ini. Salah satu media diet akuu❤️
Nia Anwar,5,2020-07-13 14:27:20,terima kasih sudah membantu diet saya lebih mudah
Shavina Nabila,5,2020-07-13 12:53:39,Sangat membantu dalam mengontrol kalori untuk penurunan berat badan. Terbaik 💛
Esti Lestari,5,2020-07-13 11:49:16,Dengan ini bisa mengatur menu makanan seimbang. Untuk yg mau program diet atau menaikkan berat badan. Aplikasi ini mantul
Chand Liu,5,2020-07-13 08:44:15,Pengukur segala makanan
Dwi Afria Widyastuti,5,2020-07-13 08:40:35,Kereeeen banget aplikasinya buat ukur kalori tubuh setiap hari
wina winky,5,2020-07-13 08:11:31,Good
Qomar Wanajmun,5,2020-07-13 08:08:46,"Kurang paham cara mengunakanya, kalo sisa kalori maksudnya gmna ya"
Marco Vannover,5,2020-07-13 07:19:57,Sangat baik
Rahhmad Isrami,5,2020-07-13 07:06:06,"Membantua gw untuk hitung jumlah nilai gizi,lemak,dll dlm makana n rencana penurunan berat badan gw , thanks"
Melisa Lisa,5,2020-07-12 18:24:38,Best apk
Japet Setepu,5,2020-07-12 12:01:34,Jadi tambah semangat dietnya
Richanah,5,2020-07-12 07:57:15,Ngebantu banget buat cutting bb dan mengontrol asupan... makasih
Dea Fahriska,5,2020-07-12 05:53:25,Free nya aja udah berfaedah bgt
Taufik Hidayatullah,5,2020-07-12 03:26:57,Cara chat dng yg lain gmn caranya
bernard rado,5,2020-07-12 01:17:43,terimkasih
Vero,5,2020-07-11 22:15:22,"Aplikasi gampang digunakan, tidak ada iklan, tidak ada purchase2 spt yg lain. Membantu sekali dalam mengatur kalori makanan. Terima kasih developer ❤️"
Ananda Febriana Awalia,5,2020-07-11 17:33:56,baguss
Y. Puerwanto,5,2020-07-11 14:27:50,Program diem ampuh
Nor Sahira,5,2020-07-11 08:43:39,Apk yang membantu banget buat diet👍👍👍
Indah Sari,4,2020-07-11 06:16:46,Ada beberapa makanan yang tidak ada di fatsecret
Yatmi Kurnia Sari,4,2020-07-10 19:15:39,Aplikasi nya bagus. Bisa buat ngitung kalori saya yang masuk setiap hari
Fithadi Wiyanti,5,2020-07-10 18:12:46,Amazing
Nur Hafidin,4,2020-07-10 17:06:43,Mudah mengoprasikanya
Kurniasari Sukma Dewi,5,2020-07-10 09:50:57,Good. Very helpful.
Ana Novita,5,2020-07-10 08:00:52,"Aplikasi ini sangat membantu untuk kita yg program diet jadi asupan kalorinya bisa di hitung langsung di aplikasi ini, seneng banget deh punya aplikasi inj"
Andi Ratna,5,2020-07-10 06:30:49,Sangat bagus dn mbantu aq..selama proses diet..
ahmad rezpector,5,2020-07-10 00:27:37,Like
NOVEN,5,2020-07-09 23:45:07,Sangat membantu untuk pejuang diet
Siti Maisaroh,5,2020-07-09 21:26:49,"Lafyu bgt sama ini aplikasi sangat membantu, meskipun awal2 masih gabisa makenya karna ga pernah nyatet2 gitu kalo makan tapi udah jalan sebulan makek akhirnya terbiasa((:"
Yuni syafira,5,2020-07-09 19:29:19,"Saya bisa turun 33 kg berkat aplikasi ini BB awal 78kg sekarang 45kg , terimakasih fatsecret"
Kat Sura,5,2020-07-09 19:09:19,Mntap jiwa
siti rovita Sari,5,2020-07-09 17:30:04,Sngat menikmati
Signal Abadi,4,2020-07-09 13:17:49,Suka ajh
royani rona,5,2020-07-09 09:45:27,"Membantu dlm mengatur asupan kal ditiap makanan (krna ada catt di app dan kita bisa tulis dan ngliat rencana mknn utk besok) Ohya app hny membantu kita dlm catt makanan, tetapii kunci utamanya ad pada diri sendiri yaa semangattt pejuang yg sedang membasmi lemak"" jahadd 🤩"
indrasukses fx,5,2020-07-09 08:35:41,Bagus sih bisa program diet dengan mengatur pola makan dan bisa menghitung kalori dari makanan2 yang kita makan sehari2.
Gathrine Theresyia,5,2020-07-09 07:07:11,"Sukaaaaaa,, bagus bgt aplikasi nya berBAHASA INDONESIA lagi dan bantu banget buat liat kandungan kalori dari berbagai makanan dan minuman nya juga"
Almira Larissa,5,2020-07-09 06:18:32,"Cocok buat yg sdg diet, applikasinya berguna"
AIRA Channel,5,2020-07-08 20:51:47,Love it
Devi Mavika,4,2020-07-08 10:41:56,Kasih bintang 4 dulu yaa.... Aplikasi yg sangat membantu aku buat ngatur kebutuhan kalori harian aku. Mantulll
Erwin Yusuf,5,2020-07-08 01:35:38,Mantap
Ririn Harsya,5,2020-07-07 23:00:02,Mantap
Nadia Ibrahim,5,2020-07-07 21:37:55,Cara mudah menghitung kalori
Ghazi Diki,5,2020-07-07 14:48:58,Sangat membantu dalam menjaga kalori
silviah hamidah,5,2020-07-07 12:07:51,sangat bagus untuk melihat kalori yg kita makan
Sofiaty Sussy,5,2020-07-07 08:53:03,Ngebantu banget tapi pilihan kalori makanannya belum terlalu banyak
Tika Fajar Herawati,5,2020-07-07 08:18:33,Jos
Halimatus Sa'diyah,5,2020-07-06 22:30:05,Sangat membantu dalam diet
abadi putri,3,2020-07-06 18:24:01,"3 bintang dlu ya, kesini gr2 abs liat tiktok wkwk semoga apk nya berguna yaa"
dinila rmdhnt,5,2020-07-06 16:48:34,"Bagus,memudahkan kita untuk mengatur pola makan dan aktivitas serta makanan yg kita makan"
Dwima maryani,5,2020-07-06 12:33:49,sangat membantu program diet saya
Adelia vlog,5,2020-07-06 08:54:04,Sangattt bgus
cita citaaa,5,2020-07-06 05:23:06,Sangat membantu perjalanan dietku.. makasih banyak fatsecret😘
siti Rahmah,5,2020-07-05 18:44:48,Sangat membantu
Popi Halimatussa'diyah,5,2020-07-05 15:12:11,Thank you... fatsecret.. udh bntu saya... pola diet jadi bisa teratur... pokoknya T.O.P banget ...
Maria Ulfa,3,2020-07-05 12:54:45,Aku sering upload foto di jurnal tapi ga pernah muncul. Kenapa sih ini?
Lisyana Ampar,5,2020-07-04 08:14:18,Bagus bgt lah pokoknya
krisna arendra,5,2020-07-04 07:53:07,Sangat membantu
Moh Ivan Nugroho,5,2020-07-04 05:19:42,Ok
Elvina Nadya Ferdiyani,5,2020-07-03 18:52:32,Bagus banget
ROPIH,5,2020-07-03 15:35:33,Apliaksi kereeen..sangat membantu diet harian...
Nayra,5,2020-07-03 13:08:36,Bagus sangat membantu menghitung jumlah kalori harian saya
Mar Wati,5,2020-07-03 12:16:35,Mantaplah intinya
mursalim s,5,2020-07-03 11:23:10,Membantu proses diet
Yunike Lestari,5,2020-07-03 08:29:11,Berharap berhasil
Clyoviska Christovany cozy,3,2020-07-03 06:55:00,Bagus utk tracking calorie
Putri Permaisuri,5,2020-07-02 23:12:25,So far so good
tri suwarsono,5,2020-07-02 18:34:50,Sangat memuaskan
LAZUARDI IMANI,5,2020-07-02 17:45:44,"Membantu banget asli, semuanya ada lengkap jelas"
cak kien,5,2020-07-02 16:55:16,Lumayan buat catatan harian😀
rima agung dira,5,2020-07-02 15:56:19,Sangat membantu tracking kalori terutama makro
RINA RISNAWATI,5,2020-07-02 15:07:42,membantuuuuu
Pradani Widianti,5,2020-07-02 14:57:55,mantap
Anggie S. K,5,2020-07-02 13:35:57,Mudah untuk digunakan bahkan untuk pemula. Saran : agar menambah lebih banyak variasi makanan nya. Thank you!
Silvia Ardiyanti,5,2020-07-02 11:17:24,Apk yang menemaniku diet ❤
Novi Fatmachan,5,2020-07-02 09:26:42,Sangat membantu para ahli gizi jika ada bahan makanan yang tidak ada dalam dkbm
agung nurcahya,5,2020-07-02 09:25:31,Bagus berfungsi dgn baik
Nanda Marini,5,2020-07-02 07:00:55,Sangat puas
Mellynda Kurniasari,5,2020-07-02 05:03:28,Sangat membantu.. mengontrol makanan yg kita makan. Kita pikir kita sdh ketat diet tp ternyata kita salah ngitung kalori itu yg bikin kita sulit kurus
Sobat Newbi,5,2020-07-01 23:48:19,Sangat membantu...
Hanifah Budi,4,2020-07-01 21:42:05,Baru nyoba but 👍🏻
Rizkaa,5,2020-07-01 20:47:38,"Sangat membantu menghitung kalori harian, jadinya terkontrol, ga surplus kalori. Smoga kedepannya smakin baik. Semangat"
Tiwie Vindria,5,2020-07-01 20:29:45,Membantu sekali dlm hitung jumlah kalori harian
Fanny Agnestia,5,2020-07-01 10:05:39,Mantap dah aplikasinya.. Uwu bingits 😍 Dengan mudahnya aku bisa ngontrol jumlah kalori dan BB udah ideal yeay
Ds Ponsel,3,2020-07-01 09:30:30,Good
Lalah Sadiah,5,2020-07-01 07:28:44,"Membantu sekali mamantau kalori yang masuk, jadi terkendali"
Bayu pamungkas,4,2020-07-01 07:12:56,Lebih di perlengkap lagi jenis penilaian makanan nya saya sangat puas dngn aplikasi ini dan sekarang saya makan jaga jaga
Eka Muliyani,5,2020-07-01 07:11:48,Bermanfaat sekali untuk yang mau memulai pola hidup sehat dan diet defisit kalori. 😊
Apit Lala,5,2020-07-01 04:43:10,Good application
Windi Fiani,1,2020-07-01 00:58:00,Kok nggk bisa buka y ? Cuma lambang colok kunci gt
Mifta Akhyar,5,2020-06-30 19:49:35,"Aplikasi nya keren banget,,buat bantu menghitung kalori,, Udah perfect menurut saya"
Marly Lia12,5,2020-06-30 16:13:18,💙💙
RAV,5,2020-06-30 11:18:03,Best partner untuk lebih sehat lagi
Dessy Deshonkk,5,2020-06-29 21:34:40,Sangat membantu bgt buat progam diet twngkyu
Arif Nrsk,5,2020-06-29 19:15:43,"Bagus, sangat membantu sekali"
Andi Tri,5,2020-06-29 18:53:37,Sangat membantu program diet
Ambar Indrayana,5,2020-06-29 08:36:11,👌👌
Momotan Woen,5,2020-06-29 07:54:40,"Aplikasi yg sangat membantu, recomended"
Veni Vauzi,5,2020-06-29 06:09:20,membantu banget fat secret ini untuk orang2 yang ingin menguruskan badan dengan sehat
Nada Nh,5,2020-06-28 17:34:48,Bagus
Mas Nur,5,2020-06-28 16:03:56,Sangat membantuuuuu
onietha 3838,4,2020-06-28 14:00:42,Cara mengubah bahasa di aplikasi ini gmn ya? Tiba2 punyaku jdi berubah ke b.inggris
Muchammad Ilhamsyah,5,2020-06-28 10:02:15,SANGAT SANGAT MEMBANTU
Umi Laely,5,2020-06-28 09:44:04,Membantu sekali buat yang diet.
Nazira Rose Cahya,5,2020-06-28 08:45:06,sangat membantu
ETNEP 2017,5,2020-06-28 08:36:13,Aplikasi yg sangat bermanfaat😄
Dayu Musarofah,5,2020-06-28 07:02:39,Alhamdulilah sangat membantu mengontrol kalori harian
Dinda Nurhaliza,5,2020-06-28 06:58:48,Daftar makanannya lebih di detailkan lagi ya. Overall suka bgt sih sama aplikasinya cuman ya kurang detail aja hehe^^
Kadek Ayu Yuliastiti,5,2020-06-28 06:11:16,Best
Gartina Kemala Prajani,3,2020-06-28 06:00:31,"Aku kasih 3 karena makanannya kurang lengkap, setelah itu jenis olahraga yang di inginkan juga kurang detail sehingga saya masih memperkirakan brp kalori yg telah saya hilangkan"
Talita Amalia,5,2020-06-27 23:33:02,Sangat Membantu.
rizkano Amalia,4,2020-06-27 22:00:39,Sangat membantu mengontrol diet saya
Lim An Astia,4,2020-06-27 18:13:20,Li Xiao Long
me',4,2020-06-27 17:46:01,😊
Risma Aprilyan,4,2020-06-27 14:49:45,😍
Reza Trivionap,5,2020-06-27 13:46:06,Baik
Dendi Parnando,3,2020-06-27 13:10:47,Ok
Mutia Kamaruddin,5,2020-06-27 13:04:07,Udah turun 10 kg.. Makasih
Sididiq Puji,5,2020-06-27 12:10:23,I like it
Muh Sarwin,5,2020-06-27 08:25:21,Ngebantu banget buat yang mau diet defisit Kalori
Diajeng Rhorhomendut,5,2020-06-27 05:46:11,"App sangat membantu, pengguna di dalamnya ramah dan selalu berbagi tips diet sehat.."
Mathelda Andriani,5,2020-06-26 22:41:24,"Amat sangat membantu yg lg diet, jd bs mengontrol makanan yg akan kita makan. Aplikasi ini Bermanfaat ! 👍"
retno,4,2020-06-26 18:56:35,Semoga bisa ditambah lagi jenis makanan dan jumlah kalori dalam makanan tsb
Dewi Novita Oktaviani,5,2020-06-26 11:56:20,Sangat membantu
Anita Rahmawati,5,2020-06-26 11:52:54,Saya sangat terbantu oleh aplikasi ini
kertas putih,4,2020-06-26 11:20:38,"Tolong dilengkapi lagi untuk nilai kalori biar lebih mudah, trus di web susah sekali mau log in :("
Andra B,5,2020-06-26 10:11:45,"Bagus banget App ini , bisa buat ngontrol makan sehari-hari"
Hockey Mix,5,2020-06-26 00:24:25,Kalau keseringan di buka. jadinya loading
nashhs,5,2020-06-25 21:49:07,Tidak ada alasan
Weniaja,5,2020-06-25 18:48:28,Suka
Tia Mutia,5,2020-06-25 18:09:00,Bagus sekali rekom deh
Yesi Pranata,5,2020-06-25 17:20:59,Sangat membantu
Putri Rally Jelita Aprilia,5,2020-06-25 16:11:40,Bagus
Bella yanti,5,2020-06-25 08:22:34,Sangat membantu saat program diet Jadi tau asupan makan setiap harinya 😊
Insani Juniarti,5,2020-06-25 06:23:28,Good
Vj Cilik,5,2020-06-25 05:17:34,Aplikasi ini benar2 membantuku untuk menurunkan bbq 💪💪💪
bu hadiwibowo,5,2020-06-25 05:10:51,Simple dan sangat membantu
Erna wati,5,2020-06-24 19:12:53,Bagus banget aplikasi ini sangat membantu diet qu 👍🏻👍🏻😍😘
Veronica Jr.,5,2020-06-24 18:35:57,sangat membantu saya untuk mendapatkan body goals. thanks fatsecrets!!
Tri Wahyu Lestari,5,2020-06-24 13:24:40,App bagus bgt. Kita bisa ngontrol kalori kita. Recomended bgt.
Budjang Lapuk,5,2020-06-24 13:05:02,Ntapss
Rina Sarkam,5,2020-06-24 13:04:37,Keren
Irfan How,4,2020-06-24 12:55:54,"Sangat membantu, tetapi kurang lengkap daftar makanannya huhu, nggak ada saran makanan (kurang informatif)."
Susan Widya,5,2020-06-24 10:00:32,Aplikasi. Nya bagus untuk hitung kalori cuman kurang lengkap di pencarian. Makanannya
Elisa,5,2020-06-24 09:55:52,Bagus bgt!
j chip,5,2020-06-23 20:22:52,Membantu pola makan yg sehat utamanya kontrol asupan kalori
Dimas Viper,5,2020-06-23 18:58:03,Mantap
Ulini Judika Simanjuntak,5,2020-06-23 14:41:57,Sangat membantu!
Yeni Panjaitan,5,2020-06-23 08:31:36,mantap fs
iis herlina,3,2020-06-23 08:20:31,"bagus,sangat membantu mengontrol BB,namun list makanan kurang lengkap.but its ok."
fir,2,2020-06-22 22:53:07,Kok gabisa masuk ya akun saya
Januarti Wahyuni,5,2020-06-22 22:23:15,mantap
adhitya setiawan,5,2020-06-22 18:44:50,Aplikasi yang sangat membantu
Edi 49,5,2020-06-22 12:18:14,Sangat membantu bagi yang diet
Nuraini Agustiani,5,2020-06-22 10:06:55,Sangat membantu buat kontrol kalori harian
Abdida Prisha,5,2020-06-22 10:03:54,Good App.
ira damayanti,5,2020-06-22 10:03:12,mantap
Wivia Bumiairini,5,2020-06-22 08:59:42,"Suka banget sm aplikasi ini, membantu buat ngitung kalori yg masuk ke tubuh, bantu buat disiplin diet"
airani ilyas,5,2020-06-22 08:36:11,Membantu mengontrol kalori yg di konsumsi sehari2
Sally Ratna dewi,5,2020-06-22 08:34:53,"Alhamdulillah nemu app ini,bs kontrol jumlah kalori masuk. Diet santai aj . Bs mkn apa aj"
Nanda Made,5,2020-06-22 08:21:19,"Terima kasih banyak untuk tim developer, aplikasi ini sangat bagus berguna banget bagi yang ingin mulai hidup sehat, ditambah lagi ga ada iklan😊"
Nugrahani Fitria Andriani,5,2020-06-22 08:01:01,Ok
nurah mahroji,5,2020-06-22 08:00:48,Saya suka saya suka aplikasi ini bisa bantu saya ngontrol makan
Putu Widya,4,2020-06-22 07:33:13,Bagus apl.nya tpi ada beberapa makanan yg ngak/belum terdaftar.
Viky Zhou,5,2020-06-22 04:59:35,Sangat membantu saya menurunkan bb meskipun makanan masih belumbisa stabil tp ini terasa tubuh semakin enteng pingin hidup sehat jadi makan makanan yang sehat
k prabaningtyas,4,2020-06-21 17:34:56,"sangat membantu dalam menghitung kalori makanan, hanya ada beberapa makanan yg tidak ditemukan jml kalorinya"
Gus Don,5,2020-06-21 15:16:16,Bagus
alpian (AL NEWS),5,2020-06-21 14:29:13,keren bisa hitung makanan masuk
Nurulistianamasdi Masdi,5,2020-06-21 13:25:58,Wah Ngebantu banget si Buat yg lagi defisit kalori Lumaya lah meski g 100% akurat Tapi ya mndekati la Work it bnget si mnurut aq 😄
rike indriani,5,2020-06-21 12:17:40,"Praktis, smart, membantu sekali dalam mengatur asupan makanan baik untuk nurunin atay naikin BB"
Sari Pertiwi,5,2020-06-21 11:51:28,aplikasi sangat bagus
elsa hani,5,2020-06-21 10:09:32,"Baru tau ada aplikasi sebagus ini 😭😭😭 daridulu kemana aja akuuu, lengkap banget plus mudah banget mau tau kalori yang kita konsumsi berapa, ada penghitung kalori yang dibakar juga 😭😭😭 guud bangettt pokonya 😚"
Ade Lia,5,2020-06-21 07:05:23,"Applikasi nya keren bgt , sangat membantu.. hanya saja mohon d update lebih banyak lg utk pilihan makanan nya, suka gak ada yang dicari , jadi bingung hehe.. tp makasih banget sangat membantu program diet saya.."
Poersub Premium,5,2020-06-21 05:29:42,bagus👍 membantu mengatur pola makan untuk yg sedang menjalani program diet..
teguh rossoneri,5,2020-06-20 21:01:53,"sangat membantu pola makan, dan asupan dalan tubuh"
Satryaa Natama Nugraha,5,2020-06-20 12:25:03,Mantappp
Hasan ashari,5,2020-06-20 11:25:41,Sangat senang dengan apl ini. Sangat membantu saya dalam mengukur dan mengawasi kalori yang masuk dalam tubuh. Nilai plus dari apl ini adalah terdapat komunitas yang sangat positif dimana orang2 saling berbagi info dan sharing tentang pengalaman diet mereka dan saling mendukung satu sama lain. Saya sangat senang berada di lingkungan yang supportif apalagi bagi sebagian orang yang berada dilingkungan real yang sangat tidak supportif. Hal tersebut sanagat memotifasi saya agar tidak menyerah. Trims
Emma Deliyani,5,2020-06-20 10:35:29,Cuma kurang banyak farian jenis makanannya 😁
Dwi Agustin K 82,5,2020-06-20 10:22:26,Okeee
Diluar Nurul,5,2020-06-20 08:52:00,Mntull
Yofinanda Hanifah,5,2020-06-20 07:52:33,terbaeq
laila fitri,5,2020-06-20 07:35:27,terima kasih
Windy Arum Sari,5,2020-06-20 06:26:30,"Terima kasih Fat Secret membantu saya menjadi lebih cerdas dalam memilih makanan, menghitung asupan kalori, dan mencegah saya untuk makan/ngemil secara berlebihan. Semoga saya bisa menuju ke BB ideal saya."
Putri Listiyo,4,2020-06-20 05:25:43,Sangat membantu dalam menjaga kalori
Lindut Boim,5,2020-06-19 20:26:50,"Sangat membantu proses diet dan defisit kalori, semoga aplikasi ini bisa mambantu kaum yang ingin sehat."
Fathiyyah SY,5,2020-06-19 11:47:53,I luvvv this app
Nafisha hairin,5,2020-06-19 10:45:39,"Membantu bgt dan suka bgt,aku jd lebih mudah menghitung brp cal yg msk,sgt cinta ini😘😘😘"
Rafita Yusra,5,2020-06-19 08:00:56,good
zuppy_,5,2020-06-19 07:44:54,Sangat membantu sekalii
Yolfiana Abdjulu,5,2020-06-19 00:06:49,Bismillah mau coba Kayanya aplikasinya sangat membantu
Nana Yuliana,5,2020-06-18 18:17:14,"Saya suka dgn aplikasi ini, jd lebih menghitung apa yang saya makan"
Renyok Taviani,5,2020-06-18 13:41:46,Membantu kontrol program diet
abdi praja Residence,5,2020-06-18 13:12:20,Sangat bermanfaat bangett😍
Farah Dini,5,2020-06-18 11:31:42,Sangat membantu untuk mengatur kalori masuk.
Ruri Novianti,4,2020-06-18 11:19:42,Aplikasi yg sangat membantu proses diet saya😍
Rifqi Fatmala,5,2020-06-18 10:27:31,"Sya suka, membantu sekali dlm menghitung kalori. Makanan yg terdata pun kebanyakan ada, walaupun beberapa tidak ada, misal jenis2 ikan, karena memang setiap daerah belum tentu mekonsumsi ikan yg sama. Tpi sya masih bisa mencari jenis ikan lain yg kira2 sama. Overall aplikasinya bagus, tidak ada bug, error, bisa juga kita posting makanan kita ke pengguna aplikasi ini atau bahkan kita bisa berbagi inspirasi hasil kita ke pengguna lain dan sebaliknya. I like it so i rate 5 starts. Recommended"
Iyus Ruslan,4,2020-06-17 21:52:37,Ok
Nabila Indah,1,2020-06-17 21:43:29,Lamaaa😢😭
Monawati Sihombing,5,2020-06-17 18:05:35,Sangat membantu untuk hidup sehat
ChalisaAn,3,2020-06-17 16:41:16,Apps ini cukup membantu menghitung kalori good.
Ajik Guz,5,2020-06-17 15:12:47,Sangat membantu... Sangat bagus sekali
princess fani,5,2020-06-17 14:04:12,Baguuusss sangat membantu proses diet
Erna Puspitasari,5,2020-06-17 11:34:40,"Keren bgt makasih banyak sangat membantu, dan timelinenya pun good vibes, bener2 positif bgt, love!"
Sabrina Silmi,5,2020-06-17 10:02:05,Keren
Ikhwan Santiko,5,2020-06-17 08:56:19,Mantttaaaap
Nafal Machmud,5,2020-06-17 03:03:15,mantap
Phoenix,4,2020-06-17 01:05:44,"krn aku diet dgn cara defisit kalori, aplikasi fatsecret ini ngebantu banget sih.. aplikasi ini bgus bngt untk kontrol asupan kalori harian kita, bntu hitung kalori jg, INTINYA ini help bngt untk kita2 yg lg diet.. TAPI msih ad mknan yg blm diinput dan blm ad di fatsecret, dan jg untk olhrga msih ad bnyk yg blm lngkp di fatsecret. aku harap kedepannya dri tim fatsecret masukin jenis olhrga dan berbagai mknan yg lbih bnyk lg ya, krna kurang bngt untk olhrga, dan untk mknan ga trllu sih.."
Marsya Maida,5,2020-06-16 21:20:51,Keren
virmay siahaan,5,2020-06-16 20:35:03,sangat amat membantu
riza azizah,5,2020-06-16 13:55:45,Top
yudi eko,5,2020-06-16 07:09:23,Recomended banget👍
Tys Tys,5,2020-06-16 06:54:40,Untuk saat ini lumayanlah
Muhammad Silahuddin,4,2020-06-15 22:14:48,Bukan nya 100 gram=1 ons ya? Kok hasilnya beda.
Riena Nst,5,2020-06-15 18:05:45,Mantap
Elda Riskiyawanti,5,2020-06-15 17:33:08,Sangat membantu saya dalam menjalankan diet
naifa azhara,5,2020-06-15 16:55:35,aplikasi ini sangat membantu pada saat sy diet!bagus banget sriusan!
Anita Sitorus,5,2020-06-15 09:38:57,Good.
Yulia Angelina,5,2020-06-15 08:44:16,aplikasi ini sangat membantu saya dalam menghitung defisit kalori
Cand Ra,5,2020-06-15 08:01:59,Mantap
Alis Nuralipah,5,2020-06-14 19:50:57,Aplikasi diet paling bagus
Siska Putri Anggraini,1,2020-06-14 19:45:24,Kenapa gak bisa dibuka apk nya:(
Anik Telintas,4,2020-06-14 19:36:21,"Kok tiap aku posting gambar ato apapun kayak nya gak ada respon dari komunitas lain sama sekali ya, padahal publikasi ke komunitas dah aku on kan lho, merasa insecure aku..🤣 apa harus follow dulu? Tapi aku gak follow siapa2 bisa like dan komen ke komunitas lain tuh... Gimana ya? Hehe"
Aditya Satio,5,2020-06-14 19:35:58,Keren
Made Muka,4,2020-06-14 17:45:53,"Such a good aplication for diet, and i really enjoy the community here, there are a lot of people that will support each other so we can enjoy our diet and also get another knowledge from them, than we share bout our diet in another social media. But there is a little problem about the data (list food or drink) which should be more than this. I hope the developer will add more foods and drinks here :)) Thank youu"
Richard Hudson Siahaan,5,2020-06-14 12:22:15,Mantap
Desy Kakisina,5,2020-06-14 09:19:15,Mantap
rifaldi abdul,5,2020-06-14 09:16:17,App nya bagus
Desti Indah Utami,5,2020-06-14 06:32:19,"Suka banget sama aplikasi ini. Buat yg lagi program defisit kalori cocok banget nih. Pakai aplikasi ini kita bisa tau dalam sehari kebutuhan kalori nya berapa, terus ada indeks penurunan berat badannya juga jadi kita tau kita udah turun berat badan berapa kilo. 👍🏻"
Felicitas Nia,5,2020-06-14 00:35:23,Keren.. jadi tau kalori tiap makanan
rina angraeni,5,2020-06-13 18:51:53,Sangat membantu setiap kali mau makan sesuatu biar ga makin melar
nina yustina,5,2020-06-13 17:09:15,Ok
fras dahniel,5,2020-06-13 16:51:10,sangat membantu menghitung kalori. aplikatif dan lumayan akurat
Ahmad Gilang r,5,2020-06-13 13:15:15,Mantap
Raymond Kamasaan,5,2020-06-13 09:05:33,Kerennn
Dessy KurniaSari,5,2020-06-13 05:34:17,Aplikasi ini membantu saya utk mengontrol kalori harian saya. Mantap
isyifil inayah,2,2020-06-12 21:39:46,Sayang masuknya pakai email 😯
TintaHitam Arts,5,2020-06-12 19:14:35,Sangat membantu untuk kita yg menjalani diet defisit kalori..
agnestia refriyona,4,2020-06-12 14:53:59,Bantu bnt buat diet
Ayuni Adinda,5,2020-06-12 13:11:55,Mudah pengaplikasiannya dan sangat membantu
nanya meylani pasya pasya,5,2020-06-12 12:04:04,Good
Rafqi Aulian Iyan,5,2020-06-12 10:24:26,Mantap
Rifandi Nuryana,5,2020-06-12 09:55:55,Mantul
Yanti Andriani,5,2020-06-12 09:42:51,Sangat terbantu sekali.. baguussss bgt
Nunuh Sydney,5,2020-06-12 09:21:10,Semangat pejuang kurus
hana rizky,5,2020-06-12 08:42:32,sangat membantu aplikasi ini
Ajeng Garin,4,2020-06-12 08:30:19,Nice one. Help me through my diet journey a lot. Maybe you can fix how we can edit the photo before we upload? I find it hard to attach photo as how I like. Thank youuu
Elijah,5,2020-06-12 07:07:40,"Makasih FatSecret, jadi gak ribet lagi ngitung kalori 😘😘"
Imroatul Jannah,5,2020-06-12 06:49:00,"Berkat fat secret yg menemani masa dietku 3 bulan yg mmpermudah perhitungan kaloriku... Mkasih...dari bb awalku 70 skrg bbku 59,5 kg... Target cuma 2 kg lagi krna tb qu 165 cm"
pande oi,5,2020-06-12 06:27:40,"mantap. tambahkan info lagi seputar makanan, kalori dan kandungan gizinya"
Sonia Rahayu,5,2020-06-12 05:45:34,Membantu sekali
Libuysly Ly,4,2020-06-12 05:00:09,"Alhamdulillah, aplikasi ini sangat membantu banget buat nurunin berat badan dgn defkal."
Mita Vino,5,2020-06-11 20:48:09,ToP
Margareta Dwi Susanti,4,2020-06-11 19:59:38,Sangat membantu mengontrol jumlah kalori
Sinta Devi,4,2020-06-11 19:50:22,Coba dluu yaaaak ..
Adriansyah Tebe,5,2020-06-11 19:46:53,Mantap aplikasi nya. Membantu untuk kontrol asupan kalori yg masuk. Walau ga bsa jadi 100% patokan ya. Tapi setidaknya kita dapat gambaran berapa nutrisi yg masuk ke dalam tubuh. Makin mantap kalo ada foto di tiap kandungan gizi nya. Mantaaap.
Nanda Saputri,4,2020-06-11 15:14:55,Baru coba
Elli Septiyana Widiyawati,5,2020-06-11 13:07:37,"Sangat membantu, semoga nambah varian makanan yg tercantum"
Okeu Oktipriyanti,5,2020-06-11 07:05:11,Sangat membantu sekali dalam program diet ku.. Terima kasihh banyakkk fs seneng bgt nemuin apk ini hehe
made sumiari,5,2020-06-11 06:00:03,Sangat sangat membantu utk diet... Love this app...
goiden lie,5,2020-06-10 20:31:09,"Nice app, wlau msih bngung gunain nya, tpi psti bsa, kmbangkan trus..."
widya sari,5,2020-06-10 19:49:39,App bagus buat diet
helmi junaidi,5,2020-06-10 19:30:44,Mantaap
Nana LuciaRW,5,2020-06-10 18:24:32,"Bagus, sangat membantu!"
ATIK ATHIFAH,5,2020-06-10 18:11:40,Helpfull
Fifi,5,2020-06-10 12:42:19,"Thx, aplikasi yg sangat membantu 🥰🥰"
mak mak,5,2020-06-10 08:17:24,"Thank you FatScret, karena mu aku bertemu dengan komunitas yg saling support untuk hidup lebih sehat."
Puput Fsw,5,2020-06-10 07:26:28,Saya sangat terbantu dengan aplikasi ini untuk menakar asupan gizi pada tubuh saya dan mengkontrol kalori yg masuk pada tubuh saya. Terimakasih sudah memudahkan saya untuk mencapai berat badan ideal saya.
Buah Mangga,5,2020-06-10 07:16:19,Sangat membantu untuk saya yang sedang menjalani program cutting
Eprilia Sekar,5,2020-06-09 21:27:23,"App yg keren bgr bisa memonitoring program diet kita, wajib donlot!"
achmadie eppendie,5,2020-06-09 10:20:17,aplikasi mantap
Citra Hadi Pratiwi,5,2020-06-09 09:34:34,Membantu saya
Fatimah Azzahro,5,2020-06-09 00:56:32,Seneng liat2 jumlah kalori makanan yg aku makan. Hihiyy!
yogi andika hendraliza,5,2020-06-08 21:20:47,Sangat membantu utk menghitung kalori
SavAst Prabhata,5,2020-06-08 20:26:19,"Suka sekali app ini, membantu memantau asupan makanan yg ku makan. Semoga ke depan semakin banyak jenis makanan yg tertera kandungannya dn kalorinya. Jd gampang ngepasin sama yg aku konsumsi"
Yohana Endrasari,5,2020-06-08 17:22:00,"sangat membantu menghitung kebutuhan kalori harian saya . trima kasih, BB saya sudah turun 5 kg, dan masi akan trs berjuang dg aplikasi ini utk menurunkan BB lagi..😍"
ernita sarwo,4,2020-06-08 15:58:05,Good
Dito Julian,5,2020-06-08 12:51:06,Sangat bermanfaat skliii buat diet kuu
Nia Indiana Saputri,5,2020-06-08 12:25:51,"Bagus, tolong di lengkapi lagi macam macam sayuran dan menu .. Sangat membantu untuk yg mau ngatur pola makan"
Bima S Batah,5,2020-06-08 12:18:20,Aplikasi yang sangat cocok buat kalian yang ingin memantau kalori sehari2 dan selain itu juga ada informasi lebih mendetail tentang nutrisi kita. Di jamin ga nyesel install aplikasi ini
Hilda Lintang,4,2020-06-08 11:06:18,Bagus hnya sj bnyaka menu makanan yang belum tersedia
Setia Budi (Atep),5,2020-06-08 10:51:11,Good
Nadiatul Haq Alifah,5,2020-06-08 09:08:31,Sangat membantu ❤️
Desi Susanti,5,2020-06-08 09:01:07,"Bagus bgt ni apk nya,,,"
My vava,5,2020-06-08 08:13:05,Good aplication..👍👍
Arif Rahman,5,2020-06-08 06:25:46,Keren
Saut Maruli Tua Sihombing,5,2020-06-07 22:07:30,Membantu kita lebih dapat mengatur kalori yabg masuk pada tubuh kita guys
elvi kurniati,5,2020-06-07 17:56:14,Baru mulai... Bismillah aja.. Mau sehat dan tubuh ideal lagi.. Semoga tercapai..
Cesa Noor 6904,5,2020-06-07 15:50:42,Top informasi
Karunia Ratna Pandewi,5,2020-06-07 13:52:22,Thanks you
I Wayan Gede Krisna Arimjaya,4,2020-06-07 07:48:22,"Menu makanan lengkap, hanya saja pengaturan region harus dengan mengubah bahasa perangkat. Agak kurang nyaman dengan ini. Semoga update berikutnya, merubah region bisa lokal di settingan app nya saja."
Imam Arifianto,5,2020-06-06 17:33:01,Nice App's
Afrifudin Nasir,5,2020-06-06 16:52:07,Sangat Membantu Aplikasi Ini Untuk Diet
Rhara Sulistia,5,2020-06-06 14:32:22,Sangat membantu utk membatasi apa yg dimakan
tesa dwi monica,5,2020-06-06 08:08:50,Bagussss
qurrotta a'yunisa,5,2020-06-06 07:39:38,Bagus sekali
marihot hutabarat,5,2020-06-05 20:12:48,Aplikasi yg sangat membantu dalam memonitoring konsumsi kalori per hari. Data & informasi kandungan gizi makanan sangat lengkap
Lingkan M W,3,2020-06-05 17:06:49,Kasih bintang segini dulu ya...
Wingga Trips,5,2020-06-05 13:04:47,Lumayan akurat
IKA WAHYU,5,2020-06-05 09:41:43,I like it
Ito Ito,5,2020-06-05 08:56:15,Mantap
anime chanel,5,2020-06-04 20:26:59,Tolong perbanyak dafatr gizi makanan nya
Heru Radjata,5,2020-06-04 20:12:07,Saya terpaksa download ini karena di suruh diet sama keluarga
Mawas Rizki,5,2020-06-04 13:37:03,Sangat membantu mengontrol pola makan
Nia AG ASMR,5,2020-06-04 08:39:43,Membantu sekali
nafil akwam,5,2020-06-04 04:23:56,Sangat membantu
Yuniar Rohimah,5,2020-06-03 18:02:29,"Sangat membantu . Thanks. Awal mulai pke aplikasi ini 8 april 2020. Dan bb ny 66 kg. Skrg tgl 2 juni sudah 60 kg an. Stiap hri apa yg d mkn d tulis d aplikasi ini..bnr2 sngt membantu,wlwpun tdk 100% akurat krna aku g pnya timbngn buat nimbang makanan,tp d kira2 aja pun udh ada hasil nya. Yg pnting konsisten dan sabar. Sedikit demi sedikit psti berhasil 💪👍👍👍👍"
Taufix al-fairi,5,2020-06-03 10:24:32,Tanpa ini ku makan berlebihan
Cinthia Valentina,5,2020-06-03 09:08:48,Keren banget. Semoga dietnya berhasillllll. Aminnnn
Vika Anada,4,2020-06-03 05:31:26,Cummaa kurang lengkapnya teman sosial gk bisa saling tag. Jadi untuk bersosial antar teman d fs kurang berkembang. Ini aplikasi bagus banget buat kalian yang mau dan suka berhitung tentang asupan kalori tiap hari semangat semoga progam diet kalian lancar.
ristia kartika utami,5,2020-06-03 04:35:17,belajar tertib
Alyani Maulida,5,2020-06-02 22:28:47,very good
Rahman Athian,5,2020-06-02 19:51:46,Top
Anniza Agustina,5,2020-06-02 17:22:13,Sangat bermanfaat
Ayu Uswatun,5,2020-06-01 17:46:28,"Jadi bisa kontrol makan, jadi sadar kalau makan selain harus enak mesti sehat dan kalorinya harus pas"
Meow,3,2020-06-01 14:05:57,Lumayan ok
21_100 Muhammad Sandi Kurniawan,4,2020-06-01 13:24:09,"Semoga kedepannya, saat milih makanan itu fariannya makin banya lagi terus ada gambarnya jadi lebih enak gitu trus lebih rinci lagi... Dah sih kaya nya itu aja"
alifia maharani,5,2020-06-01 12:30:45,thanks udah bantu diett😘
Parlaungan Simamora,5,2020-06-01 12:19:17,Sangat membantu
Andiwan Men,5,2020-06-01 11:28:10,"Aplikasi bagus sangattt recomended👌, cukup detail ada rincian kalori lengkap semua makanan dan nutrisinya."
Brigadir Bagus,5,2020-06-01 11:25:29,Sangat membantu dalam proses diet
Mitha Hapsari,5,2020-06-01 11:05:46,Membantu ngontrol kalori untuk tujuan devisit kalori
Chim Chim,1,2020-06-01 09:23:30,Gak tau cara pakai nya😒😒😒😒😂
Dania,4,2020-06-01 04:59:00,Lumayan banyak membantu dalam menentukan banyak nya kalori yang di konsumsi
SLASHER _ID,5,2020-05-31 22:15:45,App sangat membantu
Annisa Rahmalia,5,2020-05-31 17:39:09,Membantu program diet
Umaya nirmala sari,5,2020-05-31 11:44:49,Good
Yulia Viona Abidin,5,2020-05-31 11:26:24,BAGUS BANGET
Yolla Padmadewi,4,2020-05-31 09:03:49,Ada beberapa jenis makanan yang kkal nya berbeda dari nutritionfact di kemasan
Febrina uli Lubis,5,2020-05-31 04:50:18,Aplikasi paling good bgt seehhh. Period
reri Husna,4,2020-05-30 22:11:04,Lumayan baguslah
Dedy Masterbeton,5,2020-05-30 21:07:22,Mantab
Rika Tiarasari,5,2020-05-30 17:17:10,Bagus nih app nya ... Membantu banget buat kontrol kalori harian ... 👍
Ashfa Ama,5,2020-05-30 09:00:02,Sangat lop 😍
Mohammad Hayatuddien,5,2020-05-30 05:03:31,Sangat bagus
_dong_ii,5,2020-05-29 21:50:25,"Aplikasi yg berguna bnget, membantu menurunkan bb. Mohon dilengkapi lagi pilihan makanannya ya."
Iwan Atmaja,5,2020-05-29 19:01:44,Its work thankyou very much
Latifah Hanoum,5,2020-05-29 12:55:01,Semakin mudah buat mengatur pola makan dan juga bisa mengetahui berapa kalori yang di makan perhari. Membantu buat yang sedang dit
Wawan Hermawan,5,2020-05-29 11:14:28,Sangat membantu dan mempermudah untuk kaum Dieter...
Ah qram,5,2020-05-28 20:56:21,Mantap
Skinny G,5,2020-05-28 13:17:50,Bagus sih app nya mudah cuma selama pke belum lost Brat badan karna makanya masih blom murni clean food tapi yg jelas bagus app nya simple free juga cuma sayang untuk makanan nya gk sekumplit yg di web nya yg di website lebih komplit
Vivi Channel,5,2020-05-28 09:53:24,Bagus bngt apk iniiiiiiii
Veronika Sinaga,5,2020-05-28 08:52:08,Thanks you fat secret
Firda Inayah,4,2020-05-28 08:12:54,Baguss tapi kadang kok ga bisa di buka ya. Pas di buka itu loading nya luama. Dahal sinyal bagus. Whatsapp lancar. Terus aku uninstal terus tak instal lagi baru deh bisa. Udah 2x ini
Fatma Agustina,4,2020-05-28 08:06:56,Recomended bgt
Zahela Sa,5,2020-05-28 06:00:08,Bantu banget buat bisa kontrol makanan
lutfi firmansyah,5,2020-05-27 19:58:40,Membantu sangat waktu saya program lean bulking
devi susanti,5,2020-05-27 18:18:24,Lumayan membatu untuk hitung kalori harian
Lutfia aziza,2,2020-05-27 17:56:21,"Tolong dong. Knp yaa punya saya tdk bisa di buka. Awal download baik"" aja. 2 hari kemudian malah tdk bisa di buka. Dan tdk bisa digunakan. Mohon untuk di perbaiki."
Ghizal __,5,2020-05-26 23:17:22,Apresiasi ama yg buat ini aps.. gila good parah.. |||| 5 stars for this aps..
Hamba Allah,4,2020-05-26 22:35:40,Mantaapp
Desta Ratih Putri Rengganis,5,2020-05-26 19:21:05,Membantu sekali untuk mengontrol makanan yg masuk 😊
Stevani Trinitati,5,2020-05-26 15:22:27,Mantul
Saddam Faisal,5,2020-05-26 13:37:39,Sangat bagus untuk diet kalori
Valentina Frebianti,5,2020-05-26 09:30:35,Aplikasi yang bener2 bantu aku jalanin diet karena ngingetin dalam diet pentingnya defisit kalori dan control kalori yg masuk ❤❤
Teddy Rahmanadi,5,2020-05-26 04:57:22,Memberikan informasi yg diperlukan bagi org yg ingin menjaga kesehatan
Lisa Latulmuawanah,5,2020-05-25 14:32:16,bagus
Nenden Srim,5,2020-05-25 13:25:19,"Membantu untuk kontrol kalori, bisa input produk yg belum tercantum. Good job!"
Michael,5,2020-05-25 10:30:44,Keren aplikasinya
Andini febrianti,5,2020-05-25 02:42:47,"Saya suka aplikasinya, sangat membantu saya dalam mengontrol jumlah kalori yang saya makan 😊😊"
yindra wati,5,2020-05-24 22:52:04,Aplikasi yg sangat membantu dalam menghitung asupan makanan yg kita makan..sangat membantu dlm menjalankan program dietku
It'z me Lia,5,2020-05-24 17:52:24,"Bagus untuk orang"" indo pakek ini... Menu nya bisa dicari"
Okta Nabilla,5,2020-05-24 17:21:06,Absolutely the best!
Kwon Revlyndita,5,2020-05-23 12:53:06,Aplikasi paling berguna untuk dunia perdietan .. wkwkwk. Sekedar saran Mungkin bisa di tambahkan menu penghitung bmr dan tdee .
Naela Alfi,5,2020-05-22 20:17:48,Sangat membantu dalam mengontrol jumlah kalori dan gizi setiap makanan.. syuka❤️
zia alfauzi,5,2020-05-22 10:31:24,"sangat membantu sekali, rekomended banget untuk yg diet"
ayu heppy,4,2020-05-22 09:41:37,Good
Misbah Ardi,5,2020-05-21 19:53:11,"Terima kasih, sejauh ini turun 5 kg"
Yulitasari _Channel,4,2020-05-21 17:48:44,Sangat membantu..very good
mithapermitha,5,2020-05-21 14:21:20,"Aplikasi keren, bener2 bisa ngebantu aku buat ngehitung kalori yg aku makan setiap hari, biar gk kebanyakan dan gk bikin gendut🤗. Alhamdulilah selama 3 bulanan lebih aku udah turun 4 kg, lama sih tapi teratur turunnya"
Niken Arrini,5,2020-05-21 13:09:14,sedikit pnilaian coba tambah fitur di menu mknn trus ukuran nya jg lebih di lngkapi
Fitri Ani,5,2020-05-21 09:40:29,Sangat bermanfaat....semoga lebih lengkap lagi variasi menu makanan nya...
Anggi Nurindah,4,2020-05-21 04:50:30,"Baru aku instal belum aku coba sih, semoga memuaskan"
Anjar dian pratiwi,3,2020-05-20 20:21:17,kenapa tidak bisa digunakan untuk balita?
Khalilo JPC,5,2020-05-20 18:06:28,Oke
Singgih Slamet,5,2020-05-20 11:48:30,Ok
cak santo,5,2020-05-20 09:16:17,Sangat membantu program diet saya.... Semoga semakin baik dan ditingkatkan fiture fiturenya
HENDRA PARULIAN SILALAHI (Bataknese),5,2020-05-19 18:49:30,Membantu
Mixed Music__,5,2020-05-19 18:25:38,Sangat membantu untuk program diet saat ini Tks..
DwiJaya Roster,5,2020-05-19 08:18:23,Membantu sekali untuk defisit kalori
lulu muharom,5,2020-05-18 23:03:19,Sangat membantu untuk menjalankan diet
Saidah Said,5,2020-05-18 17:46:56,Sangat bagus sangat membantu dalam program BB
15 KHAMDAN MUZAKI,5,2020-05-18 15:34:41,Membantu banget buat naikin berat badan
Retno Kusuma,5,2020-05-18 12:11:53,"membantu mengontrolnasupan nutrisi, olahraga, dan berat badan"
Erwin Anggraeni Nurul asyifa,5,2020-05-18 10:32:01,Keren
Idrisa lovers,5,2020-05-18 10:24:35,Sangat suka dan membantu banget....semuanya udah bagus tapi sebagai saran aja waktu nentuin menu kalori gak ada gambarnya kayak contoh gambar ukuran 100 gram seberapa gitu
mustika ayu budhi,5,2020-05-18 06:54:05,Sangat membantu..
Agatha Rita,5,2020-05-17 18:38:23,Sangat membantu mengontrol makanan
Septia Rahayu,5,2020-05-17 17:58:03,"sangat membantu, suka banget"
Wijayanti Dellan,5,2020-05-17 10:38:15,Sangat membantu sekali untuk menghitung kalori masuk dan bisa lihat Progress diet
Kariina Tan,5,2020-05-17 00:29:21,"Semenjak pake aplikasi ini bb turun dan hidup jadi sehat, soalnya bisa kontrol asupan kalori. Hehehe"
Putrirozana Fasya87,5,2020-05-16 22:03:53,Aplikasi yang sangat membantu untuk aku yang sedang menjalankan diet♥
Dwi Khoirotun Nisak,5,2020-05-16 20:16:27,Membantu sekali
Indriani Safitri,5,2020-05-16 15:54:16,Membuat diet saya jadi sistematis dan sangat termotivasi jdinya
Khadijah Hutasuhut,5,2020-05-16 14:37:19,Sangat membantu untuk yg sedang menjalani diet sehat
Toet iswandi,1,2020-05-16 13:12:06,"Hampir berhasil download, tapi gagal saat 98%, sudah 2X gagal, anda bikin aplikasi maw didownload apa kgakk sebenernya, klo gak niat bikin aplikasi mending gak usah bikin, nyusahin ajh loeee."
restu liccardo,5,2020-05-16 12:22:19,Ku terbantu
Ayu Lidya,5,2020-05-16 08:45:33,Good app!!!
Rani Yola Aditya,5,2020-05-16 08:28:45,Best!! 😍
Intan Permatasari,5,2020-05-16 05:53:03,Aplikasi wajib buat kaum hawa!
pelangi pelangi,5,2020-05-15 04:25:42,Aplikasi ini membantu banget buat saya untuk mengontrol kalori harian saya.
nabila ivanafirjatullah,5,2020-05-14 17:16:03,Sangat sangatt bergunaaaa
Neng Dudut,3,2020-05-13 10:07:03,Maaf ka mau nny untuk pembayran ny lewat mana yaa kaa
queen choco,5,2020-05-12 21:26:30,Keren
Christy Natalia Gultom,5,2020-05-12 20:01:05,"Senang dan bersyukur nemu aplikasi Fat Secret ini selama proses weight lose karena sangat membantu buat mengcontrol angka kalori dan bisa tahu berapa persen protein, karbo, dan lemak yang terkandung dalam setiap makan yang dikonsumsi ke tubuh sehingga Calori Defisit bisa lebih terpantau dan gak perlu ngeraba raba lagi buat ngukur kalori makanan 🤗 Terima kasih buat yang mendesign aplikasi ini. Tuhan Yesus selalu memberkati. Dan buat pejuang weight lose tetap Semangat ya 🤗🤗🤗"
Siti Nurohmah,5,2020-05-12 18:29:42,Good
Mega aaa,5,2020-05-12 14:53:09,Good
Muhammad Labib,5,2020-05-12 13:39:51,"Aplikasi yang membantu saya diet sehat. Sangat senang karena bisa mengukur karbohidrat, lemak dan protein agar seimbang. Dan bisa mengukur kalori yang kita konsumsi seharian. Saya sinkronkan dengan google fit yang mencatat kalori yang kita keluarkan sehingga bisa membandingan pengeluaran dan pemasukan kalori. Agar bisa menjadi kurus usahakan asupan kalori 500 poin lebih sedikit dari kalori yang keluar. Tapi jangan sampai asupan kalori di bawah BMR, katanya itu diet tidak sehat, karena b'lebihan."
Reyhan Rizaldi,3,2020-05-11 23:07:11,Kenapa pengingat makan siang ada 2 dan tidak ada pengingat sarapan?
baldwin amal,5,2020-05-11 23:06:34,Mantap jiwa
Nangga hadiputra,5,2020-05-11 22:22:02,Menjaga pola makan
Ririn Oktaviasari,5,2020-05-11 19:38:17,"Bagus..mohon beri gambaran, jika mempertahankan pola makan dan latihan, berapa lama lagi bisa mencapai target, dan gambaran ukuran mangkok yg dimaksud"
Sri Rahma,5,2020-05-11 18:02:47,Cobadulu
kim tae,3,2020-05-11 17:50:59,Aplikasinya bagus.tapi sayangnya banyak makanan yang tidak terdaftar jadi kalori yang masuk nggak ke itung semua😌
TV Kisah Anak Islam,5,2020-05-11 03:35:58,"Aplikasi yang bermanfaat untuk menentukan kalori harian (AKG). Yang ingin naik/turun/menjaga berat badan, aplikasi ini sangat direkomendasikan."
Erry Retno,5,2020-05-10 18:54:28,Sangat membantu menghitung kebutuhan kalori
fifi waty,5,2020-05-10 16:32:33,Aplikasinya bagus sekali utk mengatur kebutuhan kalori harian...
sofi H,3,2020-05-10 15:02:14,Mantap mantap👌👍👏
Septianingrum,1,2020-05-10 10:41:10,Kok di install gak bisa?
IRAWATI,5,2020-05-10 05:18:55,Oke
Diah Isnainingrum,5,2020-05-10 01:22:17,Membantu mengontrol asupan makanan
REN Channel,5,2020-05-09 20:39:54,"Sangat membantu, terimakasih"
Rerere __,5,2020-05-09 19:57:48,Detail... Beda sama yang lain. Terimakasih sangat membantu.
Nina Asarmuna,5,2020-05-09 14:49:14,"Bagus banget untuk org yg ingin hidup sehat, mau itu menurunkan, menyeimbangkan dan menaikkan BB"
Sycoorica,3,2020-05-09 14:21:57,😅
Melina Nancy,4,2020-05-09 13:25:13,Sangat membantu sekali dalam mengontrol berat badan dan juga sangat informatif untuk pengguna dapat mengetahui kandungan kalori yang ada dimakanan.. mungkin lebih diupdate lagi untuk berbagai jenis makanan yang ada..
ruth hutabarat,5,2020-05-09 10:26:09,"Aplikasi yang sangat membantu untuk monitor asupan kalori, aktivitas yang memerlukan kalori dalam 1 hari dan yang lebih menyenangkan bisa sharing dengan komunitas yang memiliki visi yang sama. Benar-benar membantu dan diet terasa menyenangkan 🌻✨"
Dhea Thalia,5,2020-05-08 21:43:09,"Bagus bngt apk inii,,,😘 aku sukaa"
Rida Tiara Zelianty,4,2020-05-08 20:51:23,Mantap
Elsa rosita,5,2020-05-08 18:53:12,Terima kasih sudah sangat membantu diet saya... Terimakasih karena dg ini saya lebih sadar utk konsumsi makanan yg sehat dan tdk berlebih..🙏
Nur Setyaningsih,5,2020-05-08 14:52:25,Ini sangat bagus untuk kita lebih mudah menghitung kalori
eliane chrystal,5,2020-05-08 01:13:22,Sangat membantu dlm hitung asupan kalori perhari
Orbi Kriste,5,2020-05-07 23:40:55,Usefuullllllllllll
Fitriana PD,5,2020-05-07 20:29:50,mantab untuk pejuang diet
Diah Hanifah,5,2020-05-07 15:48:48,Sangat membantu untuk menghitung penurunan berat badan
Dindin Dindin,5,2020-05-07 12:21:44,Good
DonDoomMania,5,2020-05-07 12:02:17,Terbaikkkjk
thyas octavia,5,2020-05-07 07:49:11,memudahkan untuk mengetahui kalori dan kandungan gizi dalam suatu makanan
Wanni Manarang,5,2020-05-07 07:14:59,Bagus
Linda Firdayanti,4,2020-05-06 23:59:52,"Aku menyukai aplikasi ini tpi blm aku pake sih baru aku instal ntar klo hasilnya memuaskan aku kasih bintang 5, aplikasi ini berbayar tidak sih?? Mohon infonya"
Rindia Harmandianti,5,2020-05-06 23:42:58,Mantullll bangettt ini apps
Dinanda Khayra Hutama,5,2020-05-06 19:09:41,"Bagusss banget untuk yg mau kontrol berat badan dan tau berapa kalori yg masuk dalam tubuh, lengkap banget gais makanan maupun minumannya jadi bisa tau deh seluruh kalori yg masuk dalam tubuh, tpi itu yg premium harganya kurangin dong :3"
Putri Indah,5,2020-05-05 22:36:53,mantap
Aida Mawarni,5,2020-05-05 18:08:31,Ntap
daily gisu,5,2020-05-05 13:20:32,"Bagus bangat,, bisa mengontrol yg kita makan,,"
Ni Luh Ambarini Paramita,5,2020-05-04 13:24:10,"Bantu bgt nih,jadi g ush repot"" buat list thank you"
anne tasya,5,2020-05-04 04:53:23,"oke, bisa bantu itung asupan kalori perhari makasiih yaa. semoga lekas kurus 😊"
Muhamad Romy,5,2020-05-04 04:10:17,"Kalau mau berkata2 kotor,mohon cari tempat yang lain yg lebih pantas. disini utk memberikan testimoni terhadap aplikasi. Anda tidak akan terlihat gagah hanya dengan memaki &mengeluarkan kata2 kasar. Btw,sejauh ini tidak ada masalah dgn aplikasi yg bersangkutan . Fitur2 non berbayarnya sudah cukup baik&membantu mengurangi cache di hp."
Fitriyana Nurdiani,5,2020-05-03 13:57:27,Sangat membantu sekali buat diet / mempertahankan berat badan 👌
hana andriningrum,5,2020-05-03 10:06:13,Sangat membantu lose weight secara bertahap
Iske Mareta,5,2020-05-02 20:18:05,Good
Yopi Mufti bahtiar,5,2020-05-02 14:31:52,Mantap
MOMMY Twins Baby Cel,5,2020-05-02 14:16:19,Kebantu banget untuk hitung dan jaga kalori harian aku..
Rahmad Alvian Afandi,5,2020-05-02 08:12:25,Bagus banget buat yg mau diet dan ngitung kalori. Tapi beberapa makanan tidak ada daftarnya disini.
Ameng Family,5,2020-05-02 08:09:37,"Sangat membantu untuk turun bb ,suka❤"
Ario Bagaskoro,5,2020-05-01 21:24:24,"Ini udah komplit. Tapi kalo lo mau combine sama app latihan lainnya, itu bakal lebih bagus lagi."
Ling Novi,5,2020-05-01 19:16:34,Sangat suka aplikasi ini.. kadang malas ngisi apa yg kumakan hr ini tp sll Ada notif utk mengisi list apa yg kumakan. Banyak motivasi nya jg jd semangat..
Titin Debora Pasaribu,5,2020-05-01 10:19:07,Mantap
Iha Fariha,4,2020-05-01 03:43:11,suka sama aplikasi ini jd bisa beljar diet yg bener 😍
Pratiwi Amie,5,2020-04-30 20:42:47,Menyenangkan bergabung dengan komunitas yang sama sama ingin sehat. Saya jadi tahu kalori yang saya butuhkan beserta kadar nutrisi nya.
Ola Wilson,5,2020-04-30 19:14:25,Mantap
Ti.Pertama_Hukum C_Mutia Amalia Azmy,5,2020-04-30 18:44:19,Sangat membantu untuk menghitung kalori
farida kartiningsih,5,2020-04-30 18:15:30,Sangat membantu untuk defisit kalori
Alya Mahmudah,5,2020-04-30 12:10:09,mantap
Inessia Fluida,5,2020-04-30 09:56:08,Sangat membantu thanks ya
SYAHRUL RIZQI ADIPUTRA,5,2020-04-30 05:43:29,"Belum nyoba, kasih 5 dulu"
Nur Hidayah,5,2020-04-30 02:23:31,Aplikasi yang sangat bagus. Sangat membatu dalam program diet. Terutama pada perhitungan kalori 😁😁
ervin silviana,5,2020-04-29 16:50:17,Sangat membantu penghitungan asupan kalori yg masuk
Kurnia Mawaddah,5,2020-04-28 20:14:35,"Bagus,bikin semangat diet karna kita tau berapa jumlah kalori yang kita makan"
Teguh Cekguh,4,2020-04-28 17:19:53,"Mantap, tapi pilihan kalori makannnya masih kurang lengkap"
Pengguna Google,5,2020-04-27 17:33:55,Good
Pengguna Google,5,2020-04-27 09:51:40,"Aplikasinya bagus, selain untuk menghitung kalori juga bisa cari referensi menu dari teman FS"
Pengguna Google,5,2020-04-27 09:45:37,"Membantu kontrol kalori makanan yg sdh masuk kita makan. Dan selanjutnya akan jadi paham, biasa dg jumlah kalori yg kita makan. Bermanfaat banget"
Pengguna Google,5,2020-04-27 09:23:18,Bagus aplikasinya
Pengguna Google,5,2020-04-27 09:20:18,mantab👍👍
Pengguna Google,5,2020-04-27 08:29:05,Mudah digunakan dan cukup lengkap
Pengguna Google,5,2020-04-27 07:04:47,"App pengontrol kalori yang bagus, dan untuk masukkannya agar di tambah lagi data menu2 masakan indonesia lainnya serta ada beberapa makanan berbarcode yg belum terdaftar di Fatsecreet"
Pengguna Google,5,2020-04-27 07:01:42,Tapi kenapa grafik ga turun otomatis ya
Pengguna Google,5,2020-04-26 21:42:53,Sangat membantu aplikasi ini buat mengatur konsumsi kalori harian. Tp mohon ditambah lagi menu-menu makanannya agar mudah saat input
Pengguna Google,4,2020-04-26 20:54:30,Membantu mengatur menu defisit klori
Pengguna Google,5,2020-04-26 18:35:23,Trimakasih.. sangat membantu
Pengguna Google,5,2020-04-26 15:25:23,"Help ful,thanks fat secret i💜u"
Pengguna Google,5,2020-04-26 13:38:00,Membantu mengatur pola makan 👍👍👍
Pengguna Google,4,2020-04-26 12:01:15,Kalori harian jadi terkontrol
Pengguna Google,5,2020-04-26 07:19:29,Applikasi yang sangat membantu bagi pemula yg kepingin benar2 mengatur pola makan dan hidup sehat
Pengguna Google,5,2020-04-25 12:32:51,"Aplikasi yang bagus... Saran utk pilihan makanan sebaiknya user bisa menambahkan sendiri karena kadang apa yang dimakan tidak terdaftar di list pencarian makanan, hitung2 utk nambah lebih varian makanan di FS. 😊 but overall this is amazing app for your healthy lifestyle!"
Pengguna Google,2,2020-04-25 06:51:23,pembaca barcode tidak berfungsi dengan baik
Pengguna Google,5,2020-04-25 04:23:31,Ngebantu bgt buat ngatur defisit kalori yang akan di makan tinggal bakar lagi kalorinya dengan olahraga
Pengguna Google,5,2020-04-25 03:43:58,terbaik karna banyak menu makanan indonesia
Pengguna Google,3,2020-04-24 23:33:45,Menggunakan Aplikasi ini ada biaya perbulannya gak???
Pengguna Google,5,2020-04-24 13:19:10,Mudah di gunakan
Pengguna Google,5,2020-04-24 07:00:23,Semoga aja membantu
Pengguna Google,5,2020-04-23 08:29:27,Sangat membantu
Pengguna Google,3,2020-04-23 05:33:07,Bagus. Sangat membantu menghitung kalori makanan yg di makan. Akan tetapi ada beberapa makanan yg tdk ada di searchnya. Harapannya bisa di update lagi 😁🙏
Pengguna Google,5,2020-04-22 23:08:47,Love love
Pengguna Google,5,2020-04-22 09:12:35,"saya sangat terbantu dekali dngan aplikaso ini, diet pun terasa mudah."
Pengguna Google,5,2020-04-22 07:47:56,"Aplikasi nya berguna sih, tapi di perbanyak lagi jenis makanannya, kalau bisa di tampilkan beserta gambar makanannya.👍"
Pengguna Google,5,2020-04-21 23:24:37,Aplikasi yang buaaaguuuus
Pengguna Google,5,2020-04-21 22:54:35,belike
Pengguna Google,5,2020-04-21 13:07:32,Ok
Pengguna Google,5,2020-04-20 17:55:58,Membantu
Pengguna Google,4,2020-04-20 16:20:02,Baguss tapi males masukin daftar makananya
Pengguna Google,5,2020-04-20 10:08:59,Mantep buat mengontrol kebutuhan kalori saat diet
Pengguna Google,5,2020-04-20 05:23:34,"Sangat mempermudah diet,karna kita bisa ngontrol kalori berdasarkan kebutuhan diet kita"
Pengguna Google,5,2020-04-20 05:12:14,"Sangat bermanfaat. (Relatif lebih)Lengkap, baik jenis makanan dan kandungan nutrisinya. Terimakasih banyak kepada Pencipta aplikasi ini dan Tim Penyusun."
Pengguna Google,5,2020-04-19 11:56:39,Thank you so much fatsecrett
Pengguna Google,5,2020-04-19 10:20:38,Penggunaan mudah dan SIMPLE..sangat membantu bagi yg berdiet
Pengguna Google,5,2020-04-19 07:35:22,Jadi Paham....Apa itu Kalori
Pengguna Google,5,2020-04-18 19:02:03,Makannya bisa ke kontrol dengan baik
Pengguna Google,5,2020-04-18 18:15:49,Kereen... Aku jadi hati hati dalam memilih makanan yang berkalori tinggi... 😊
Pengguna Google,5,2020-04-18 17:34:22,Sangat membantu untuk menghitung kalori yg kita makan setiap harinya.. bisa memotivasi juga karna banyak teman2 difatscret yg memberi info2nya.. thank fatsecrett😍
Pengguna Google,1,2020-04-18 06:10:51,Kenapa apk nya tidak dapat di download?
Pengguna Google,4,2020-04-17 21:26:10,Bagus
Pengguna Google,5,2020-04-17 11:53:35,sangat membantu dalam program diet
Pengguna Google,4,2020-04-17 11:11:17,Bagus sih tp ada yg tidak lengkap mknan nya yg s cari gaada😅
Pengguna Google,4,2020-04-17 07:25:35,Bagus.. Sangat membantu
Pengguna Google,5,2020-04-16 23:47:29,"Aplikasi yang sangat bagus, jadi mikir2 kalo makan berat, dan bisa mengontrol apa yg kita makan, bisa sharing juga antar anggota, info lebih upgrade premium"
Pengguna Google,1,2020-04-16 21:08:06,"Kok nyampe 99 persen mulu , gk ke instal beberapa kali , nyoba apk lain mah bisa ke instal"
Pengguna Google,5,2020-04-16 17:51:15,Akurat sangat untuk produk2 indonesia
Pengguna Google,5,2020-04-16 16:23:08,Bagus banget!! Akhirnya saya menunjukan hasil biarpun belum maksimal tapi ini aplikasi yang sudah sangat membantu saya sejauh ini.
Pengguna Google,4,2020-04-16 09:21:48,Bagus. Mudah di mengerti aplikanya. Di kasih bintang 4 dulu
Pengguna Google,5,2020-04-15 06:50:48,Ok
Pengguna Google,5,2020-04-14 23:58:32,Sangat membantu 👍
Pengguna Google,3,2020-04-14 23:01:42,Mudah2an setelah ikut resepnya ada hasilnya
Pengguna Google,5,2020-04-14 17:37:57,Lebih berhati2 dlm memilih makanan
Pengguna Google,4,2020-04-14 16:09:45,Sangat membantu untuk menghitung kalori Yang kita konsumsi
Pengguna Google,5,2020-04-14 08:30:58,"Bagus si, cuma kadang ngiler kalau temen upload hasil atau makanan 🤤"
Pengguna Google,5,2020-04-14 08:23:52,Sangat membantu dalam diet
Pengguna Google,5,2020-04-14 07:28:35,Sangat membantu
Pengguna Google,5,2020-04-13 23:07:02,Aplikasi keren benget buat program diet
Pengguna Google,4,2020-04-13 21:52:25,Ok
Pengguna Google,4,2020-04-13 17:20:30,good
Pengguna Google,2,2020-04-13 16:38:10,Ssh login
Pengguna Google,5,2020-04-13 14:23:04,"Suka bgt, makasih❤"
Pengguna Google,5,2020-04-13 08:03:51,"Mantap aplikasinya,sangat sangat sangat bermanfaat"
Pengguna Google,5,2020-04-12 16:52:11,Bgus untuk mengetahui dan membatasi kalori yg masuk ke tubuh .... bgus untuk menghitung jumlah kalori yg masuk ... nice ...
Pengguna Google,5,2020-04-12 12:46:33,bagus dan bs benran kurus
Pengguna Google,3,2020-04-12 09:19:16,Sangat membantu program diet saya
Pengguna Google,5,2020-04-11 21:56:41,Sangat membantu saya dalam menghitung kalori harian yang saya butuhkan untuk menurunkan berat badan 😁
Pengguna Google,5,2020-04-11 14:08:11,Mantep nih aplikasi
Pengguna Google,5,2020-04-11 08:02:43,Good
Pengguna Google,5,2020-04-11 06:12:14,Aplikasi sangat membantu...
Pengguna Google,2,2020-04-10 21:39:45,waktu mau log in lagi gabisa:)
Pengguna Google,4,2020-04-10 10:51:01,jadi lebih disiplin diet nya.. kalori pun lebih terkontrol..
Pengguna Google,5,2020-04-10 10:30:30,Berat badanku sudah 17 kg berkurang aplikasi yg mantap terimakasih Fat secret Indonesia
Pengguna Google,4,2020-04-10 07:03:15,Sangat membantu untuk program defisit kalori
Pengguna Google,5,2020-04-09 20:25:19,Ccok bnget track kalori
Pengguna Google,5,2020-04-09 10:04:12,bagussss bgttttt
Pengguna Google,5,2020-04-09 07:37:38,Good
Pengguna Google,5,2020-04-08 22:09:18,Good
Pengguna Google,5,2020-04-07 17:38:56,Bagus
Pengguna Google,5,2020-04-07 12:43:38,Saya suka Sangat bermanfaat
Pengguna Google,5,2020-04-07 07:38:00,Aplikasinya bagus
Pengguna Google,5,2020-04-07 05:33:00,Bisa memonitor makan kita
Pengguna Google,5,2020-04-06 20:47:54,"sangat membantu sekali dalam penghitungan kalori dan menmbah wawasan tentang isi dri makro nutrisi suatu hidangan makanan... saya harap di perbaiki lagi tentang jenis makanan yg jumlah kalori nya kadang tidak sesuai, trims"
Pengguna Google,4,2020-04-06 08:44:19,Top bgt
Pengguna Google,5,2020-04-05 22:18:57,Sangat membantu
Pengguna Google,5,2020-04-05 13:40:41,😘
Pengguna Google,5,2020-04-05 13:05:35,Masih mncoba sih moga ajah hasil ny memuaskn
Pengguna Google,5,2020-04-05 10:17:53,Sangat membantu sekali
Pengguna Google,5,2020-04-05 08:27:57,Coba dl
Pengguna Google,4,2020-04-04 07:45:43,Ok
Pengguna Google,5,2020-04-04 00:22:41,Good
Pengguna Google,5,2020-04-03 15:19:33,Juoosssss
Pengguna Google,4,2020-04-02 22:10:53,"Cukup Ok, untuk perkirakan kalori masuk.."
Pengguna Google,4,2020-04-02 19:20:18,Good
Pengguna Google,5,2020-04-02 18:17:37,Baru nemu aplikasi se-amazing ini. Niceeeee
Pengguna Google,5,2020-04-02 05:55:10,Bagus mudah dimengerti
Pengguna Google,4,2020-04-01 19:52:33,Apakah aplikasi ini berbayar?
Pengguna Google,5,2020-03-31 21:37:59,Mantap
Pengguna Google,3,2020-03-31 01:08:39,Sangat membantu
Pengguna Google,5,2020-03-30 16:44:44,Sangat membantu untuk batasan kalori di diet saya. ..
Pengguna Google,5,2020-03-30 14:55:52,OK
Pengguna Google,4,2020-03-29 21:42:52,"Sudah bagus banget aplikasi ini, tapi kalau bisa kasih tau contoh takaran yang di maksud dalam satuan nya. Contoh : 1 mangkok nasi, mangkoknya itu seperti apa bentuknya... Ya pokoknya lebih rinci lagi kalau perlu di kasih contoh takarannya. Overall udh bagus."
Pengguna Google,5,2020-03-29 15:39:26,Bismillah
Pengguna Google,5,2020-03-29 13:33:09,Sangat membantu sekali
Pengguna Google,3,2020-03-29 13:11:43,beberapa makanan belum ada nilai kalorinya dan belum bisa scan barcode
Pengguna Google,5,2020-03-29 11:14:21,👍👍👍👍👍
Pengguna Google,5,2020-03-28 06:15:31,♡♡♡♡
Pengguna Google,5,2020-03-26 20:10:49,Berkat aplikasi ini saya bisa menghitung kalori yang saya konsumsi setiap harinya😘
Pengguna Google,4,2020-03-26 16:49:44,Apa bs tersambung ke aplikasi samsung health?sy coba ga bs ya?
Pengguna Google,4,2020-03-26 07:38:21,"Membantu sekali, tapi mohon di perlengkap lagi macam2 makannya ☺"
Pengguna Google,3,2020-03-25 23:14:20,Baru mau coba ya. Saya pakai tanggal 25 Maret 2020. Besok kalau bisa turun saya naikkan bintang lagi. Selamat mencoba teman teman seperjuanganku :))
Pengguna Google,5,2020-03-25 19:58:58,Cool y.o
Pengguna Google,5,2020-03-25 17:39:37,Apk ini sangat membantu saya 👍👍👍
Pengguna Google,5,2020-03-25 09:46:43,Apl ini sangat membantu sekali..
Pengguna Google,5,2020-03-24 14:18:02,Sangat membantu dan menjadi penyemangat😊
Pengguna Google,5,2020-03-24 09:22:59,Bagus dan membantu program diet
Pengguna Google,5,2020-03-24 08:19:02,Sy suka sekali.
Pengguna Google,5,2020-03-23 23:01:16,Good
Pengguna Google,5,2020-03-23 19:14:51,Mantap!
Pengguna Google,5,2020-03-23 08:09:26,Berat badan saya turun 1 kg😁
Pengguna Google,4,2020-03-23 05:52:51,Bagus tp makanannya kurang lengkap😁
Pengguna Google,4,2020-03-22 20:24:15,Bagus apk nya. Bisa untuk ngatur pola makan aku yang keseharaiannya berantakan bgt.
Pengguna Google,5,2020-03-22 17:14:51,Aplikasi yg bagus
Pengguna Google,5,2020-03-21 13:20:42,"App termanjur buat klian yg mau diet!! Hampir semua jenis mkanan terakses! Pnghitung kalori terefektif! Udh ada target pncapaian + kndungn nutrisinya! Bisa sharing informasi & tips jg buat pnggunanya, sling komunikasi dn liat prkmbangan masing2!! Ahh, brmanfaat banget. Love it! Makasih..."
Pengguna Google,4,2020-03-21 06:29:22,Mantap
Pengguna Google,5,2020-03-20 20:27:18,Keren banget dan membantu
Pengguna Google,4,2020-03-20 19:46:10,Lumayan bisa membantu menjaga asupan makanan
Pengguna Google,5,2020-03-20 12:32:22,Good
Pengguna Google,5,2020-03-19 16:35:32,Sangat membantu dalam program diet
Pengguna Google,5,2020-03-19 14:55:33,Rekomendasi banget apalagi kalau kita ngelaporin keluhan lewat email cepet di responnya
Pengguna Google,5,2020-03-19 13:18:19,Sangat membantu saya untuk menghitung kalori
Pengguna Google,5,2020-03-18 22:11:53,Mantap
Pengguna Google,5,2020-03-18 20:33:50,Recomended
Pengguna Google,5,2020-03-18 17:29:22,"Okee aplikasinya bagus banget kita bisa itung""kalori harian kita tanpa ribet"
Pengguna Google,5,2020-03-18 14:46:34,aplikasi mantaaaaaaap
Pengguna Google,5,2020-03-18 11:27:12,Ok bgt
Pengguna Google,4,2020-03-17 14:23:29,Aplikasi bagus untuk memonitor kalori yg kita makan dan memonitor berat badan kita
Pengguna Google,5,2020-03-16 10:05:42,"Suka bngt sm aplikasi ini benar 2 membatu diet saya, thanks alot ya 😊😊"
Pengguna Google,5,2020-03-16 08:33:33,Mantap
Pengguna Google,5,2020-03-15 17:16:09,Nice
Pengguna Google,5,2020-03-15 09:13:31,Sangat bermanfaat dan membantu dalam proses diet 😍😍
Pengguna Google,5,2020-03-14 17:36:22,Membantu dalam kontrol kalori diet
Pengguna Google,5,2020-03-13 20:10:56,Teman sejati dan bikin diet jadi happy
Pengguna Google,5,2020-03-13 17:07:42,good !! if you care of your healthy! please try this apk
Pengguna Google,5,2020-03-13 10:52:16,Good
Pengguna Google,5,2020-03-13 07:24:06,Nice
Pengguna Google,5,2020-03-13 06:15:05,Sangat membatu
Pengguna Google,5,2020-03-13 05:08:12,Sangat membantu
Pengguna Google,5,2020-03-12 22:58:19,Sangat membantu progam penurunan berat badan
Pengguna Google,5,2020-03-12 09:27:21,Sangat membantu dan terbukti berat badan dalam 3 bulan sdh turun 8 kilo .. tanpa diet yg menyiksa .. tetap makan enak
Pengguna Google,5,2020-03-12 07:23:24,Bagus ... Sudah 1 bulan pakai app ini untuk hitung kalori buat diet dan sudah turun 4 kg
Pengguna Google,5,2020-03-11 21:18:55,Membantu mengontrol asupan harian bagi siapapun yang ingin menjaga berat badan tanpa harus takut kekurangan atau kelebihan gizi. Saran saya agar lebih variatif lagi daftar makanan agar semua makanan yang dimakan bisa diinput.
Pengguna Google,1,2020-03-11 18:53:32,Kok susah di instal yh dari tadi instal udh mau 100% kok gagal trs yh padahal memori gw masih kosong kenapa yh?
Pengguna Google,5,2020-03-11 15:35:55,"SANGAT SANGAT BAGUSS, INI SANGAT BERMANFAAT. GA BOONG, MUDAH MENGATUR KALORI YG DIKONSUMSI KAYA ADUH SEGALANYA BANGET DEH. BUAT YG BUAT APLIKASI INI I LOVE U SO MUCH AND JUST THANK U FOR YOUR EFFORT... SUMPAH MEMBANTU BANGET 😭😭 SUKSES TERUS YA SEMANGAT TERUS. I LOVE UUUUUU❤❤❤"
Pengguna Google,5,2020-03-11 14:31:03,Efektif sebagai panduan AKG...
Pengguna Google,1,2020-03-11 13:08:28,"Aku kira bnr membntu trnyta ujung""nya harus bayar per bulan,"
Pengguna Google,5,2020-03-11 12:35:00,Keren
Pengguna Google,5,2020-03-11 07:39:02,"Sangat membantu dalam menghitung kalori, dan juga membuat lebih selektif dalam memilih makanan."
Pengguna Google,5,2020-03-10 12:58:25,Sangat membantu!❤
Pengguna Google,5,2020-03-10 12:17:33,Sangat membantu
Pengguna Google,5,2020-03-10 06:31:12,Mantaf
Pengguna Google,5,2020-03-10 05:23:57,Ngebantu untk kontrol kalori yg masuk.
Pengguna Google,5,2020-03-10 03:43:55,Sangat membantu sekali
Pengguna Google,5,2020-03-09 15:30:22,Love
Pengguna Google,5,2020-03-09 13:44:43,"Mempermudah bgt, tp masih harus sering di pakai"
Pengguna Google,4,2020-03-09 09:35:11,"Bagus bgt. Rincian informasi kandungan makanannya detail, walaupun kadang ada makanan yg blm ada di list karena bukan makanan konsumsi umum. Bisa jd sosmed juga buat nyari temen seperjuangan biar semangat dietnya. Cuma sayangnya belum ada fitur artikel yg mendukung program diet sehat. Next boleh ditambahin yaa 👌"
Pengguna Google,5,2020-03-09 05:56:14,Terimakasih banyak telah mempertemukan dg orang-orang luar biasa di aplikasi ini..😊
Pengguna Google,5,2020-03-08 22:20:58,Mantep lah
Pengguna Google,5,2020-03-08 21:44:39,"Sangat membatu saya untuk menghitung kalori masuk dan keluar disetiap harinya, :)."
Pengguna Google,5,2020-03-08 13:27:20,Keren pokoknya
Pengguna Google,5,2020-03-08 12:31:55,Membantu sekali itung kalori harian luv luv
Pengguna Google,5,2020-03-08 09:44:31,Terimakasih.
Pengguna Google,5,2020-03-08 07:21:26,"Terimakasih, aplikasi ini benar'' membantu.,, asalkan konsisten memakainyaa pasti ada hasil.."
Pengguna Google,5,2020-03-07 12:36:04,Sangat bermanfaat
Pengguna Google,5,2020-03-07 10:57:46,Keren
Pengguna Google,5,2020-03-06 20:12:20,"Alhamdulillah aplikasi ini telah membantu saya slma 3 bulan progam diet, dan alhasil bisa turun 11 kg, diimbangi olhrga seminggu 6/5 hari."
Pengguna Google,5,2020-03-06 14:10:32,lumayan
Pengguna Google,4,2020-03-05 19:38:47,Saya harap akan semakin lengkap untuk semua produk kemasan. Sangat membantu. Terima kasih
Pengguna Google,5,2020-03-05 17:31:33,Mangtaps
Pengguna Google,5,2020-03-05 03:39:34,Insyallah aplikasi ny bgs
Pengguna Google,5,2020-03-04 20:49:18,Sangt menyenangkn
Pengguna Google,4,2020-03-04 17:30:47,Dari ini saya bisa mengontrol kalori yang saya makan setiap hari
Pengguna Google,4,2020-03-04 15:15:02,"bagus sih terbantu banget utk tahu jumlah kalori makanan yg kita kosumsi..hanya saja sy kesulitan kl misal saya cm makan nasi 4sendok makan,,kok ga ada pilihannya..pilihan tersedia cm nasi 1 mangkok,pdhl kl diet kita ga mungkin mkn sejumlah itu"
Pengguna Google,5,2020-03-04 11:57:14,"Membantu sekali dalam menghitung asupan kalori sehari hari, jadi gampang mengontrol makanan yang dikomsumsi agar tidak berlebihan."
Pengguna Google,5,2020-03-04 11:06:42,"Mantapp bisa mengontrol asupan harian dan mingguan. Dan menghitung karbo, protein dan lemak. Banyak temen juga buat edukasi diet biar gk Yoyo"
Pengguna Google,4,2020-03-03 18:00:52,bagus dan banyak motivasi
Pengguna Google,5,2020-03-03 17:04:49,TERIMA KASIH!!!!
Pengguna Google,5,2020-03-03 13:55:16,Coba semoga bagus 😍😘
Pengguna Google,5,2020-03-02 16:06:12,Mantul
Pengguna Google,4,2020-03-02 15:03:55,Membantu... tapi kdg masih membingungkan tp over all syuka
Pengguna Google,5,2020-03-01 15:33:18,Aplikasi gak cuma untuk diet
Pengguna Google,5,2020-02-29 18:38:26,Gokil
Pengguna Google,5,2020-02-29 10:45:21,Ngebantu dan menginspirasi
Pengguna Google,4,2020-02-29 09:06:14,"Alhamdulillah dengan menerapkan aplikasi ini, berat badan sy turun 5,5 kg selama 2 bln"
Pengguna Google,5,2020-02-29 09:01:54,Sangat membantu mengontrol kalorimu
Pengguna Google,5,2020-02-28 12:04:53,Suka
Pengguna Google,5,2020-02-28 11:59:53,Sangat membantu diet saya. Banyak ilmu juga dari tmn2 lain. Jadi dietnya kenyang terus. Ga ngerusak badan.
Pengguna Google,5,2020-02-27 17:33:58,sebagus ituuuu 💕 membantu banget pas lagi diet dan ngitungin kalori. penggunanya juga sering share motivasi dan inspirasi buat diet gituu. bikin makin semangat dietnya.
Pengguna Google,4,2020-02-27 13:22:09,Okelah...
Pengguna Google,5,2020-02-26 19:58:09,Ok sekali
Pengguna Google,5,2020-02-26 06:04:53,Sangat membantu program diet👌👌👌
Pengguna Google,5,2020-02-25 22:13:07,Thanks jadi skrng aku bisa atur pola makan ku tapi mohon di tingkat kan loe kenyamanan nya
Pengguna Google,5,2020-02-25 17:30:43,Good aplication
Pengguna Google,5,2020-02-25 13:14:27,"Alhamdulilkah MasyaaAllah banget, sangat membantu,semogah berkah Aamiin, Rekomendasi banget buat yang ingin mengatur pola makan dan buat yang pengen diet.😊Terimakasih"
Pengguna Google,5,2020-02-25 09:19:57,Love this app.
Pengguna Google,4,2020-02-24 12:17:09,Baru mulai.... kayanya lumayan... mufahn bagus aku ganti bintang 5 yes
Pengguna Google,5,2020-02-24 07:41:41,Sangat membantu dlammmm diet
Pengguna Google,5,2020-02-23 20:02:46,Makasih banyak😊😊
Pengguna Google,4,2020-02-23 19:24:58,"Suka sama aplikasinya. Tapi kalau setelah berkomentar, pasti tampilan beranda dari awal lagi. Kan jadinya harus scroll kebawah terus:( tolong diperbaiki ya. Terimakasih😊"
Pengguna Google,5,2020-02-23 18:11:21,"Sangat membantu, terimakasih🙏"
Pengguna Google,5,2020-02-23 12:34:59,Sangat membantu untuk menghitung kalori hariankuu🙏
Pengguna Google,5,2020-02-23 08:14:36,membantu..
Pengguna Google,5,2020-02-22 20:49:29,Nice!
Pengguna Google,5,2020-02-22 07:47:45,Sangat membantu
Pengguna Google,5,2020-02-22 06:28:08,Aplikasi sebagus ini semua org wajib punya... ini kereen n sangaat membantu tq FS😘😘😘
Pengguna Google,5,2020-02-21 23:10:23,kurang beragam pilihan menunya
Pengguna Google,5,2020-02-21 11:15:07,Bagus bangett.. Walaupun masih bingung cara tau penurunan grafiknya hehe.. But so far ok banget.. Terimakasih
Pengguna Google,5,2020-02-21 07:19:32,Good
Pengguna Google,5,2020-02-21 07:12:59,"Sangat bagus, sangat membantu dan mudah digunakan"
Pengguna Google,5,2020-02-20 14:12:33,"suka banget sama aplikasi ini , sangat membantuku dalam mengetahui jumlah kaloriku yang masuk perharinya , pokoknya aplikasi ini sangat membantuku untuk aku diet , terimakasih banyaaaak ♥️"
Pengguna Google,5,2020-02-20 13:06:29,Good
Pengguna Google,5,2020-02-20 12:17:15,"Bagus, Apk yg canggih."
Pengguna Google,5,2020-02-20 11:06:42,Bagus bgt..aplikasinya membantu bgt
Pengguna Google,5,2020-02-20 10:03:28,"Bermanfaat sekali, mungkin bisa ditambahkan fitur untuk mengukur body fat agar lebih maksimal lagi"
Pengguna Google,5,2020-02-20 04:39:03,Membantu banget untuk mengontrol kalori yang dimakan. Jd berat badan bisa turun dan stabil 😊
Pengguna Google,4,2020-02-19 20:21:37,Mantap
Pengguna Google,5,2020-02-19 12:02:06,Good
Pengguna Google,4,2020-02-19 10:07:18,Suka si. Good job
Pengguna Google,4,2020-02-19 08:25:56,Bergunaaa
Pengguna Google,5,2020-02-18 20:41:42,Aplikasi yang bagus banget utk kamu yang ingin melakukan diet atau menjaga pola makan yang baik.
Pengguna Google,5,2020-02-18 14:01:08,sangat membantu program diet saya
Pengguna Google,5,2020-02-17 21:20:52,Mudah dan bagus
Pengguna Google,5,2020-02-17 15:00:55,Terimakasih Telah membantu Aku dalam menghitung jumlah kalori harian ku
Pengguna Google,5,2020-02-17 13:53:34,Saran : diperbanyak jenis makanan dan minuman indonesia
Pengguna Google,5,2020-02-17 13:45:15,Amat sangat membantu. Terimakasih
Pengguna Google,4,2020-02-17 08:30:33,Memberikan kemudahan mengontrol kalori 👍🏻
Pengguna Google,5,2020-02-17 07:58:50,⭐⭐⭐⭐⭐
Pengguna Google,4,2020-02-17 06:54:13,Saya suka aplikasi ini. Tapi tolong dibuat sinkron langsung ke aplikasi mi fit dan amazfit. I love you
Pengguna Google,5,2020-02-16 22:58:21,Makasih. Mengontrol banget sih. Jadinya tau kalori yg kita makan setiap hari tidak kelebihan
Pengguna Google,5,2020-02-16 08:58:52,Bagus bgt aplikasinya
Pengguna Google,5,2020-02-15 20:15:20,Is the best 👍 sangat berguna sekali
Pengguna Google,5,2020-02-15 08:10:00,Good
Pengguna Google,5,2020-02-15 07:06:14,The best Calory counter
Pengguna Google,5,2020-02-14 09:58:36,"Keren sih ini aplikasi, cuma premiumnya murahin lagi dong"
Pengguna Google,5,2020-02-14 09:00:01,Mantappp
Pengguna Google,5,2020-02-13 08:40:18,Pertama agak susah..lama2 ternyata bisa dn membantu
Pengguna Google,5,2020-02-12 14:23:44,"Sangat membantu dalam program diet,kendalanya cmn tolong lebih di lengkapin lagi menunya thanks"
Pengguna Google,5,2020-02-12 09:42:07,Suka sama aplikasinya
Pengguna Google,3,2020-02-12 08:23:11,Tolong pakai stadar timbangan indonesia
Pengguna Google,5,2020-02-12 01:05:27,"Terbaik, hanya akunya yg masih kurang motivasi"
Pengguna Google,5,2020-02-11 19:06:03,Sangat membantu 👍
Pengguna Google,5,2020-02-11 12:27:45,Aplikasi terbaik buat orang program diet
Pengguna Google,5,2020-02-11 11:05:02,"Terimakasih sudah membantu memanage semua makanan dan kebutuhan kaloriku serta mengingat batasan2 yang harus saya disiplinkan. Yang saya dapat pelajari adalah bahwa diet bukan musiman, diet adalah cara hidup sehat dan berlatih agar tidak berlebihan. Cintai kulitmu, pembulu darah mu, lapisan kulitmu, semuanya agar tetap sehat."
Pengguna Google,5,2020-02-11 10:02:47,Sangat senang bertemu denganmu (bc: fatsecret)
Pengguna Google,5,2020-02-10 19:46:32,Keren banget
Pengguna Google,5,2020-02-10 18:40:36,Bagusss
Pengguna Google,5,2020-02-10 15:16:41,Membantu banget utk program diet
Pengguna Google,4,2020-02-10 14:32:53,Semoga goals ku tercapai
Pengguna Google,5,2020-02-10 12:52:49,Bagusss... Dan membantu
Pengguna Google,4,2020-02-10 12:29:16,"Karna app ini aku bisa mengontrol makan ku, jd penyemangat diet tp sayang ada yg saya makan tidak tau namanya 😂😂😂"
Pengguna Google,5,2020-02-10 10:44:02,Sangat membantu dalam mengontrol asupan makanan
Pengguna Google,5,2020-02-10 09:37:41,Bagus tapi kalori makanannya kurang lengkap
Pengguna Google,5,2020-02-10 07:32:37,"Membantu bgt buat orang2 yg pgn kurus dan berasa tiap hari diawasi Dokter gizi selalu. Dan saat udah mulai goyang niat dietnya, eh lihat semangat dari tmn2 yg malah membangkitkan smngat lagi"
Pengguna Google,4,2020-02-09 14:46:24,"Lumayan, lebih baik kalau setelah mengubah timbangan, hitungan kalori perhari nya bisa lgsg disesuaikan"
Pengguna Google,5,2020-02-08 20:19:23,"Mantap, saya nyaman dengan apps ini, tapi ada beberapa jenis makanan yang harus diperbarui, dan ada juga beberapa makan yg nutrition fact nya ada sedikit kesalahan mohon di cek ya para developer, overall good and i enjoy it, thanks a lot fat secret."
Pengguna Google,5,2020-02-08 18:56:41,Cara menghilangkan berat badan secara efektif dan sehat
Pengguna Google,5,2020-02-08 08:44:23,"Mempermudah menghitung kalori, dan ada catatan kg berat badan"
Pengguna Google,5,2020-02-08 05:58:53,"Mantap jadi tau kebutuhan kalori harian,, udah 2 bulan bisa turunin 5 kg"
Pengguna Google,5,2020-02-07 23:14:59,Mantul
Pengguna Google,5,2020-02-07 21:54:42,"Membantu saya dalam ngetrack makanan yg dimakan selama ini. Jadi makan lebih terkontrol. Lebih jauh, di FS ini ada komunitas positif yg saling membantu dan menyemangati untuk menuju goals hidup lebih sehat. Thanks FS 💪😊"
Pengguna Google,5,2020-02-07 20:18:37,Simple lah untuk aku yg pemula di bidang olahraga. Dan aku baru tau kalo mie sedap soto kalorinya lebih gede nimbang nasi padang...🍜>🍛 🤪 Mungkin kalo terus di perbaharui lebih keren..👍 Ikutin aja dulu...🙏
Pengguna Google,3,2020-02-07 18:39:23,"Coba dulu min, saya kasih bintang 3.. ntar kalo berat badan saya naik seperti yang saya inginkan saya buat 5 bintang😀"
Pengguna Google,1,2020-02-07 15:14:25,Mba ko ga ada saran buat gemuk sih mbak saran buat gemuknya mana
Pengguna Google,5,2020-02-06 23:06:04,Sangat membantu
Pengguna Google,3,2020-02-06 19:49:14,setelah di perbaharui aplikasi sering macet dan gak bisa di buka
Pengguna Google,5,2020-02-06 08:04:53,Aplikasi yg sangat berguna.
Pengguna Google,5,2020-02-06 07:27:17,Membantu kuu💕💕
Pengguna Google,5,2020-02-05 21:42:30,Sangat membantu
Pengguna Google,5,2020-02-05 06:50:12,Enak bgt pke apl ini .. Bisa kontrol kalori yg masuk . lngkap deh pokoknya . mekski prnah kecewa gara2 gk bisa di buka seharian 😂 tapi apl ini wmang the best 👍
Pengguna Google,5,2020-02-04 15:58:10,Sangat membantu mengontrol jumlah kalori yang dikonsumsi.
Pengguna Google,5,2020-02-04 15:06:00,Sangat membantu..tapi kuncinya konsistensi diri sendiri
Pengguna Google,5,2020-02-04 14:15:42,"Bagus banget aplikasi ini, aku udah gabung dari tahun 2017 dan masih setia pakai ini.. tapi aku lebih suka fitur di websitenya.. jadi kalo bisa update fitur di apk seperti di website, seperti mengganti foto profil, bio dan lainya💙💙"
Pengguna Google,5,2020-02-04 13:50:47,Good
Pengguna Google,5,2020-02-04 07:45:08,Very helpful to maintaining calories intake
Pengguna Google,2,2020-02-03 11:44:44,Masih baru di coba
Pengguna Google,5,2020-02-03 09:44:06,"Good, update terus makanan2 khas indonesia,sangat membantu, dan untuk counting kalori, mohon di update"
Pengguna Google,5,2020-02-03 09:06:17,Terimakasih fat secret
Pengguna Google,5,2020-02-03 08:35:09,Recommended Apps. Bagus dan bermanfaat
Pengguna Google,5,2020-02-03 03:15:52,Great aplications ....kita bisa mengontrol semua makanan berapa kalorinya diet jadi terasa lebih mudah👍
Pengguna Google,4,2020-02-03 01:18:20,Sangat bermanfaat dan membantu
Pengguna Google,5,2020-02-02 18:19:10,Aplikasi bagus banget buat penunjang diet
Pengguna Google,5,2020-02-02 08:20:49,"Alhamdulillah sy sangat bersyukur dgn adax aplikasi fatsecret ini , sy bisa menurunkan bb sy dlm waktu 1 bln dari 56 kg - 50 kg Terim ksh fatsecret dan semoga aplikasi lbh lengkap lg 😉"
Pengguna Google,4,2020-02-02 06:46:31,"Lengkapi jenis olahraga dan kalori yg dibakar, pasti lebih mantap. Sinkronisasi dengan Garmin connect??"
Pengguna Google,5,2020-02-02 01:22:22,sangat membantu
Pengguna Google,5,2020-02-01 08:24:34,Membantu banget dalam hal belanja nutrisi
Pengguna Google,4,2020-02-01 06:19:27,Tolong tambahkan lagi database makananya seperti. Selain itu sudah mantap
Pengguna Google,5,2020-01-31 13:11:21,"Alhamdulillah,, bisa atur Kalori yang di makan,, Sangat2 terbantu,, makasih😍😍😍"
Pengguna Google,2,2020-01-31 09:31:11,ALWAYS GO BACK TO UP AFTER SCROLLING DOWN. PLEASE FIXXXXX ITTTTTT IM TIRED
Pengguna Google,5,2020-01-31 06:38:40,Mantap
Pengguna Google,5,2020-01-31 06:29:08,Sangat membantu buat nurunin berat badan dg tetap sehat 😁👍👍👍👍👍
Pengguna Google,5,2020-01-31 06:01:44,Sangat membantu...
Pengguna Google,4,2020-01-30 11:19:45,"Bagus buat ngitunh kalori yang masuk ke dalam tubuh, jadi bisa jaga"" buat diet"
Pengguna Google,4,2020-01-29 16:50:52,Mantabbbbbbb
Pengguna Google,5,2020-01-29 13:12:18,Aplikasinya sangat membantu untuk setidaknya kita tidak kelebihan kalori perhari..mantap karna aplikasi ini sy berhasil memangkas lemak yg cukup banyak
Pengguna Google,5,2020-01-29 05:56:51,Sangat membantu penurunan berat badan ku
Pengguna Google,5,2020-01-28 21:45:43,"Membantu banget program diet kuuu, sejauh ini sudah turun 5kg dalam sebulan berkat bantuan fatsecret karena aku bisa kontrol asupan kalori dan juga bisa konek ke samsung health/google fit jadi tau kalori dari gerak ku sejari itu berapa terbakarny. Love bangettttt. Kalau ada bintang 10 mungkin akan ku kasih semua ya🤭"
Pengguna Google,5,2020-01-28 16:53:20,Josss
Pengguna Google,5,2020-01-28 11:43:16,Mantaafffff
Pengguna Google,5,2020-01-28 09:12:33,Membantu mengontrol pola makan Mantull
Pengguna Google,5,2020-01-27 17:54:18,Aplikasi yang sangat bagus untuk program diet
Pengguna Google,5,2020-01-27 08:42:53,Mantap
Pengguna Google,5,2020-01-27 08:06:11,Membantu bgt
Pengguna Google,5,2020-01-26 19:46:06,saya akan tambahkan lagi bintangnya
Pengguna Google,5,2020-01-26 09:30:46,Cukup membantu
Pengguna Google,5,2020-01-26 08:46:54,Aplikasi ini membuat saya lebih repat mengurangi berat badan
Pengguna Google,5,2020-01-26 06:23:18,Terimakasih Fat Secret !
Pengguna Google,5,2020-01-24 09:01:07,"Tolong upgrade supaya ketika kita kembali setelah komentar/lihat postingan teman, tidak.kembali ke beranda atas sendiri, jadi capek scroll ke bawah lagi, dan bikin lebih sederhana ketika kita bisa upload foto makanan hari itu dan muncul di beranda kita"
Pengguna Google,5,2020-01-23 10:42:14,Suka dg app ini... Bisa mengira2 kalori perhari nya. Jadi berat badan turun deh
Pengguna Google,5,2020-01-23 09:54:20,Membantu sekali buat yg mau njaga kalori yg masuk k tubuh
Pengguna Google,5,2020-01-23 07:37:23,Sangat sangat membantu dalam diet defisit kalori...
Pengguna Google,4,2020-01-23 06:36:39,Cukup bgus buat sya mngontrol pola asupan mkanan
Pengguna Google,5,2020-01-22 22:07:01,Iam very like
Pengguna Google,5,2020-01-22 18:07:48,Sangat membantu 😀
Pengguna Google,5,2020-01-21 22:50:53,Ok
Pengguna Google,5,2020-01-21 20:23:01,"Bagus, cukup membantu"
Pengguna Google,5,2020-01-21 17:57:55,"Sangat membantu, saya jadi tau makanan yang baik untuk saya.. pokoknya ini aplikasi recommended banget, terimakasih fatsecret"
Pengguna Google,4,2020-01-21 16:17:02,semoga lebih diperbanyak jenis makanan-makanan dan kalorinya berapa biar enak kalau ngitungnya
Pengguna Google,5,2020-01-21 12:09:41,Good
Pengguna Google,3,2020-01-20 11:44:25,Gimna si kalau ganti hp catatan yg kemarin2 hilang pdhl ya dgn akun yang sama🙄
Pengguna Google,5,2020-01-20 08:33:58,Sangat membantu jaga asupan kalori
Pengguna Google,5,2020-01-19 22:57:08,Mantap
Pengguna Google,4,2020-01-19 19:15:17,"Cukup berguna, terima kasih"
Pengguna Google,5,2020-01-19 14:10:50,"Tolong lebih banyak pilihan makanan lagi, kadang di daftar tidak ada"
Pengguna Google,5,2020-01-19 09:43:18,"please check again, aplication don't open, always failed"
Pengguna Google,5,2020-01-19 09:21:26,Sgt membantu dlm proses diet saya
Pengguna Google,5,2020-01-19 08:50:46,Aplikasi yg sangat membantu untuk mengontrol kalori setiap harii..sukaaaa
Pengguna Google,3,2020-01-19 08:18:41,why can't it be opened? I've tried deleting data but it still can't be opened until now
Pengguna Google,2,2020-01-19 07:43:27,tiba-tiba stag d logo lagi dan lagi udah bisa gitu lagi padahal aplikasinya lengkap dan bagus banget sih menurutku aku suka
Pengguna Google,2,2020-01-19 07:09:40,"Pertama kali install bisa dibuka, habis itu gagal terus membuka aplikasi. Bahkan sudah uninstall, kemudian install lagi tetep gak bisa dibuka."
Pengguna Google,5,2020-01-18 13:08:47,sangat sangat membantu.
Pengguna Google,5,2020-01-18 05:12:19,Sangat membantu dalam program hidup sehat
Pengguna Google,5,2020-01-17 21:04:00,Ok
Pengguna Google,4,2020-01-17 16:37:56,"Aplikasi mantap untuk diet, sebaiknya dikembangkan lagi dan di carikan jalan keluar terkait susahnya memprediksi berat makanan yang tidak ditimbang"
Pengguna Google,3,2020-01-16 21:01:22,"Sayangnya masih banyak menu makanan yg blm masuk daftar, cth nasi padang"
Pengguna Google,5,2020-01-16 19:33:01,Sangat membantu
Pengguna Google,5,2020-01-16 19:19:45,Mantab
Pengguna Google,5,2020-01-16 13:24:40,Good
Pengguna Google,5,2020-01-16 11:16:39,Recommended
Pengguna Google,5,2020-01-15 19:53:47,sukaaaaaa
Pengguna Google,5,2020-01-15 18:12:43,Mantap bs mengontrol kalori yg masuk
Pengguna Google,5,2020-01-15 16:01:26,good
Pengguna Google,5,2020-01-15 14:29:54,Sangat membantu penurunan berat badan Saya 10 hari turun 3 kg
Pengguna Google,5,2020-01-15 10:51:52,Sangat membantu untuk menghitung jumlah kalori yg masuk 👍
Pengguna Google,5,2020-01-15 05:48:08,"Terbantu sekali dg adanya fs, bisa hitung kalori harian tanpa ragu2 lagi, thanks"
Pengguna Google,5,2020-01-14 20:29:19,Aplikasi yang bagus untuk self control👍
Pengguna Google,5,2020-01-14 13:29:35,"Dengan aplikasi ini jadi tau defisit kalori, kalo bisa nasi itu ada yg ukuran gram2an jd gak 1 mangkok gtu hehehehe"
Pengguna Google,5,2020-01-13 23:09:26,Baru banget tau fs dan masih sedikit belum ngerti cara penggunaannya untuk nurunin BB tapi sejauh ini app ini sungguh2 bermanfaat untuk pejuang pola hidup sehat.
Pengguna Google,4,2020-01-13 20:49:29,"Sangat membantu penghitungan kalori,cocok untuk yang sedang proses mengatur pola makan. Note:ada beberapa menu yg belum terdaftar pada calories calculator. Keep going!"
Pengguna Google,5,2020-01-13 20:44:03,Awalnya ga percaya masa iya ikutin saran makan aplikasi doank bs nurunin berat badan. Tp ternyata hasilnya lgsg kliatan selama seminggu. Sudah 1 bulan lbh senang program diet lancar di awasin sama fatsecret. Sangat membantu pokoknya
Pengguna Google,5,2020-01-13 17:33:03,Good
Pengguna Google,4,2020-01-13 06:18:07,"Sangat membantu, tp kurang lengkap daftar makanannya"
Pengguna Google,5,2020-01-13 05:37:27,Aplikasi yang sangat membantu sekali
Pengguna Google,5,2020-01-12 11:04:32,Keren
Pengguna Google,5,2020-01-12 06:38:42,Bagus
Pengguna Google,5,2020-01-11 19:39:42,Membantu banget buat ngitung kalori
Pengguna Google,5,2020-01-11 15:13:25,👍
Pengguna Google,4,2020-01-11 13:05:57,Sangat membantu untuk program penurunan berat badan. Thanks
Pengguna Google,5,2020-01-10 13:49:42,"Detail banget, mempermudah aku mengontrol asupanku dan berat badanku.. ❤"
Pengguna Google,5,2020-01-10 10:54:58,Luv this app🥰🥰
Pengguna Google,5,2020-01-10 09:08:10,Bagus banget aku.pake ini bisa.Turun berat badan 3kg seminggu
Pengguna Google,5,2020-01-10 08:43:48,😘
Pengguna Google,5,2020-01-10 06:07:58,"Sangat membantu, terima kasih"
Pengguna Google,5,2020-01-09 20:47:07,Suka banget sih soalnya mempermudah saat makan di luar dan pengen tau kalaorinya berapa
Pengguna Google,5,2020-01-09 14:28:31,Bagus banget sangat membantu saya yg ingin turun BB buat hitung kalori dan banyak juga temen2 yg lagi sama berjuang 👍👍
Pengguna Google,5,2020-01-09 10:16:46,Helpfull
Pengguna Google,5,2020-01-09 10:01:39,Ok
Pengguna Google,5,2020-01-09 10:01:15,Suka
Pengguna Google,5,2020-01-08 23:03:58,"Puas, banyak testimoni dari kawan yg sudah sukses jdi termotivasi"
Pengguna Google,4,2020-01-08 19:09:13,Bagus eh..bisa nhitung kalori makanan kita
Pengguna Google,5,2020-01-08 17:50:58,Lebih paham cara diet kurang kalori
Pengguna Google,5,2020-01-08 17:23:06,Sangat membantu
Pengguna Google,5,2020-01-08 15:35:50,Bagus banget lah gak guna kata kata dekskripsinya. Donwload aja langsung
Pengguna Google,5,2020-01-08 11:36:28,😊😊
Pengguna Google,5,2020-01-07 22:29:24,Baguss bikin kurus
Pengguna Google,5,2020-01-07 20:20:53,Buat panduan total kalori harian
Pengguna Google,5,2020-01-07 08:47:04,Lumayan turun 6 kilo dalam 1 bulan
Pengguna Google,5,2020-01-07 05:17:19,Ok
Pengguna Google,5,2020-01-07 04:29:38,sangat bermanfaat
Pengguna Google,5,2020-01-06 17:43:15,"This app helping me to diet, thankyou"
Pengguna Google,5,2020-01-06 12:51:50,Membantu mengatur pola makan saya
Pengguna Google,5,2020-01-06 12:43:49,Sangat membantu
Pengguna Google,5,2020-01-06 10:10:58,Terima kasih Fat secret. Sudah bantu program diet aku setiap hari 😘😘😘
Pengguna Google,5,2020-01-06 07:43:56,"Aplikasi ini bagus banget dan berguna banget.., jadi disini kita bisa ngitung kalori yang masuk dri apa yang kita makan, trs ngitung kalori yang keluar dari kegiatan yg kita lakuin. Tapi itu, masih ada makanan yang nggak ada di sini, masih kurang lengkap. Kalo bisa sih, tolong di lengkapin."
Pengguna Google,5,2020-01-06 06:24:10,Great
Pengguna Google,5,2020-01-06 03:47:29,aplikasinya sangat membantu
Pengguna Google,5,2020-01-05 19:50:08,Seneng banget dietnya bisa terbantu berkat fat secret
Pengguna Google,5,2020-01-05 16:33:41,good
Pengguna Google,5,2020-01-05 09:37:56,ok
Pengguna Google,5,2020-01-04 17:13:44,bagus bgt
Pengguna Google,5,2020-01-04 15:21:32,Happy banget nemu aplikasi ini. Bisa kontrol kalori dan aktivitas. Search makanan juga beragam kok lengkap deh pokoknya 😍😍
Pengguna Google,5,2020-01-04 09:53:10,Aplikasi yang sangat membantu menjaga pola makan dan hidup sehat..
Pengguna Google,5,2020-01-04 08:49:19,Sangat membantu untuk saya tau porsi makan sehari dan memulia semangat diet..
Pengguna Google,5,2020-01-04 08:38:40,Aplikasi yang sangat luar biasa ..mantap bgt dah
Pengguna Google,5,2020-01-04 06:26:12,Bisa jadi panduang untuk menjaga asupan kalori yang masuk ke tubuh. Keren
Pengguna Google,5,2020-01-03 21:59:47,Aplikasi ini sangat bagus untuk menghitung gizi dari makanan yang kita makan. Perbanyak menu dan satuan porsinya ya. Terima kasih.
Pengguna Google,5,2020-01-03 21:07:18,Suka banget
Pengguna Google,5,2020-01-03 17:22:07,Membantu saat diet
Pengguna Google,5,2020-01-03 09:00:23,Aplikasi keren
Pengguna Google,5,2020-01-02 22:41:12,Sangat Membantu utk kontrol makan
Pengguna Google,5,2020-01-02 16:42:27,Sangat membantu sekali ya...semoga g stress kalo bb stuck
Pengguna Google,4,2020-01-02 13:38:54,Yaaa..lumayan bisa ngitung kalori yg kita makan..jd bisa ngerem...tp sering juga kalap.. Haha G semua makanan yg blm masuk k fatsecret.jd kadang bingung masukin makanan apa..
Pengguna Google,4,2020-01-02 12:57:47,Fitur sama cara pakai mudah dan simpel. Overall bagus cuman kurang lengkap aja
Pengguna Google,5,2020-01-02 12:20:14,Aplikasi yg sgt bgs
Pengguna Google,4,2020-01-02 09:01:49,Bagus.... Banget bisa kontrol kalori dan kegiatan sehari 2.....cuma masih ada makanan yg nggak ada pilihan input nya..... Tolong di tambahkan banyak pilihan lagi.... Terutama makanan tradisional.......... Dan juga biaya buat bisa ngitungin konsumsi air sama perencanaan makanan nya terlalu mahal....
Pengguna Google,5,2020-01-01 11:28:32,Mantul
Pengguna Google,5,2020-01-01 10:03:08,Good
Pengguna Google,3,2019-12-31 21:01:44,apakah aplikasi ini bayar ?
Pengguna Google,5,2019-12-31 14:45:22,Berterima kasih banyak buat pencipta Aplikasi FatSecret ... Benar - benar jadi pengontrol sekaligus motivator buat kami para pejuang diet. Love you so much FatSecret
Pengguna Google,5,2019-12-31 13:26:34,"Terimakasih banyak, berkat aplikasi ini dietku lebih efektif , bb turun 8kg 1 bln, dan tentunya jadi ketemu banyak teman* seperjuangan yg bisa di ajak shering bareng.. mkasih dan sangat bermanfaat"
Pengguna Google,5,2019-12-30 22:54:05,♥️
Pengguna Google,5,2019-12-30 15:09:56,Sukses utm kontrol berat badan. Thx
Pengguna Google,5,2019-12-30 06:18:46,Sangat membantu saya
Pengguna Google,3,2019-12-30 06:12:47,Aplikasinya sudah lumayan . Tp mohon cantumkan juga daftar Kalori yang terbuang akibat aktivitas seks suami istri . Atau yg biasa disebut ngentot . Trm ksh
Pengguna Google,5,2019-12-29 21:54:03,Suka sekali sama aplikasi ini ! Benar² membantu-ku dalam menentukan pola makan yang sehat 😋
Pengguna Google,5,2019-12-29 21:18:24,Mantap
Pengguna Google,3,2019-12-29 18:07:00,Ok
Pengguna Google,5,2019-12-29 17:57:50,Sangat membantu program diet...
Pengguna Google,5,2019-12-28 10:59:34,Aplika syg membantu banget.. skrg bisa turun 9kg 🖒🖒
Pengguna Google,5,2019-12-28 08:31:37,Pake bantuan aplikasi ini saya turun 20kg selama 7bulan.. terima kasih fatsecret
Pengguna Google,3,2019-12-27 19:18:52,"Actually it's helpful app. The drawback I got just because the language it uses is following the smartphone's language setting. For me, it would be more useful and helpful as its purposes if there is language setting in app itself instead of following the smartphone's setting. Not that I have trouble with english as I always have my smartphone in english. But when it comes to inputting food in app it's become very hard, as there are many local food I consumed. Please consider. Thank you."
Pengguna Google,5,2019-12-27 15:20:31,bagus banged
Pengguna Google,5,2019-12-27 07:54:03,Ok bgt
Pengguna Google,5,2019-12-27 06:48:22,"Aplikasi yang keren.., aku berhasil diet dengan bantuan perhitungan kalori dari fat secret"
Pengguna Google,5,2019-12-26 12:53:08,Keren
Pengguna Google,5,2019-12-26 11:27:48,"Aplikasi yg banyak manfaatnya, udh gitu yg punya apk Gk pelit..di boleh in make aplikasi ini tanpa bayar"
Pengguna Google,5,2019-12-26 05:56:55,jadi lebih mudah ngatur pola makan
Pengguna Google,4,2019-12-25 23:15:15,"Bagus sih buat ngitungin kalori, membantu sekali. Hanya saja utk beberapa makanan belum tersedia dan belum begitu akurat. But its okay."
Pengguna Google,5,2019-12-25 21:22:52,Sangat memotivasi dan memudahkan untuk turunkan berat badan
Pengguna Google,5,2019-12-25 08:49:17,Membantu dalam menghitung daily calori intake
Pengguna Google,5,2019-12-24 22:13:48,"Berkat aplikasi ini saya tahu berapa Goals Kalori Harian saya ketika sedang Program Diet saya, Thank!!,"
Pengguna Google,5,2019-12-24 21:18:08,Awesome
Pengguna Google,5,2019-12-24 20:56:14,"Membantu mengontrol asupan kalori, makro nutrient dan nutrisi"
Pengguna Google,5,2019-12-23 20:40:45,Bagus
Pengguna Google,5,2019-12-23 08:03:45,FatSecret perlahan tapi pasti dlm hal menurunkan berat badan saya...
Pengguna Google,5,2019-12-22 22:50:16,Sgt bermanfaat dn membntu bgt..
Pengguna Google,4,2019-12-22 11:05:33,👍👍👍👍
Pengguna Google,5,2019-12-22 07:04:30,Bagus akurat
Pengguna Google,5,2019-12-21 17:30:17,Sangat bermanfaat
Pengguna Google,1,2019-12-21 17:11:48,Knp gk bisa dibuka lg?
Pengguna Google,5,2019-12-21 07:31:00,Bermanfaat sekali
Pengguna Google,3,2019-12-20 20:38:21,"Tidak bisa log-in, padahal sinyal sudah bagus"
Pengguna Google,4,2019-12-19 18:00:09,Good
Pengguna Google,3,2019-12-19 15:20:13,Sangat membantu
Pengguna Google,5,2019-12-19 15:11:59,sangat membantu
Pengguna Google,5,2019-12-18 19:34:30,👍👍👍👍
Pengguna Google,5,2019-12-18 14:49:22,Terimakasih FS.. Sangat membantu
Pengguna Google,5,2019-12-18 13:52:23,"Sangat membantu dalam menghitung kalori yang dimakan setiap harinya, dan saya pun biaa mengatur pola makan dengan baik serta diet dengan sehat."
Pengguna Google,5,2019-12-18 08:37:50,👌binggit
Pengguna Google,5,2019-12-18 08:17:29,Nice
Pengguna Google,5,2019-12-18 06:16:55,"Terimakasih banyak fatsecret , sangat berguna dan bermanfaaat untuk saya saat menjalankan diet, dengan fatsecret bisa tau kalori kalori makanan dan tercatat dengan baik."
Pengguna Google,5,2019-12-17 12:40:16,Wow
Pengguna Google,4,2019-12-17 12:33:54,"Menyenangkan pakai aplikasi fatsecret... Membantu mengelola jumlah kalori yg masuk tubuh dan sangat membantu dlm diet... Cuma ada beberapa makanan yang blm masuk misalnya lemak daging sapi, ikan gindara dll..."
Pengguna Google,5,2019-12-17 12:11:44,Membantu sekali dalam menghitung jumlah kalori harian. Apalagi untuk yg lagi defisit kalori
Pengguna Google,5,2019-12-17 08:26:52,An app that gives me control...thanks
Pengguna Google,4,2019-12-17 08:16:28,Sangat membantu diet
Pengguna Google,5,2019-12-17 08:10:42,Sangat membantu untuk penghitungan kalori
Pengguna Google,5,2019-12-17 06:59:33,"Aplikasi bagus. Cuma pembagian jenis makanan yg di-input ke laporan makannya kurang lengkap yaa, apalagi untuk jenis makanan Indonesia."
Pengguna Google,5,2019-12-16 20:10:49,Bagus
Pengguna Google,5,2019-12-16 19:27:24,Sangat membantu dalam proses diet
Pengguna Google,5,2019-12-16 18:08:26,Mudah diopersikan dan sangat membantu dalam track calory makasihh
Pengguna Google,2,2019-12-16 17:39:37,Apknya gak bisa di buka
Pengguna Google,5,2019-12-16 08:49:25,Sangat membantu mengontrol makanan
Pengguna Google,5,2019-12-15 22:29:05,Baguss
Pengguna Google,5,2019-12-14 18:40:19,"Kereen bangett, gw bisa memanagement dan membantu dalam progam diet"
Pengguna Google,5,2019-12-14 17:51:00,Sangat membantu Brkat aplikasi ini saya jadi bsa kontrol kbutuhan nutrisi harian tanpa harus tersiksa dengan diet 😊
Pengguna Google,5,2019-12-14 16:56:25,Bagus
Pengguna Google,1,2019-12-14 13:50:35,Kenapa ga bisa dibuka😔😔😔😔
Pengguna Google,5,2019-12-14 07:36:02,Membantu mengontrol makan thanks
Pengguna Google,5,2019-12-13 21:43:53,Aplikasi yg cukup simpel menurut saya. Bisa membantu menghitung kebutuhan kalori sesuai tujuan mau pengurangan atau penambahan berat badan. Sangat membantu dalam menghitung jumlah kalori sehari2. Kekurangan nya ada beberapa menu makanan yg blm ada di dalam database. Tp sejauh ini ok lah. Good aplikasi..
Pengguna Google,5,2019-12-13 18:35:55,Aku suka aplikasinya karena sangat membantu sekali dalam mengontrol asupan makanan sehari-hari
Pengguna Google,4,2019-12-13 15:45:36,Suka bgt sm apk ini 😍😍😍
Pengguna Google,5,2019-12-13 14:59:38,Sangat membantu
Pengguna Google,4,2019-12-13 11:20:18,"Tambahin ukuranya dong...kayak berapa sendok,,,? susah soalnya kalok ngak punya timbangan makanan:)"
Pengguna Google,4,2019-12-11 18:48:46,"Dengan aplikasi ini makan jadi lebih terkontrol, banyak termotivasi dari orang2 penggiat diet sehat juga, jadi makin semangat untuk hidup sehat"
Pengguna Google,5,2019-12-11 15:25:53,"Applikasi ini sangat membantu program diet saya selama 3 bulan inin, thx bgt"
Pengguna Google,5,2019-12-11 07:52:04,Membantu banget
Pengguna Google,5,2019-12-11 07:31:36,❤
Pengguna Google,5,2019-12-11 06:27:18,Nice
Pengguna Google,5,2019-12-10 16:42:42,Nice app
Pengguna Google,1,2019-12-10 15:10:34,"This app so bad,, the signal is good but it can't use like it's so,, please fix it soon"
Pengguna Google,2,2019-12-10 11:25:15,"Padahal saya tulis menggemukkan ehh ujung ujung nya ada tulisan konsultasi sebelum diettt,huuuuhh tolol lu"
Pengguna Google,5,2019-12-10 06:05:09,"Sangat membantu dalam program menurunkan berat badan, terimkasih..."
Pengguna Google,2,2019-12-09 22:42:35,"Mudah eror, tidak bisa di gunakan kenapa ya?"
Pengguna Google,1,2019-12-09 22:18:11,Why does this application not open? even though my network is good
Pengguna Google,5,2019-12-09 22:15:17,Berhasil turun 7 Kg 💪
Pengguna Google,1,2019-12-09 21:41:56,Download apl-dibuka gk bisa- restart hp (berharap bisa dibuka stelah direstart)-buka lg dan msh gk bisa😑 Aq uninstal trs donlot lg ttep gk bisa dibuka😖
Pengguna Google,1,2019-12-09 18:21:33,Aplikasinya gak bisa dibuka
Pengguna Google,5,2019-12-09 11:21:00,Good aplication
Pengguna Google,5,2019-12-09 09:47:09,"Bagus , baik dan bermanfaat, karena bisa mengontrol apa aja yg kita makan"
Pengguna Google,5,2019-12-09 08:38:35,Bagus
Pengguna Google,5,2019-12-09 07:44:39,Akhirnya terkendali . Tks
Pengguna Google,5,2019-12-09 06:50:45,Sangat membantu sekali
Pengguna Google,5,2019-12-08 23:36:52,Mudah digunakan... Mengingatkan untuk hidup sehat
Pengguna Google,5,2019-12-08 13:58:30,Puas
Pengguna Google,5,2019-12-08 13:24:14,Sangat membantu
Pengguna Google,5,2019-12-08 11:26:10,"seneweewng, udah turun 4kg dalam 2 minggu tp tetep bisa makan enak"
Pengguna Google,5,2019-12-08 10:00:15,Makasih for this great app.
Pengguna Google,5,2019-12-07 10:36:40,Sangat membantu bagi saya Mskih
Pengguna Google,5,2019-12-07 09:31:29,program yg bagus untuk mengukur kalori dan diet mnjadi lancar
Pengguna Google,5,2019-12-07 09:17:32,Help me to manage my diet and exercise program
Pengguna Google,5,2019-12-06 14:55:04,👍👍
Pengguna Google,5,2019-12-06 09:15:51,Aplikasi in membantu saya menghitung kalori makan dengan baik
Pengguna Google,5,2019-12-06 07:45:46,sangat membantu 😍
Pengguna Google,5,2019-12-06 07:14:52,Sangat membantu program penurunan berat badan saya
Pengguna Google,5,2019-12-05 23:38:30,Membantu memantau jumlah kalori
Pengguna Google,5,2019-12-05 16:24:52,Ok
Pengguna Google,5,2019-12-05 16:05:27,Mudah dan sangat membantu
Pengguna Google,5,2019-12-05 12:34:18,"Sangat membantu,terima kasih"
Pengguna Google,5,2019-12-05 10:45:00,cukup membantu proses diet saya
Pengguna Google,5,2019-12-05 06:58:05,"Bagus banget, aplikasi yang bisa mengontrol asupan kalori kita,n nmbh semangat untuk hidup sehat"
Pengguna Google,5,2019-12-05 05:57:29,"Sangat bermanfaat dan mudah digunakan, terima kasih fat secret"
Pengguna Google,5,2019-12-04 18:12:17,Sangat sangat membantu skali.. thank you
Pengguna Google,5,2019-12-04 16:10:59,Aplikasi yang sangat membantu
Pengguna Google,4,2019-12-04 10:43:20,Bagus
Pengguna Google,4,2019-12-04 08:16:56,Aplikasi positif & bagus. Tingkatkan tampilan pada upload foto & tag nama seseorang yang bisa link ke notifikasi bagi yg di tag
Pengguna Google,5,2019-12-04 07:15:50,Sangat membantu dan mudah digunakan
Pengguna Google,4,2019-12-03 21:08:10,"Sangat membantu diet sy,trmksh😊"
Pengguna Google,5,2019-12-03 19:28:30,Dari dulu panduan diet paling real
Pengguna Google,5,2019-12-03 14:17:37,Jadi lebih teratur setiap makan
Pengguna Google,5,2019-12-03 13:53:46,mntap
Pengguna Google,5,2019-12-03 07:51:27,Mantullll
Pengguna Google,5,2019-12-03 06:54:01,Very good 👍
Pengguna Google,4,2019-12-03 05:33:45,Mudah digunakan
Pengguna Google,5,2019-12-03 00:12:43,Jadi tau kalori harian
Pengguna Google,5,2019-12-02 15:48:53,Sangat membantu sekali untuk program diet
Pengguna Google,4,2019-12-02 11:23:19,Bisa membantu
Pengguna Google,5,2019-12-02 08:54:40,"I didn't find ""change language"" option. If there any, then where is it?"
Pengguna Google,5,2019-12-02 08:28:41,Bagus...evaluasi bs tiap hari
Pengguna Google,1,2019-12-01 17:53:04,Ga bisa di akses
Pengguna Google,5,2019-12-01 13:48:47,Nambah pengetahuan
Pengguna Google,5,2019-12-01 11:00:31,Sukaa banget kaloriku jadi terkontrol
Pengguna Google,1,2019-12-01 07:53:54,Tidak suka
Pengguna Google,5,2019-12-01 06:45:24,Sangat membantu
Pengguna Google,5,2019-11-30 20:56:13,"Ok, lumayan namun banyak jenis makanan yg kurang update"
Pengguna Google,5,2019-11-30 10:39:05,membantu mengontrol asupan makanan
Pengguna Google,5,2019-11-30 10:32:11,luar biasa
Pengguna Google,5,2019-11-30 09:27:07,Kerenlah pokoknya
Pengguna Google,5,2019-11-29 22:26:39,Doakan diet ku sukses 💪💪💪
Pengguna Google,5,2019-11-29 17:54:49,Menyenangkan...
Pengguna Google,5,2019-11-29 17:41:17,Oke
Pengguna Google,5,2019-11-29 16:35:02,Sangat membantu ^^
Pengguna Google,5,2019-11-29 12:53:34,Mantap bgt apps ini. Bisa nge track jumlah konsumsi kalori setiap hari. Detai bgt sampai makro/mikro nutrisinya juga dijabarkan. Mantap bgt pokonya.
Pengguna Google,5,2019-11-29 08:57:00,Sangat bergua untuk program diet saya
Pengguna Google,5,2019-11-28 21:08:01,Good
Pengguna Google,4,2019-11-28 16:49:52,Cukup membantu🙏🏻
Pengguna Google,5,2019-11-28 12:44:10,good
Pengguna Google,5,2019-11-28 10:07:38,Ok
Pengguna Google,5,2019-11-28 10:06:31,Sangat membantu dalam menghitung kalori harian dan diet saya.
Pengguna Google,4,2019-11-27 16:27:45,Aplikasi ini membantu banget buat saya jaga kalori masuk... Sehingga bisa memantau diet saya... Recommended bgt buat yg lagi diet... Terimakasih kepada orang yang uda bikin aplikasi fs
Pengguna Google,5,2019-11-27 13:23:22,Sangat membantu 👍
Pengguna Google,5,2019-11-27 13:21:02,Naisuuuu
Pengguna Google,5,2019-11-27 10:59:22,Nice
Pengguna Google,5,2019-11-27 08:44:58,App yg bagus buat ngontrol BB
Pengguna Google,5,2019-11-27 06:29:43,mantap
Pengguna Google,5,2019-11-26 19:45:25,Masih terus belajar..mantap
Pengguna Google,5,2019-11-26 19:07:40,Memberi semangat baru
Pengguna Google,5,2019-11-25 11:24:28,😍
Pengguna Google,5,2019-11-25 08:17:50,👍👍
Pengguna Google,5,2019-11-24 11:39:11,Sangat membantu proses penurunan bb
Pengguna Google,3,2019-11-24 09:19:18,Ga bisa buka aplikasi
Pengguna Google,2,2019-11-24 09:17:23,Sering gak konek ke server padahal internet lancar
Pengguna Google,5,2019-11-24 08:48:24,"The best si, udah nyoba banyak aplikasi buat bantu kontrol asupan dan nurunin bb tp baru ini yg rutin diisiin tiap hari dan semangat buat mengontrol asupan yg di konsumsi. Mungkin karena pilihan makanan yg ada di aplikasi ini banyak produk2 yg sering kita konsumsi dan makanan2 ataupun menu makanan yg ada di restoran indo, jd gampang buat input nyaa, sangat membantu.."
Pengguna Google,5,2019-11-24 06:52:45,Sangat membantu dan aplikasi ini keren
Pengguna Google,5,2019-11-24 06:23:54,Sangat membantu
Pengguna Google,5,2019-11-23 16:26:39,"Untuk saya benar2 bisa mengontrol asupan kalori, lebih baik bila makanan tradisional di perbanyak update-an kalori nya"
Pengguna Google,5,2019-11-23 08:03:02,Sangat membantu
Pengguna Google,5,2019-11-23 01:36:09,Nice
Pengguna Google,5,2019-11-22 22:23:55,Hingga sejauh ini aplikasi berguna
Pengguna Google,5,2019-11-22 22:00:38,Good
Pengguna Google,5,2019-11-22 14:45:49,mantap
Pengguna Google,4,2019-11-22 09:30:43,Cukup membantu perhitungan kalori..... semoga semakin update dan akurat
Pengguna Google,5,2019-11-22 08:07:43,"Sangat membantu banget mengontrol berat badan,,, udah berjalan sebulan masih konsisten turun perlahan. Ga terlalu cepat,, sambil menikmati proses"
Pengguna Google,5,2019-11-21 21:41:01,Keren
Pengguna Google,5,2019-11-21 19:41:15,Mantap jiwa
Pengguna Google,2,2019-11-20 21:46:11,"Awalnya bisa di pake, baru 2 hari sudah ga bisa di lake padahal sinyal aman. Aku coba uninstal eh tetep tidak bisaa"
Pengguna Google,5,2019-11-20 21:15:58,Sempurna
Pengguna Google,5,2019-11-20 21:13:32,👍👍👍
Pengguna Google,1,2019-11-20 20:08:36,Gak bisa dibuka aplikasinya.
Pengguna Google,4,2019-11-20 19:56:55,"Aplikasi sangat bagus sekali dan sangat membantu tp kadang kadang aplikasi tidak berjalan,,padahal sinyal full..."
Pengguna Google,1,2019-11-20 19:40:16,Aplikasi tidak bisa di buka hanya ad layar hijau tenganya kuncii.. apa hanya hp a70 aja yg g bisa ya tolong di perbaiki thanks
Pengguna Google,1,2019-11-20 14:33:44,"Akhir akhir ini sering gangguan, gk bisa di buka😥"
Pengguna Google,4,2019-11-20 12:57:02,Keren.. bisa hitung kalori tiap hari jadi target bisa cepat tercapai👍
Pengguna Google,4,2019-11-20 10:05:45,"Membantuu buat sya kontrol makanan..,,, Terimkasih"
Pengguna Google,4,2019-11-20 08:58:00,"Keren,hari ke 9 turun mau 5Kg"
Pengguna Google,5,2019-11-20 05:55:18,Sangat membantu buat yg lagi program diet
Pengguna Google,5,2019-11-19 20:56:26,Makanannya tlg di lengkapi...
Pengguna Google,5,2019-11-19 18:03:25,Sangat membantu untuk program diet karena bisa mengetahui jumlah kalori dalam makanan
Pengguna Google,4,2019-11-19 08:16:22,Good
Pengguna Google,5,2019-11-18 21:36:47,sangat.membantu lebih terprogram dan progress terus hasilnya jadi.semangat
Pengguna Google,4,2019-11-18 19:43:44,Mantap
Pengguna Google,5,2019-11-18 19:16:00,😍 suka bnget aplikasi ini... Bsa bngt Ngtur pola mkan... N sblum mkan psti priksa kalori dlu biar gk klbhan... Alhamdulillah udh trun 6 kg slma 2.5 bln... tnggl 3kg lgi mncpai goals aku...
Pengguna Google,5,2019-11-18 17:22:29,Mungkin lebih ditambahkan lagi jenis olahraga dan kalori dalam makanan
Pengguna Google,5,2019-11-18 16:28:33,Sangat membantu
Pengguna Google,5,2019-11-18 10:34:14,Bener² membantu saya buat belajar mengurangi porsi makan biar tetep enak makan nggak kalap dan cepet kurus
Pengguna Google,5,2019-11-18 08:42:13,"Aplikasi nya best seller banget, puas banget, bisa membantu banget karna jadwal makan & konsumsi yg masuk ke tubuh dpt di hitung hingga tdk berlebihan makan, udh tertera juga Karbo, lemak & protein nya. Terimakasih buat yg udh bikin apk ini ❤️"
Pengguna Google,4,2019-11-17 19:25:35,Mantap
Pengguna Google,5,2019-11-17 11:05:12,Nice app
Pengguna Google,5,2019-11-17 10:15:05,Mantap
Pengguna Google,5,2019-11-17 09:17:02,Makasih🤗🤗
Pengguna Google,5,2019-11-17 07:30:09,Sangat membantu program diet
Pengguna Google,5,2019-11-17 06:29:39,Membantu sekali
Pengguna Google,5,2019-11-16 22:19:21,Gabisa ngeload lagi kakk:') pgn posting gabisa pdhl internet lancarrr
Pengguna Google,1,2019-11-16 15:30:24,Baru juga instal gak bisa di buka
Pengguna Google,4,2019-11-16 15:17:49,Nice
Pengguna Google,1,2019-11-16 10:42:10,i have re install this program.but it can running
Pengguna Google,5,2019-11-16 10:39:48,Ok
Pengguna Google,5,2019-11-16 09:02:34,"Apps yang sangat berguna untuk menghitung kalori, bb awal 53 turun ke 49 dalam satu bulan"
Pengguna Google,5,2019-11-15 21:21:13,App bagus walaupun masakan ama jajanan indonesia datanya kurang lengkap
Pengguna Google,5,2019-11-15 20:24:52,Saya sudah beberapa kali mengunakan ini alhmdllh ada penurunan berat badan dan sudh lama sya tdk mengunakan aplikasi ini berat badan saya naik lagi sekarang sya mau memulai lagi agar bisa trun lgi berat bdan sya mudah2n sukses amin
Pengguna Google,5,2019-11-15 18:54:45,👆👍👍👍👍👍👍
Pengguna Google,5,2019-11-15 18:28:09,"Suka, sangat membantu. Catatan makanannya lengkap. ❤"
Pengguna Google,1,2019-11-15 09:40:16,Kadang gak bisa
Pengguna Google,5,2019-11-15 09:36:36,Sukak sama aplikasinyaaa
Pengguna Google,5,2019-11-15 09:35:32,Membantu dalam mengatur pola makan yang baik
Pengguna Google,5,2019-11-14 18:52:41,👌
Pengguna Google,5,2019-11-14 16:42:46,Aplikasi ini sangat bermanfaat .
Pengguna Google,5,2019-11-14 11:28:44,Saya suka dengan aplikasi ini sangat membantu saya untuk diet 🤗🤗
Pengguna Google,4,2019-11-14 09:33:34,Membantu skli
Pengguna Google,5,2019-11-14 07:12:53,Keren jadi tau berapa banyak kalori yg kita konsaumasi.... Ternyata ringan makananny belum tentu ringan juga kalorinya...
Pengguna Google,5,2019-11-13 17:36:36,"Mantaap,sangat membantu"
Pengguna Google,4,2019-11-13 09:21:15,"Sangat membantu sekali, aku jadi bisa kontrol makanan tiap harinya..."
Pengguna Google,3,2019-11-12 21:07:53,Daftar itemnya masih belum lengkap. *5 kalau sdh lengkap
Pengguna Google,5,2019-11-12 06:52:53,Sangat membantu
Pengguna Google,1,2019-11-11 16:43:21,Apk tidak bisa terbuka
Pengguna Google,1,2019-11-11 15:51:06,Kenapa akhir akhir ini sulit masuk meski koneksi internet baik
Pengguna Google,3,2019-11-11 15:42:44,Kok dr kmren susah ya log in sama input makanannya
Pengguna Google,4,2019-11-11 13:50:04,Kenapa jadi lelet sekali dibuka?
Pengguna Google,5,2019-11-11 07:24:49,Mantap
Pengguna Google,4,2019-11-10 20:30:43,Aplikasi yang bagus untuk yang memulai diet dengan menghitung defisit kalori. Hanya saja untuk makanan yang tidak ada didaftar pencarian sulit memasukan detail kalori nya. Overall bagusla
Pengguna Google,1,2019-11-10 15:46:50,"Tolong diperbaiki, susah sekali mau masuk akun lama Sudah kirim password sementara tapi masih login gagal, login gagal terus"
Pengguna Google,4,2019-11-10 07:17:10,"Saya baru menggunakan aplikasi ini, InsyaaAllah semoga bisa membantu. Namun, saya ingin bertanya ttg satuan2 yg ada di menu makanannya, saya masih bingung, apa maksud satuan 1 mangkok, masak, kering, hasil, dll... Mohon penjelasannya."
Pengguna Google,5,2019-11-10 06:23:44,Sangat membantu saya dlm menurunkan BB.. terimakasih semoga bisa menjadi lebih baik
Pengguna Google,3,2019-11-09 21:42:04,"Tolong dong patch nya di perbaiki lagi, kadang suka gak respon gak konek ke Internet padahal browser lancar"
Pengguna Google,5,2019-11-09 08:39:27,"Ini membantu sekali,.,hanya kadang ada makanan yg tidak ada dalam daftar"
Pengguna Google,5,2019-11-09 08:34:17,Bagus bgt
Pengguna Google,1,2019-11-08 13:28:07,"Padahal apl nya bagus, tapi tiba² kok gak bisa dibuka aplikasinya ya huh sedih"
Pengguna Google,2,2019-11-08 13:13:13,G bs d DL sdh 93% sllu brhnti dan ini sudah kesekian x ny
Pengguna Google,5,2019-11-08 11:33:47,Sangat membantu
Pengguna Google,1,2019-11-08 10:20:14,Udh enak2 bagus aplikasi ini kenapa mulai macet dan gg bsa dbuka udh d uninstal di instal lg teetep aja😕
Pengguna Google,5,2019-11-08 04:47:48,pengalaman yang sangat luar biasa. sejak saya mengenal applikasi ini jumlah asupan kalori yg saya konsumsi jadi terkontrol. berat badan saya bisa turun 2kg dlm seminggu. sebelumnya ini tdk pernah terjadi dalam diri saya. terima kasih fat secret.
Pengguna Google,5,2019-11-07 09:04:14,Cocok untuk diet
Pengguna Google,5,2019-11-06 23:01:31,Ini bukan aplikasi abal-abal. Aplikasi ini bisa sangat membantu program diet. Sudah banyak orang yang berhasil dengan bantuin aplikasi ini asalkan tahu ilmunya dan konsisten dietnya. 😊
Pengguna Google,5,2019-11-06 21:46:40,gudjob
Pengguna Google,5,2019-11-06 17:40:08,Alhamdulillah sangat membantu program diet q
Pengguna Google,5,2019-11-06 17:33:59,Sangat membantu sekali..
Pengguna Google,5,2019-11-06 08:27:31,Sangat membantu menurunkan berat badan
Pengguna Google,5,2019-11-05 18:33:57,Makin semangat
Pengguna Google,5,2019-11-05 14:35:59,"Sangat membantu. Untuk Anda yang ingin diet, aplikasi ini bisa membantu Anda mengontrol pola makan dan olah raga. Bukan hanya itu saja, untuk Anda yang ingin gaya hidup sehat, aplikasi ini bermanfaat untuk memilih makanan yang sehat."
Pengguna Google,5,2019-11-04 22:10:38,Suka bgt sm aplikasi ini ngebantu diet ttp enak. Banyakin fariasi kalorinya dong fs biar tambah gampang cari makanannya. Semoga tambah sukses ya
Pengguna Google,3,2019-11-04 21:39:21,Saya mau download gabisa dari tadi
Pengguna Google,5,2019-11-04 20:39:11,Hanya ini yg bisa membantu saya dlm mnurunkan brat bdn
Pengguna Google,5,2019-11-04 20:22:54,Kurang Lengkap!
Pengguna Google,5,2019-11-04 09:52:08,Oke
Pengguna Google,5,2019-11-04 09:43:08,sangat membantu diet lbih menyenangkan
Pengguna Google,5,2019-11-04 08:35:28,"Sangat bermanfaat aplikasi ini...hingga aku,bisa,tau..tuk.menjaga berat badanku tetap,ideal"
Pengguna Google,5,2019-11-04 08:11:15,Aplikasi keren berat saya jadi naik turun
Pengguna Google,5,2019-11-04 08:07:40,Bagus...sgt terbantu utk mengontrol makanan..dan menghitung kalori yg masuk...
Pengguna Google,4,2019-11-04 08:05:31,Agak lemot pas mau update foto :)
Pengguna Google,5,2019-11-03 23:49:10,Sangat membantu sekali untuk penurunan berat badan 💪
Pengguna Google,5,2019-11-03 17:45:45,"Pokoknya yang bilang aplikasi ini bermasalah, itu hp nya kentang:v"
Pengguna Google,1,2019-11-03 17:03:23,Tidak bisa di buka
Pengguna Google,5,2019-11-03 13:35:52,👍
Pengguna Google,2,2019-11-03 12:42:21,Signal bagus tp kok gk bisa diakses yaaa aplikasinya :(((( udah 4 harian kurang lebih kyk gini terus
Pengguna Google,5,2019-11-03 08:03:35,Sangat bermanfaat
Pengguna Google,5,2019-11-02 17:42:38,"Sangat membantu untuk mengatur pola makan. Aplikasi bagus bs membuat kita mengkontrol brp kalori yg masuk dlm tubuh kita, setidaknya tdk melebih asupan kalori tiap harinya. Kalau bisa makanannya diperbanyak lagi ya."
Pengguna Google,5,2019-11-02 12:40:54,Ok
Pengguna Google,5,2019-11-02 11:49:36,The best
Pengguna Google,5,2019-11-01 19:36:32,"This app realy help me to counting my daily calory ,i hope i can lose my weight ,"
Pengguna Google,5,2019-11-01 13:24:57,"Membantu perhitungan kalori harian, nice"
Pengguna Google,5,2019-11-01 08:43:28,Makasi fatSecret
Pengguna Google,4,2019-11-01 07:48:15,Sangat membantu...
Pengguna Google,5,2019-11-01 06:19:02,Bagusss
Pengguna Google,5,2019-11-01 06:10:14,Sangat membantu bngt
Pengguna Google,4,2019-10-31 18:50:49,Mudah dalam menghitung kalori
Pengguna Google,3,2019-10-31 17:58:03,"fitur latihan saya eror, untuk waktu istirahatnya tidak bisa diganti."
Pengguna Google,5,2019-10-30 22:07:17,Sangat membantu diet anda
Pengguna Google,1,2019-10-30 22:04:39,Masa nge bug aplikasi nya tai
Pengguna Google,5,2019-10-30 19:59:56,Sukaaaa
Pengguna Google,5,2019-10-30 17:27:18,Mengapa aplikasi saya pakai bahasa Inggris?
Pengguna Google,5,2019-10-30 15:09:01,😁😁😁👍👍👍👍
Pengguna Google,5,2019-10-30 12:24:05,Oke selama saya menjalani diet bera badab saya sudah menjado 60 kg Alhamdulillah ya suka sekali dengan aplikasi ini cukup membantu
Pengguna Google,5,2019-10-30 09:17:50,👍😁😁😱
Pengguna Google,5,2019-10-30 08:18:05,Bagus....gak ribet
Pengguna Google,5,2019-10-30 06:44:08,Sangat membantu proses diet saya.
Pengguna Google,4,2019-10-29 21:15:57,Saya mau di batalkan blom jadi daftar nya 🙏
Pengguna Google,4,2019-10-29 20:51:42,"terbantukan sekali utk jaga kalori dg panduan fatsecret, tetapi masih sedikit lg Variasi makanan menu Indonesia,"
Pengguna Google,5,2019-10-29 17:46:23,Ok poenyaa
Pengguna Google,5,2019-10-29 09:31:50,"Sangattt suka sama apk fat secret ini :) terima kasih, dengan apk ini kita dapat ngehitung kalori tanpa perlu repot, serta kita dapat sharing ttg diet dengan sahabat fs :) sangat membantu dalam penurunan berat badan 😘😘😘😘😘😘😘😘luvit💕"
Pengguna Google,5,2019-10-29 09:15:15,"Aku aku aku gk tau mau ngomong apalagi, sumpah aku aku suka banget ama ni aplikasi, membantuku menjadikan hokage ke delapan setelah naruto, membuatku senang riang gembira"
Pengguna Google,5,2019-10-29 08:38:15,Aplikasi yg sangat bagus & sangat membantu sy dlm mengatur program diet sy..terima kasih
Pengguna Google,5,2019-10-28 22:29:53,Sangat membantuu dan good
Pengguna Google,5,2019-10-28 20:42:39,Good
Pengguna Google,4,2019-10-28 18:50:07,Good job
Pengguna Google,5,2019-10-28 12:44:17,Good
Pengguna Google,5,2019-10-28 11:24:54,Oke
Pengguna Google,5,2019-10-28 08:59:47,"Sangatlah membantu untuk mengatur jumlah kalori yang harus dimakan, untuk proses cut atau bulk. Terimakasih"
Pengguna Google,4,2019-10-28 07:59:35,Nice
Pengguna Google,4,2019-10-27 05:14:10,Cukup bagus untuk program diet membantu control kalori harian kita.. meskipun masih sering lebih dari target kalori harian..
Pengguna Google,5,2019-10-26 20:39:51,Sangat membantu dan mempermudah proses diet♥️
Pengguna Google,5,2019-10-26 12:43:52,Bagus sekali. Cuma 1 kerupuk aci kalo saya baca di internet 6 pcs mengandung sekitar 500 kalori. Disini gak ada.
Pengguna Google,5,2019-10-26 09:41:56,Mantap aplikasinya
Pengguna Google,5,2019-10-26 09:18:55,"Lebih diperbanyak untuk menu2nya, itu aja kok sarannya selain itu the best lah 👌🏻👌🏻"
Pengguna Google,5,2019-10-25 23:24:22,"Aplikasi terbaik , terrecommended yang bagus yang out of the box :"")"
Pengguna Google,5,2019-10-25 20:18:00,Ok
Pengguna Google,5,2019-10-24 18:56:28,Aplikasi yang bagus sangat bermanfaat
Pengguna Google,4,2019-10-24 12:47:17,Membantu dlm penghitungan kebutuhan kalori.
Pengguna Google,4,2019-10-24 08:55:36,List kalorinya banyak Mantul deh
Pengguna Google,5,2019-10-24 08:49:24,membuat asupan makanan jadi lebih terkontrol
Pengguna Google,5,2019-10-24 07:44:02,"Gara gara ini bisa kontrol kalori + kebutuhan makro sehari2, salah satu teman berjuang, udh turun 10 kg, masih ada 5 kg lg, semangat, pasti bisa"
Pengguna Google,5,2019-10-24 07:30:56,Aplikasi yg sangat membantu💕🙆
Pengguna Google,5,2019-10-23 16:42:25,Sangat membantu
Pengguna Google,2,2019-10-23 12:11:16,Jaringan bagus tapi tidak bisa dibuka .. Muter terus padahal kemarin bagus.. Ada apa ini ?
Pengguna Google,5,2019-10-23 11:04:40,Ga bisa di download
Pengguna Google,3,2019-10-23 10:40:42,Aduh eror ngak bisa masukin catatan makanan Biasa nya nggak gini mohon d perbaiki lagi aplikasi nya ya😥😭
Pengguna Google,5,2019-10-23 08:56:51,Aku gatau mau ngomong apa lagi. Aplikasi ini sangat sangat membantu aku menjalani program diet ku. FYI dietku itu hanya dimakanan aja (aku gk olahraga sama sekali). Dan dengan bantuan aplikasi ini aku bisa kontrol makanan aku. Dan BB ku selalu turun dengan konsisten💓💓💓💓💓
Pengguna Google,5,2019-10-22 17:56:26,Bagus... Detail Banget
Pengguna Google,4,2019-10-22 17:42:07,"App nya bgus, bantu buat turunin bb, juga bisa liat berapa kalori yg di konsumsi. Q kasih 4 bintang dulu ya, krn ada bbrp makanan yg ga ada di dlm apk ini 😊"
Pengguna Google,5,2019-10-22 15:35:21,"Benar2 sangat membantu untuk menghitung kalori harian kita,gue bisa turun BB gara2 apk ini juga,minusnya kadang makanannya gak ada,mohon kedepannya diperbanyak pilihan makanan Indonesia nya"
Pengguna Google,5,2019-10-22 13:27:32,Aplikasi yg sangat bagus untuk mengontrol diet saya
Pengguna Google,5,2019-10-22 07:41:04,"bagus banget,aplikasi ini,q nyaman,bs bantu banget buat q ngontrol makan tiap hari...semangat temen2 FS"
Pengguna Google,5,2019-10-21 19:26:49,"Berfaedah sekali. Mungkin bisa ditambah daftar makanan berkalori yang sudah masak dan bahan2 lainnya, selain itu tambahan resep yang rendah kalori dan sehat."
Pengguna Google,3,2019-10-21 17:10:35,Tambahin dong makan sore nya
Pengguna Google,5,2019-10-21 15:07:48,Membantu menurunkann berat badan
Pengguna Google,5,2019-10-21 13:30:27,"Oia, kak mau nanya juga nih, Itu kandungan kolesterol whey protein evolene kok 300mg, kalo di label tertulis 30mg. Mohon pencerahannya. Terimakasih"
Pengguna Google,5,2019-10-21 09:49:50,"Sangat membantu bnget buat menghitung kalori ,untuk menyukseskan diet ,💖💖q suka app ini"
Pengguna Google,5,2019-10-21 07:53:42,Membantu sekali 👌
Pengguna Google,5,2019-10-21 07:27:25,Saya sangat beruntung memakai aplikasi fatsecret ini. Saya jd bisa mengontrol AKG saya. Dan sy dapat tahu apa bila saya kekurangan protien harian saya. 😄😊😍
Pengguna Google,5,2019-10-21 04:36:23,aplikasinya membantu sekali. semoga kedepannya semakin baik lg..
Pengguna Google,5,2019-10-21 00:28:26,Ok
Pengguna Google,5,2019-10-20 18:48:17,Apk bagus
Pengguna Google,5,2019-10-20 17:16:34,Sukaa sekali. Membantu program diet saya
Pengguna Google,5,2019-10-20 15:48:46,lumayan membantu dalam mengatur pola makan.
Pengguna Google,5,2019-10-20 08:35:09,sangat membantu sekali bagi yg program diet.. untuk menghitung kalori harian.. jdi bisa mengontrol makan..
Pengguna Google,4,2019-10-20 07:20:17,"Untuk penghitungan sangat membantu,tapi tolong daftar makananny sering² diupdate,kalo nyari nama makanan sering ga ketemu."
Pengguna Google,5,2019-10-19 20:53:28,Luar biasa mantap Aplikasinya. Sangat membantu diet saya. Terimakasih FS
Pengguna Google,5,2019-10-19 16:35:48,Referensi yg bagus utk kesehatan
Pengguna Google,5,2019-10-19 11:30:50,Sejauh ini bgs
Pengguna Google,5,2019-10-19 11:08:52,Aplikasi yang pas untuk menghitung kalori harian
Pengguna Google,5,2019-10-19 10:36:34,Alhamdulillah Turun
Pengguna Google,5,2019-10-18 17:30:51,Sangat membantuuu program kuhh
Pengguna Google,5,2019-10-18 15:42:13,Mantab.. sangat membantu mengontrol asupan kalori
Pengguna Google,5,2019-10-18 10:29:35,membantu sekali
Pengguna Google,5,2019-10-18 05:26:18,Mntap membantu menyemangati diet
Pengguna Google,5,2019-10-17 17:40:04,"sangat membantu sekali dalam kalkulator kalory jg semangat dietnya.. soalnya naik turun keliatan semua.. jdi kontrol jg kalo udah makan ngelwatin bates.. sejauh ini udah turun 1,2 kg masih 28 kg lg yang harus di pangkas.. semoga bisa mencapai berat badan ideal untuk promil.."
Pengguna Google,5,2019-10-17 14:52:39,Ok
Pengguna Google,5,2019-10-17 08:08:03,Aplikasi ini sangat membantu saya untuk mengkontrol makanan👌
Pengguna Google,5,2019-10-16 20:32:42,belum nyobaa
Pengguna Google,5,2019-10-16 15:47:04,"Perlahan tapi pasti, terima kasih fs"
Pengguna Google,5,2019-10-16 13:21:22,Keren cuy✌
Pengguna Google,4,2019-10-16 09:50:10,Sangat bagus
Pengguna Google,5,2019-10-16 09:44:57,Bagus.. dan user friendly..
Pengguna Google,5,2019-10-16 07:24:33,membantu saya untuk mengira ngira asupan maknaan mana yg baik dan bermanfaat
Pengguna Google,5,2019-10-15 16:58:24,Sangat membantu! Thanks fatsecret. Sy berhasil turun 6kg dalam wktu 26 hari😘😘😘 perjalanan masih panjang😅
Pengguna Google,5,2019-10-15 15:15:04,Sangat membantu bagi yang ingin menurunkan berat badan😙😙😙
Pengguna Google,5,2019-10-15 13:09:05,"Ini aplikasi kereen bgt, sangat membantu. Banyak ilmu yg aq dpt, ternyata tanpa nasi pun sdh banyak karbo yg masuk ke perut kitaa. Pantesan badan jd mbul wkwkkwk. Kereeeen 👏👍"
Pengguna Google,5,2019-10-15 10:32:38,Sangat membantu bukan kaleng2
Pengguna Google,5,2019-10-15 07:54:58,Selalu aman dan senang menggunakan fs ... JD qta bs tenang makanan yg qta santap melebihi kalori yg qta butuhkan ato tidak..
Pengguna Google,4,2019-10-15 04:38:56,"Bagus, terkontrol"
Pengguna Google,5,2019-10-14 23:21:44,Sangat membantu
Pengguna Google,2,2019-10-14 18:23:17,Aku kasih bintang 2 dulu karena baru download
Pengguna Google,5,2019-10-14 15:08:25,"Sangat membantu, ga perlu repot hitung asupan kalori yang masuk"
Pengguna Google,5,2019-10-14 11:31:36,"Sangat membantu sekali bagi pemula , aplikasi sangat mudah 👍🏻"
Pengguna Google,5,2019-10-14 08:19:40,Good app
Pengguna Google,5,2019-10-14 06:07:51,Sangat mmbantu
Pengguna Google,5,2019-10-13 14:17:08,keren
Pengguna Google,5,2019-10-13 13:17:46,Lumayan. Banyak temen yang se idiologi.. idiologinya pengen kurus
Pengguna Google,4,2019-10-13 12:35:44,Bagus utk liat jumlah kalori yg dpt n bisa tau history makanan apa saja yg dimakan
Pengguna Google,5,2019-10-13 08:57:24,membantu sekali
Pengguna Google,1,2019-10-12 22:26:35,"Kenapa saya gak bisa download ini aplikasi,apa salah saya min????"
Pengguna Google,5,2019-10-12 18:29:30,Smg bisa juga buat menghitung kalori yg cukup utk manambah berat bdn
Pengguna Google,5,2019-10-12 17:04:16,Turun 2 kg dlm seminggu badan ttp fit dan enteng
Pengguna Google,4,2019-10-12 13:47:04,Suka banget tapi sayang banyak makanan Indonesia yang tidak ada dan harus menghitung kalori sendiri tolong d perbanyak listnya.
Pengguna Google,5,2019-10-12 11:57:42,Sangat bermanfaat
Pengguna Google,5,2019-10-12 11:37:40,"Suka, bisa mengatur gaya dan pola hidup"
Pengguna Google,5,2019-10-12 11:20:56,Bagus
Pengguna Google,5,2019-10-11 21:41:37,Sangat membantu
Pengguna Google,5,2019-10-11 20:07:51,Aplikasi yg sangat berguna utk yg mau diet..
Pengguna Google,5,2019-10-11 15:16:03,Sangat membantu untuk mengukur berapa kalori yang kita makan setiap harinya
Pengguna Google,5,2019-10-11 15:11:15,"Sukkaa banget, ngebantu kontrol makan biar ga berlebihan..cuma saran aja untuk kalori nya masih suka ada yg salah2 contohnya martabak keju, diliat di google kok beda yah"
Pengguna Google,5,2019-10-11 14:54:45,Bagus
Pengguna Google,5,2019-10-11 13:16:28,"Aplikasi yang sangat bagus dan lengkap untuk program pengurangan berat badan, yang paling pentinh NIAT, KONSISTEN serta DISIPLIN,"
Pengguna Google,5,2019-10-11 08:48:40,Sangat membantu
Pengguna Google,5,2019-10-11 08:41:06,Bagus banget...sangat membantu
Pengguna Google,5,2019-10-11 05:47:54,Pertama ikut fs masih berantakan. Masih belum bisa kontrol makanan.. lama-lama menikmati sih. Karna memang ada perubahn. Aq diet fs plus olga ya gays
Pengguna Google,5,2019-10-10 08:40:06,Good
Pengguna Google,5,2019-10-10 05:47:23,Keren aplikasinya 😍
Pengguna Google,5,2019-10-09 10:41:58,Sayangnya menu makanannya blm lengkap. Tolong diperlengkapi lagi. Terima kasih.
Pengguna Google,5,2019-10-09 07:09:56,Keren
Pengguna Google,5,2019-10-09 01:35:32,3x instal uninstal masih g bisa dibuka juga 😤😢
Pengguna Google,5,2019-10-08 14:59:25,"Nyaris sempurna,semoga semakin bertambah jenis2 makanan nya dan akurat jumlah kalorinya"
Pengguna Google,4,2019-10-08 08:34:15,Terbantu banget 😊
Pengguna Google,5,2019-10-08 08:33:25,"Keren,"
Pengguna Google,5,2019-10-08 06:09:06,"Suka banget dgn aplikasi ini, alhamdulillah dalam 1 bulan bisa turun 5 kiko, karna kita tau berapa kalori yg kita makan, kalau bisa lebih banyak lagi nama mkanan yg dimasukan, karna masih banyak yg gak ada."
Pengguna Google,5,2019-10-07 21:03:29,Alhamdulillah jadi lebih teratur makananku sejak donwload fs ^^
Pengguna Google,5,2019-10-07 19:37:37,Sangat membantu.
Pengguna Google,5,2019-10-07 18:37:40,Membantu kita unt sukses diet
Pengguna Google,5,2019-10-07 18:25:35,👍👍👍
Pengguna Google,5,2019-10-07 13:55:58,Mantap
Pengguna Google,5,2019-10-07 09:14:39,Sangat membantu untuk kontrol asupan makanan dan mengukur AKG harian
Pengguna Google,4,2019-10-07 09:05:16,"Sangat membantu dan banyak menu indonesianya. Saran, tolong tambahi lagi berbagai menu indonesia"
Pengguna Google,5,2019-10-07 08:34:40,bagus sekali
Pengguna Google,5,2019-10-07 08:27:18,Mantap 3 minggu turun hampir 8kg....tapi dibantu dengan niat kuat dan olah raga setiap hari agak kenceng
Pengguna Google,5,2019-10-07 08:09:58,Kerenn
Pengguna Google,4,2019-10-06 20:16:54,udah bagus. tapi kedepan tolong diperbanyak lagi jenis makanan nya. biar lebih mudah ngitung kalorinya.
Pengguna Google,5,2019-10-06 18:11:16,saya bisa jaga kalori devisit...turun 25 kg cuy
Pengguna Google,5,2019-10-06 17:44:01,Dapat diandalkan yah walaupun makanan yang kita makan tidak sepenuhnya akurat setidaknya ada perkiraan asupan kalori jujur saya memakai app ini untuk turunkan bb dari 80 kg sekarang 66 kg.terima kasih buat fat secret.
Pengguna Google,5,2019-10-06 08:45:19,Okk
Pengguna Google,5,2019-10-06 02:31:22,"Ngebantu banget buat kontrol makan 😭 selama ini kukira yg penting makan sayur pasti bb turun, ternyata sayur yg sering kumakan justru kalorinya tinggi banget, pantes susah turun bb 😭😭 ada app ini jadi kekontrol banget makan nya huhu seneeeeenggg 😭😭😭"
Pengguna Google,5,2019-10-05 23:30:56,Sangat membantu ketika menjalani diet
Pengguna Google,4,2019-10-05 22:07:44,Buat menghitung kalori.. sangat membantu
Pengguna Google,5,2019-10-05 21:25:05,Bagus
Pengguna Google,5,2019-10-05 06:06:23,Aplikasi yang sangat bermanfaat
Pengguna Google,5,2019-10-04 19:32:49,Sangat buagus membantu
Pengguna Google,5,2019-10-04 15:05:06,Sangat bermanfaat
Pengguna Google,4,2019-10-04 05:13:36,Aplikasin ini sih keren banget sangat membantu proses diet aku❤️ tapi app masih agak berat menurutku semoga update selanjutnya lebih ringan lagi😊
Pengguna Google,5,2019-10-03 16:22:32,Mantap
Pengguna Google,5,2019-10-03 16:22:28,Mempermudah diet yg kami lakukan. Mantap abis
Pengguna Google,5,2019-10-03 05:56:08,Sangat membantu dalam perhitungan kalori
Pengguna Google,3,2019-10-02 18:39:12,arema jancokkkk
Pengguna Google,5,2019-10-02 15:06:30,"So far sudah turun 8 kilo :) sisa 7 kilo lagiii 😁 Tipsnya: selalu gunakan app ini tuk hitung calorie intake kita + Gym at least sepekan 3x :) n banyak2in ""Jalan Kaki"" hehehe Thank YOU Fat Secret, Salam Hidup Sehat 💗🙏😊"
Pengguna Google,5,2019-10-02 06:39:29,aplikasi bagus dan mantap
Pengguna Google,4,2019-10-02 04:45:45,Sangat membantu
Pengguna Google,5,2019-10-01 16:45:20,"Pokok na mantabz,,Sangat membantu buat mengoptimalkan berat badan,,👍👍👍"
Pengguna Google,5,2019-10-01 01:48:10,"App terfavorit! Kenapa? Karena tiap hari ak ngukur kalori disini lumayan lengkap jenis makannya jd bisa ngatur kalori yg masuk ke tubuh. Jd bisa nahan kalo sdh kelebihan kalori perhari. Sebagai alarm aja. Dan sukses bikin diet rendah kaloriku dlm 1,5 bulan turun 4kg hihi"
Pengguna Google,5,2019-09-30 08:59:55,"Tau aplikadi ini dari youtuber yulia balthsun, recomended buat para pejuang kurus!!! 😍😍😍"
Pengguna Google,5,2019-09-30 06:56:42,Sangat membantu :)
Pengguna Google,5,2019-09-29 20:34:14,Simpel
Pengguna Google,5,2019-09-29 18:30:48,Bermanfaat
Pengguna Google,5,2019-09-29 10:59:00,Tingkatkan performa supaya lebih baik lagi
Pengguna Google,4,2019-09-29 10:22:31,Sejauh ini ckup membantu cuma saran aja agar daftar makanan diperlengkap..tks
Pengguna Google,5,2019-09-29 08:08:23,Ok
Pengguna Google,5,2019-09-28 23:03:30,Sangat bermanfaat
Pengguna Google,5,2019-09-28 15:58:28,Penjaga kalori harianku😍
Pengguna Google,5,2019-09-28 08:30:10,"Like it, it is realy helping a lot"
Pengguna Google,5,2019-09-28 08:27:33,Ok
Pengguna Google,5,2019-09-27 17:42:07,Sangat membantu dalam mengontrol apa yang kita makan
Pengguna Google,5,2019-09-27 16:06:11,Sangat membantu untuk mengetahui jumlah kalori pada makanan yg dimakan 👍
Pengguna Google,5,2019-09-27 10:25:30,Great App
Pengguna Google,5,2019-09-27 08:48:49,"Sangat membantu,"
Pengguna Google,5,2019-09-26 20:02:09,"Mantul, perkembangan jelas"
Pengguna Google,5,2019-09-26 18:06:27,Variasi menu Indonesia banyak dan lengkap.. grafik dan tabel penunjangnya sangat baik.. kayaknya ini calorie counter terbaik se play store.
Pengguna Google,5,2019-09-26 15:21:55,Mempermudah mencatat dan makannya lumayan lengkap aplikasinya juga engga ribet okey lah pokonya..
Pengguna Google,5,2019-09-26 09:56:22,Membantu sekali❤
Pengguna Google,5,2019-09-25 20:24:06,Sangat membantu
Pengguna Google,5,2019-09-25 19:09:46,"Sangat membantu, semoga semakin lengkap."
Pengguna Google,5,2019-09-25 15:22:25,Bagus utk diet
Pengguna Google,5,2019-09-25 12:48:34,Aplikasi yg sangat bagus. Membantu sekali.... Terimakasih
Pengguna Google,5,2019-09-25 11:30:48,Sangat membantu 👍
Pengguna Google,4,2019-09-25 07:29:11,Food choices are not complete and food choices in English sometimes not exist in Indonesian or otherwise.
Pengguna Google,4,2019-09-25 05:53:05,Ok
Pengguna Google,5,2019-09-24 19:29:21,Mantaplah
Pengguna Google,5,2019-09-24 19:00:51,Sangat sangat sangat membantu😊
Pengguna Google,5,2019-09-24 17:12:22,Terima kasih
Pengguna Google,5,2019-09-24 17:06:56,cucok say...cukup mmbntu
Pengguna Google,5,2019-09-24 11:19:46,KEREN
Pengguna Google,5,2019-09-23 19:08:22,Bagus
Pengguna Google,3,2019-09-23 14:26:42,Ketika pakai bahasa Inggris ada beberapa makanan asal Indonesia yang gak ada padahal d bahasa Indonesia ada makanannya.
Pengguna Google,5,2019-09-23 12:27:15,Sangat membantu
Pengguna Google,4,2019-09-23 09:48:07,Saya coba dulu
Pengguna Google,5,2019-09-23 07:28:03,Terbantu sekali dlm proses diet untuk menghitung defkal yg kita konsumsi harian...
Pengguna Google,4,2019-09-23 07:18:04,Bagus. Sangat membantu mengontrol kalori
Pengguna Google,5,2019-09-22 13:18:29,Mantaaaap. Saya sangat terbantuu
Pengguna Google,5,2019-09-22 13:12:45,Bagus
Pengguna Google,5,2019-09-22 05:54:36,Sangat membantu
Pengguna Google,4,2019-09-22 05:28:27,Lebih mudah dalam mengatur defisit kalori Tapi menu kalori masih byk yg belum ada
Pengguna Google,5,2019-09-21 18:34:16,Membantu bgt dlm menghitung kalori
Pengguna Google,5,2019-09-21 17:58:53,Mantab
Pengguna Google,5,2019-09-21 12:48:00,Sayangny gk bisa ubah kalorinya
Pengguna Google,5,2019-09-21 07:04:40,Very helpful
Pengguna Google,5,2019-09-20 18:51:47,Keren bgt........patut dicoba buat yg mau kontrol kalori
Pengguna Google,5,2019-09-20 14:54:06,Membantu bgt buat program diet
Pengguna Google,5,2019-09-20 09:14:46,"Sangat membantu, krn kita bisa cross check history makan qt. Sehingga kita bisa evaluasi nutrisi apa yg kurang dan yg berlebihan. Melihat share dari teman2 yg sedang diet, membuat jdi semangat"
Pengguna Google,5,2019-09-20 06:23:51,Aplikasi ini membantu saya untuk mengontrol asupan kalori
Pengguna Google,5,2019-09-19 18:56:51,Ini mempermudah
Pengguna Google,4,2019-09-19 16:18:05,Membantu kontrol diet kalori
Pengguna Google,5,2019-09-19 11:33:20,Good
Pengguna Google,5,2019-09-19 05:44:43,Sangat membantu sekali mengitung jumlah kalori makanan.
Pengguna Google,5,2019-09-18 06:33:40,Membantu pola makan
Pengguna Google,5,2019-09-17 19:48:12,Baru sebulan pake aplikasi ini + olahraga dan bb ku turunnn😍😍😍
Pengguna Google,5,2019-09-17 18:35:13,"Alhamdulillaah aplikasi yang bermanfaat,, semangaaat pejuang diet XD"
Pengguna Google,5,2019-09-17 17:46:54,Bagus dapat membantu
Pengguna Google,4,2019-09-17 12:05:12,"Saya sangat suka aplikasi ini,membantu kita untuk bisa mengontrol kalori dalam makanan sehari-hari .. cuman hanya ada 1 kekurangan saja yaitu data makanan yang disediakan tidak lengkap apalagi makanan"" lokal"
Pengguna Google,5,2019-09-17 08:32:24,Luar biasa
Pengguna Google,5,2019-09-17 05:40:13,"Berkat FS BB aku udah mulai turun. karena tiap saat hitung kalori yang aku makan! makasih FS! And this is real, not fake!😇"
Pengguna Google,5,2019-09-16 10:52:39,Aplikasi bagus untuk kesehatan dan mengetahui nutrisi dalam makanan yg kita makanan tiap hati
Pengguna Google,5,2019-09-16 09:29:52,Dari 2017 pakai app ini:)
Pengguna Google,5,2019-09-16 08:09:20,cukup membantu
Pengguna Google,5,2019-09-16 06:39:51,Sangat bermanfaat
Pengguna Google,3,2019-09-15 21:47:45,Tolong lah masa makanan indonesia cuma ada ketika bahasanya diganti ke indonesia. Jadi nya susah tau
Pengguna Google,5,2019-09-15 19:38:54,Ok
Pengguna Google,5,2019-09-15 18:43:24,"Diperbarui lagi supaya kita bisa lihat status2 org yg kita follow, kayak di ig. Tapi bisa jg kita lihat status yg umum jg"
Pengguna Google,3,2019-09-15 18:23:26,"Ini cara menggunakan a gmna si,. Aku kurang ngerti, maaf pemula"
Pengguna Google,5,2019-09-15 18:03:43,Bagus bgt utk kontrol diet
Pengguna Google,5,2019-09-15 13:56:23,Termantap
Pengguna Google,5,2019-09-15 05:46:51,Dari 84 kg sekarang 63 kg dlm 6 bulan. Mantaplah.. Diet sehat butuh waktu
Pengguna Google,4,2019-09-13 18:18:45,Good apps
Pengguna Google,5,2019-09-13 16:22:03,Good
Pengguna Google,5,2019-09-13 07:10:46,Aplikasi yang sangat berguna untuk mengontrol berat badan dan mengatur pola makan.
Pengguna Google,5,2019-09-13 06:02:34,Aplikasi ini benar2 membantu 👍
Pengguna Google,5,2019-09-13 02:42:17,Sangatt membantuuu dlm diet
Pengguna Google,5,2019-09-12 17:05:03,Sangattt sukaaaaaa aplikasi ini memberikan environment terbaik buat pejuang diettt😊
Pengguna Google,1,2019-09-12 15:09:26,"Aplikasi ribet, g bs di buka bikin males"
Pengguna Google,5,2019-09-12 13:17:16,Agak bingung sih tapi bagus kok
Pengguna Google,5,2019-09-12 09:10:52,Sangat membantu
Pengguna Google,5,2019-09-11 11:48:52,Nice
Pengguna Google,4,2019-09-11 07:07:43,Lebih ditambah variant menunya
Pengguna Google,4,2019-09-10 17:33:05,"membantu menjaga mengontrol pola makan. platfrom seperti sosmed lainnya, bisa liat foto dan upload foto. bisa juga sharing tentang diet sangat membantuu. mantull lahj"
Pengguna Google,5,2019-09-10 15:47:04,Membantu sekali.
Pengguna Google,4,2019-09-10 15:26:35,Aplikasi buat bantu diet
Pengguna Google,5,2019-09-10 10:46:32,Sangat membantu diet lebih disiplin
Pengguna Google,4,2019-09-10 07:20:28,Nice apps
Pengguna Google,5,2019-09-10 05:07:42,"Sangat membantu program diet pribadi... buagus, mudah dimengerti dan gampang menggunakannya... terima kasih banyak"
Pengguna Google,4,2019-09-09 20:13:32,Berhubung Chat di App FS gak bisa di buka saya kurangi padahal saya suka dan berhasil 2 minggu 8 kilo. Tolong segera di update ya nnti saya tambahkan bintangnya.
Pengguna Google,5,2019-09-09 19:25:17,Terinspirasi dari yt @eh olahraga yuk
Pengguna Google,5,2019-09-09 19:12:32,This app is very good n helpful... thanks
Pengguna Google,5,2019-09-09 17:49:42,Sangat membantu
Pengguna Google,5,2019-09-09 15:45:50,"mantap nih aplikasi, saya turun bb berkat apps ini. thanks yaa"
Pengguna Google,4,2019-09-09 15:43:44,Bagosss cuma ada beberapa gada nama makanannya
Pengguna Google,5,2019-09-09 11:44:33,woe mantap
Pengguna Google,5,2019-09-09 07:29:17,App ini sangat membantu sekali..apalagi buat yang ingin menurunkan berat badan..
Pengguna Google,5,2019-09-08 22:53:40,👍👍👍
Pengguna Google,5,2019-09-08 20:08:33,Semangat yg sedang berusaha menurunkan berat badan lewat aplikasi ini!
Pengguna Google,5,2019-09-08 13:50:07,Sangat membantu progra menurunkan Berat badan dan mengurangi resiko penyakit
Pengguna Google,5,2019-09-08 11:19:45,Bagus skali..sangat bermanfaat utk yg ingin loss weight
Pengguna Google,5,2019-09-08 11:03:28,Kerenn!!!
Pengguna Google,5,2019-09-08 08:31:31,"Terimakasih fatsecret , aplikasi bagus dah bermanfaat terutama bagi orang awam seperti saya, jd lumayan ngerti tentang kalori dan nilai2 yg terkandung pada setiap makanan yg masuk ke tubuh saya."
Pengguna Google,5,2019-09-08 08:04:16,good
Pengguna Google,5,2019-09-08 07:07:07,Sangat membantu untuk mengontrol jumlah asupan kalori perhari
Pengguna Google,5,2019-09-08 06:34:19,Bagus jdi mudah kontrol makanan
Pengguna Google,5,2019-09-07 12:37:00,suka dengan aplikasinyaa..gak nyesel deh🤗🤗
Pengguna Google,5,2019-09-07 09:39:49,Keren ngatur pola makan jd sehat
Pengguna Google,1,2019-09-07 04:26:04,"Repot,,pakai group segala"
Pengguna Google,5,2019-09-06 15:08:53,Allhamdulillah makan lebih terkontrol sesuai catatan dan juga bisa menghitung jumlah kalori yg masuk apa saja semoga bermanfaat buat yg ikhtiar hidup sehat :)
Pengguna Google,5,2019-09-06 09:06:43,Sangt terbant dengan adnya aplikasi ini
Pengguna Google,5,2019-09-05 11:06:23,Mantab sekali. Kalori dan kalori terpantau. Sangat membantu diet
Pengguna Google,5,2019-09-05 10:59:01,Sangat terbantu banget buat yang lagi program diet.. 😘
Pengguna Google,4,2019-09-04 21:22:08,"Sangat membantu utk proses diet yg sy lakukan, mudah dalam melakukan tracking kalori pada aplikasinya."
Pengguna Google,5,2019-09-04 17:23:35,Sangat membantu
Pengguna Google,5,2019-09-04 17:11:14,Ini app wajib dipunyai
Pengguna Google,5,2019-09-04 14:49:57,Bagus
Pengguna Google,5,2019-09-04 13:10:12,Aplikasi yang sangat membantu menghitung kalori
Pengguna Google,5,2019-09-04 13:08:19,oke
Pengguna Google,5,2019-09-03 19:45:40,Good
Pengguna Google,5,2019-09-03 16:41:13,Masih kurang lengkap sih buat list makanannya dan memang ga bisa disamaratakan tapi lumayan buat jaga kalori yg masuk ke badan.👍
Pengguna Google,5,2019-09-02 22:18:39,Cool
Pengguna Google,5,2019-09-02 22:04:17,Joss.. 👍.. ❤..
Pengguna Google,4,2019-09-02 20:32:04,Cukup membantu
Pengguna Google,5,2019-09-02 19:33:33,Sangat membantu dalam menghitung kebutuhan kalori yg dibutuhkan dan berapa kalori yg masuk ... Thnx
Pengguna Google,5,2019-09-02 11:10:36,Good thanks
Pengguna Google,5,2019-09-02 10:31:03,Mantapssss
Pengguna Google,4,2019-09-01 22:59:07,bagus
Pengguna Google,5,2019-09-01 18:33:43,"Aplikasi yang benar terbukti menurunkan berat badan, di paduin sama aplikasi Fasting lebih cepet keliatan hasilnya."
Pengguna Google,5,2019-09-01 16:48:04,"Good...sangat membantu dalam menjalankan program diet,dapat membatasi jumlah kalori harian yang dikonsumsi..."
Pengguna Google,5,2019-09-01 15:17:33,Aplikasi yang sangat membantu saya menghitung kebutuhan kalori harian
Pengguna Google,5,2019-09-01 05:50:43,Sangat membantu
Pengguna Google,5,2019-08-31 14:36:15,Top bgt
Pengguna Google,5,2019-08-31 06:53:50,Ini keren dan kau harus coba
Pengguna Google,4,2019-08-31 06:40:03,"Sangat membantu saya dalam penghitungan kalori, namun masih ada kekurangan dalam makanan yang belum terdaftar di dalam app ini. Semoga ditingkatkan lagi. Terima kasih."
Pengguna Google,5,2019-08-30 18:42:20,Sip buat kontrol makanan yg masuk k tubuh kita
Pengguna Google,5,2019-08-30 14:29:24,Membantu sekali untuk program diet
Pengguna Google,5,2019-08-30 12:35:09,Nice
Pengguna Google,5,2019-08-30 07:23:33,Bagus bgt aplikasinya
Pengguna Google,1,2019-08-29 22:31:30,Knp gx bsa dibuka aplikasinya
Pengguna Google,5,2019-08-29 20:44:47,Sangat membantu😊👍👍👍
Pengguna Google,5,2019-08-29 12:03:16,"Trimakasih buat siapapun yg menciptakan aplikasi ini,, sangat membantu menurunkan BB saya"
Pengguna Google,5,2019-08-29 09:22:30,Sangat membantu dlm menghitung kalori...
Pengguna Google,5,2019-08-27 18:43:46,Teman diet huehehe
Pengguna Google,5,2019-08-27 17:57:05,Mantabz sangat membantu
Pengguna Google,4,2019-08-27 08:48:20,Masih awal belajar lagi.. Membantu bgt cih..
Pengguna Google,1,2019-08-26 21:00:00,I not login this apllication Very bad
Pengguna Google,5,2019-08-26 18:33:12,entah kenapa merasa terbantu banget:)
Pengguna Google,5,2019-08-26 11:22:54,Bermanfaat...
Pengguna Google,5,2019-08-26 04:10:50,Sangat memudahkan program diet saya
Pengguna Google,5,2019-08-25 14:44:39,Sangat bermanfaat
Pengguna Google,5,2019-08-24 17:46:14,Very good
Pengguna Google,5,2019-08-23 22:08:20,Lengkap dan tepat!
Pengguna Google,4,2019-08-23 09:28:17,Sangat membantu mengontrol pola makan
Pengguna Google,5,2019-08-23 04:31:10,Aplikasi ini sangat membantu dalam menghitung kalori yang masuk dan keluar dalam tubuh. 😊
Pengguna Google,5,2019-08-23 03:20:52,Bagus untuk menjaga Asupan Makanan
Pengguna Google,5,2019-08-22 18:48:07,Aplikasi yang sangat membantu untuk mengatur kalori yang dibutuhkan oleh tubuh
Pengguna Google,5,2019-08-21 19:37:47,Mantap
Pengguna Google,5,2019-08-21 12:53:24,Good
Pengguna Google,5,2019-08-20 20:46:56,Good
Pengguna Google,3,2019-08-20 14:39:24,coba dulu ya
Pengguna Google,5,2019-08-20 10:44:52,"Bagus banget untuk mengontrol makanan yang masuk agar tidak berlebih, banyak juga pengguna lain yang berbagi ilmu tentang perdietan, jadi makin pinter, terima kasih fatsecret, sekarang bb ku berkurang sedikit demi sedikit dengan mengatur makanan yang masuk dan olahraga rutin..."
Pengguna Google,5,2019-08-19 20:17:52,keren
Pengguna Google,5,2019-08-19 18:01:21,"sangat membantu, hanya ada beberapa makanan yang belum tertera kalorinya namun jika.saya search di google ada dan bersumber dari fatsecret, kenapa bisa gtu ya??"
Pengguna Google,4,2019-08-19 13:38:44,Joss...semangat diet nya
Pengguna Google,5,2019-08-19 13:04:54,membantu mengelola makanan
Pengguna Google,3,2019-08-19 07:08:59,Masih menunggu hasil sesuai target baru bisa kasih bintang 5. Hahahaha
Pengguna Google,5,2019-08-18 15:37:49,bs turun bb krn lebih hati hati saat makan
Pengguna Google,5,2019-08-18 06:29:38,Biar bintang yg menjadi saksi nya
Pengguna Google,5,2019-08-17 15:05:02,Udah mau setahun pakai ini... Ngebantu banget...
Pengguna Google,5,2019-08-17 11:40:51,Great apps
Pengguna Google,5,2019-08-17 10:59:11,banyakin merek dagang dong
Pengguna Google,5,2019-08-16 18:10:55,membantu program diet 👍
Pengguna Google,5,2019-08-16 17:48:02,good
Pengguna Google,5,2019-08-16 16:05:44,sangat membantu sekali
Pengguna Google,5,2019-08-16 14:58:44,keren bgt aplikasi ini.
Pengguna Google,5,2019-08-16 14:55:12,"menggunakan aplikasi ini bikin saya tambah banyak ilmu tentang ilmu perdietan. banyak sharing dari sesama pengguna yang berguna, pengguna di aplikasi ini pun aktif dan dengan senang hati kasih masukan kalau bertanya seputar diet. adanya aplikasi ini juga bantu saya kontrol jumlah makanan yang saya makan"
Pengguna Google,5,2019-08-16 14:42:02,keren banget ini aplikasi
Pengguna Google,5,2019-08-15 13:14:49,"perlu download aplikasi ini bagi yg mau diet.. aplikasi ini ngebantu bngt untuk kontrol kalori setiap hari dan bisa shareing sm temen"" yg lain jg 👍"
Pengguna Google,5,2019-08-15 12:16:07,dilengkapin aja u/ list makanan nya.. over all're good 👍
Pengguna Google,5,2019-08-15 12:04:35,Sangat membantu untuk mengatur asupan kalori dan nutrisi yang masuk di dalam tubuh.
Pengguna Google,5,2019-08-15 09:13:49,ntaooop
Pengguna Google,4,2019-08-14 21:48:53,sejauh ini lumayan sih untk mengetahui kalori walaupun sy msh bingung tulisan yg didlmnya itu artinya apa saja
Pengguna Google,5,2019-08-14 18:33:42,Bagus
Pengguna Google,5,2019-08-14 15:55:37,sangat membantu
Pengguna Google,5,2019-08-14 10:45:41,sangat baik
Pengguna Google,3,2019-08-14 06:56:25,"Dear fat secret. Happy to get this apps one. I can use it for maintaince calories in and out. But I have to complain about error debug. After I updated to the newest, why the apps keep closed forcely when I try to access it? However I've been used it for a month and work for my daily eat routine. Don't make me hesitated to use it. Thankyou."
Pengguna Google,5,2019-08-14 06:06:10,Sangat membantu
Pengguna Google,4,2019-08-13 04:26:00,aplikasi ini sangat membantu untuk menghitung kalori harian ku..top deh pokok nya...
Pengguna Google,5,2019-08-12 17:44:34,cukup membantu
Pengguna Google,4,2019-08-12 07:36:16,"suka banget, bermanfaat ngontrol kalori, cuma sayang kuranf lengkap makanannya.."
Pengguna Google,5,2019-08-12 06:13:14,good job
Pengguna Google,5,2019-08-11 00:57:43,Lengkap dan sangat membantu
Pengguna Google,5,2019-08-10 16:13:54,sangat membantu
Pengguna Google,5,2019-08-09 22:19:06,sangat berguna dan mudah digunakan
Pengguna Google,5,2019-08-09 21:08:37,sangat membantu program dietku
Pengguna Google,5,2019-08-09 18:12:16,mantap
Pengguna Google,5,2019-08-09 07:32:59,keren aplikasi.love it
Pengguna Google,4,2019-08-09 04:37:27,"aplikasinya sudah cukup baik , tapi saran tolong lebih tambahi mikronutrien nya, kayak vitamin"
Pengguna Google,5,2019-08-09 01:00:52,ini app ter ... istimewa
Pengguna Google,5,2019-08-08 16:12:42,membantu banget
Pengguna Google,5,2019-08-08 11:09:26,bgus skali yg tadinya bb 68 dlam tiga minggu turun jadi 64
Pengguna Google,5,2019-08-08 05:55:22,trimksh...sdh membantu
Pengguna Google,5,2019-08-07 18:38:19,bantu bangetttttt
Pengguna Google,5,2019-08-07 07:13:03,great
Pengguna Google,5,2019-08-06 20:35:17,bermanfaat
Pengguna Google,5,2019-08-06 06:56:37,Mantap! bikin semangat untuk diet
Pengguna Google,5,2019-08-06 02:47:42,berguna
Pengguna Google,5,2019-08-04 20:22:08,mantap
Pengguna Google,5,2019-08-04 16:00:57,Sangat membantu untuk mengatur pola hidup yang lebih sehat
Pengguna Google,5,2019-08-04 15:51:25,sangat membantu program diet. barakallah
Pengguna Google,5,2019-08-04 09:00:05,mantap... jadi guiddence
Pengguna Google,5,2019-08-04 07:31:27,very goog application till now
Pengguna Google,5,2019-08-04 05:58:20,Kebantu banget buat ngontrol perkiraan kalori seharihari... 😊
Pengguna Google,4,2019-08-04 05:42:49,"Bisa lebih berhati2 ketika ingin memasukkan makanan dalam tubuh. Aq g ngitungin semua kalori yg aku makan dulu baru bisa makan dengan tenang loh yah... Tapi coba makan aja seperti biasanya, habis makan kita masukin daftar kalori apa aja dan berapa totalnya. Setelah itu kita bisa mengira ngira sendiri kok. Ada grup fs juga, banyak teman2 yg senasib seperjuangan yg ingin hidup sehat n sambil menurunkan berat badan juga. Bisa sharing pengalaman juga. Kekurangannya: Ada fat secret premium 😂"
Pengguna Google,5,2019-08-04 05:16:57,suka keren dapat banyak pengalaman
Pengguna Google,5,2019-08-03 22:27:25,Membantu banget mensukseskan program diet ku. Alhamdulillah berat badan turun. Terima kasih fat secret 😊
Pengguna Google,5,2019-08-03 21:54:40,"sudah banyak menu makanannya, kalau bisa ditambah lagi supaya makin lengkap menu makanannya"
Pengguna Google,5,2019-08-03 17:04:46,keren
Pengguna Google,1,2019-08-03 16:38:31,"ngga bisa masuk ,aplikasinya nipu jangan di download, rugi gua download"
Pengguna Google,5,2019-08-03 14:33:42,sangat bagus
Pengguna Google,5,2019-08-03 11:46:53,mantap sangat membantu
Pengguna Google,4,2019-08-03 09:17:40,good
Pengguna Google,5,2019-08-03 07:32:06,mantep pun
Pengguna Google,5,2019-08-02 17:38:13,good
Pengguna Google,5,2019-08-02 11:25:48,Bener bener membantuuu untuk proses dietku...
Pengguna Google,4,2019-08-02 06:47:10,"bagus, bisa mengetahui jumlah kalori"
Pengguna Google,4,2019-08-01 13:41:43,lumayan membantu menghitung kalori yang masuk.
Pengguna Google,5,2019-08-01 10:21:42,aplikasi oke.
Pengguna Google,5,2019-08-01 08:59:57,sangat berguna buat yg pengen maintains badan
Pengguna Google,5,2019-07-31 14:11:09,Sangat membantu.
Pengguna Google,5,2019-07-31 07:15:17,keren n manfaat
Pengguna Google,5,2019-07-31 00:29:54,ok lah
Pengguna Google,4,2019-07-30 16:13:05,say jdi lebih menjaga makanan dengn baik
Pengguna Google,5,2019-07-30 15:23:09,"Sangat membantu sya, dalam menghitung, kalori pada makanan yang saya konsumsi setiap harinya. Terimakasih"
Pengguna Google,4,2019-07-30 14:03:30,sangat membantu untuk menghitung jumlah kalori
Pengguna Google,5,2019-07-30 13:50:31,great
Pengguna Google,5,2019-07-30 08:34:22,sangat membantu
Pengguna Google,5,2019-07-30 07:49:50,Bermanfaat banget untuk kontrol Kalori.
Pengguna Google,5,2019-07-29 23:12:43,sangat membantu untuk hidup sehat
Pengguna Google,5,2019-07-29 18:53:33,apl sangat bermanfaat
Pengguna Google,5,2019-07-29 05:28:04,sangat bermanfaat untuk mengontrol kalori
Pengguna Google,5,2019-07-28 21:11:58,sangat membantu banget
Pengguna Google,5,2019-07-28 18:34:12,mantap
Pengguna Google,5,2019-07-28 14:27:34,The best App for diet.
Pengguna Google,5,2019-07-28 06:37:38,"meskipun Tingkat Akurasi nya Gak Begitu Tepat, Tapi Applikasi Ini Signifikan Utk Sekedar Mencatat Jurnal Penurunan berat Badan dan Kontrol Menu Makanan."
Pengguna Google,5,2019-07-27 13:00:59,Luar biasa dengan aplikasi ini sejauh ini bisa menurunkan 28 kg moga targetnya bisa tercapai
Pengguna Google,3,2019-07-26 13:36:26,sayangnya detail jenis makanan dan resep terbatas sekali
Pengguna Google,5,2019-07-26 11:52:20,mantap
Pengguna Google,5,2019-07-26 09:24:22,mantap
Pengguna Google,5,2019-07-26 06:27:45,Aplikasi ini sangat bagus.
Pengguna Google,5,2019-07-26 01:28:48,keren
Pengguna Google,5,2019-07-25 20:04:40,mantul bisa tahu jumlah kalori yang masuk dalam keseharian
Pengguna Google,5,2019-07-25 17:11:25,"Maaf saya uninstal, cuma butuh apl info kalori makanan"
Pengguna Google,5,2019-07-25 12:15:08,so far so good. membuat kita jd lebih aware menjaga asupan gizi kita. tambah lagi dong data kalori dr menu makanan dan minuman restoran2 ternama.
Pengguna Google,5,2019-07-24 19:07:12,ok
Pengguna Google,5,2019-07-24 10:33:38,sangat membantu untuk menurunkan berat badan
Pengguna Google,5,2019-07-24 08:55:05,"Bagus, tapi kadang kata kunci gak pas, bakal susah nyari yg dimau.. jadi kalo emang gak pas atau gaada, bisa googling aja dulu.. ntar dimasukin ke fatsecret.. dan buat pilihan aktivitasnya masih minim sih"
Pengguna Google,5,2019-07-24 05:59:39,very good
Pengguna Google,5,2019-07-23 22:09:02,nice app
Pengguna Google,5,2019-07-23 20:51:35,Please Subscribe my YouTube channel : mrfulan
Pengguna Google,5,2019-07-23 14:18:23,sangat membantuuu
Pengguna Google,4,2019-07-22 09:15:22,lumayan
Pengguna Google,5,2019-07-22 00:35:44,"cakep,, lengkap dan mudah pemakaiannya,, akhirnya ada apps seperti ini"
Pengguna Google,5,2019-07-21 20:54:04,👍
Pengguna Google,5,2019-07-21 20:48:20,good
Pengguna Google,5,2019-07-21 05:41:45,sangat membantu
Pengguna Google,5,2019-07-20 18:51:55,good
Pengguna Google,5,2019-07-20 08:01:10,Good
Pengguna Google,5,2019-07-20 07:40:35,"terimakasih sudah membantu menghitung defisit kalori setiap harinya, untuk kedepannya tolong di tambahin menu camilan dan juga makanannya biar pas ngitungnya :)"
Pengguna Google,5,2019-07-20 00:07:05,bagus
Pengguna Google,5,2019-07-19 19:53:21,sangat membantu untuk program
Pengguna Google,5,2019-07-19 16:00:44,Bermanfaat
Pengguna Google,5,2019-07-19 07:13:33,sangat membantu disaat diet
Pengguna Google,5,2019-07-19 05:33:17,sukkkaaa
Pengguna Google,5,2019-07-18 18:38:02,bagus
Pengguna Google,5,2019-07-18 17:54:54,sangat membantu
Pengguna Google,5,2019-07-18 11:32:02,Informasi gizi dan jenis makanannya lengkap dan detail
Pengguna Google,4,2019-07-18 06:24:04,Dalam memantau apa yang dikonsumsi serta berat badan aplikasi ini sangat membantu...pengingat belum memasukan data yang dimakan...sangat membantu..
Pengguna Google,5,2019-07-17 19:00:00,"bagus buat hitung kalori, walau agak ribet. Rekomen"
Pengguna Google,5,2019-07-17 08:38:24,"Terima kasih untuk Fat Secret membantu saya mengontrol kalori yg masuk ke dalam tubuh. Jadi tidak mengira-ngira lagi. Aplikasi yang bagus untuk menuju hidup lebih sehat, bisa sharing ilmu atau foto memotivasi rekan2 lainnya."
Pengguna Google,5,2019-07-16 23:40:34,ok. sangat membantu. bagi yang perlu
Pengguna Google,5,2019-07-16 20:50:46,ok
Pengguna Google,5,2019-07-16 13:03:31,👍
Pengguna Google,4,2019-07-16 11:49:59,bagus
Pengguna Google,5,2019-07-16 11:07:09,"Membantu banget buat diet kalori defisit, 3 minggu pertama melakukan diet dibantu fat secret, baju yang tadinya sudah kekecilan kini muat lagi. Good job!"
Pengguna Google,4,2019-07-15 19:21:38,sangat membantu bagi saya 🥰🥰🥰
Pengguna Google,5,2019-07-15 14:44:44,sangat membantu
Pengguna Google,5,2019-07-15 14:01:18,good app
Pengguna Google,5,2019-07-15 09:27:59,banyakin menu makanan Indonesia dong
Pengguna Google,5,2019-07-15 09:02:32,aplikasinya membantu bangetttt
Pengguna Google,5,2019-07-15 08:09:57,bagus
Pengguna Google,3,2019-07-15 07:30:15,masih bingung pake nya
Pengguna Google,5,2019-07-14 16:14:21,"sangat membantu dalam mengatur pola makan untuk tidak melebihi kalori harian,saya kasih 5 bintang"
Pengguna Google,5,2019-07-14 10:46:02,banyak info diet dan resep makanan dari anggota2 fatsecret
Pengguna Google,5,2019-07-14 10:14:23,Sangat membantu utk mengatur pola makan..
Pengguna Google,5,2019-07-14 04:55:27,sangat berguna.. semoga dapat dikembangkan lagi
Pengguna Google,5,2019-07-13 14:23:48,goodd bgt dah . cinta fs lup lup
Pengguna Google,5,2019-07-13 08:06:00,sangat membantu buat diet
Pengguna Google,4,2019-07-13 07:23:27,bpbbpp pop opoo. po ol l oooo
Pengguna Google,5,2019-07-12 22:19:24,app yg paling bagus yang pernah ada. dengan aplikasi ini sya bisa mengatur pola makan sehat da menurunkan bb saya tengkyu fatsecret
Pengguna Google,4,2019-07-12 17:33:44,cukup membantu
Pengguna Google,5,2019-07-12 12:42:31,"sangat akurat, jumlah kalori makanan rata rata pad. dari 95.6 kg - 88.9"
Pengguna Google,5,2019-07-12 10:38:48,luar biasa..proses bulking jd lebih mudah untuk mendapatkan jumlah kalori yg tepat tiap hari.. btw cara post dihalaman utama gmn ya??
Pengguna Google,3,2019-07-12 08:25:44,good
Pengguna Google,4,2019-07-12 07:17:09,membantu untuk perhitungan kalori dan tolong di perbanyak lagi untuk info gizi makanan dan minuman.
Pengguna Google,4,2019-07-12 06:06:07,sejauh ini oke saja.. hanya saja menu nya kurang lengkap
Pengguna Google,5,2019-07-11 22:22:22,keren aplikasiny
Pengguna Google,5,2019-07-11 20:39:43,love it
Pengguna Google,5,2019-07-11 16:46:48,Ngebantu bgt buat kontrol kalori
Pengguna Google,5,2019-07-11 15:37:36,recommended banget nih bro sist
Pengguna Google,5,2019-07-11 13:15:23,"oke, buat memantau makanan atau timbangan tiap hari, jadi tau brpa kalori yang sudah masuk dlm tubuh.. berguna banget pokok nya ini aplikasi, cocok buat yang mau diet."
Pengguna Google,4,2019-07-10 20:49:03,bagus
Pengguna Google,5,2019-07-10 15:44:10,Mantul 👍
Pengguna Google,5,2019-07-10 13:36:51,bagus sekali
Pengguna Google,5,2019-07-10 12:31:33,👍👍👍👍👍👍👍
Pengguna Google,1,2019-07-10 11:58:25,kenapa saya tidak bisa buat akun?
Pengguna Google,5,2019-07-10 06:59:25,sangat membantu dalam program calorie defisit saya
Pengguna Google,5,2019-07-09 20:29:45,Sangat membantu bagi yang program diet
Pengguna Google,5,2019-07-09 17:11:10,"super sekali sangat membantu , perbanyak lg jenis makanan gan"
Pengguna Google,5,2019-07-08 20:48:54,bagus
Pengguna Google,5,2019-07-07 17:00:43,good job FS.. I love You😘
Pengguna Google,5,2019-07-07 08:05:29,ok bgt
Pengguna Google,4,2019-07-07 07:18:29,"Dulu sempat pakai ini, tapi satu bulannya aku copot karena aku udah kebanyakan aplikasi 😂 tapi saat udah ganti hp aku download lagi emang berguna banget bisa bantu kontrol kalori yang masuk dan juga bisa jadi inspirasi kecilku😂"
Pengguna Google,5,2019-07-07 06:28:33,Thank you 😘😘😘
Pengguna Google,5,2019-07-06 18:18:20,"Sangat membantu , Alhamdulillah timbangan makin geser ke kiri semenjak defisit kalori pakek Fs😁👍"
Pengguna Google,5,2019-07-06 14:38:19,mantap...
Pengguna Google,5,2019-07-06 14:20:54,aku sukaa sangt membantu
Pengguna Google,5,2019-07-06 12:44:39,good
Pengguna Google,5,2019-07-05 20:49:50,good
Pengguna Google,4,2019-07-05 20:32:27,aku kasi bintang 4 dlu nanti kalo udah berhasil aku tambahin
Pengguna Google,5,2019-07-05 09:09:15,sangat bermanfaat untuk diet saya
Pengguna Google,5,2019-07-05 08:20:22,"saya sangat menyesal telah mendownload app ini, menyesal karena saya baru tau sekarang. gila bagus bener ini aplikasi, terimakasih kepada developer yang telah membuatnya..."
Pengguna Google,5,2019-07-04 19:34:26,berguna buat yg benar benar niat kurus
Pengguna Google,5,2019-07-04 18:35:08,sangat membantu sekali dalam program diet!💛
Pengguna Google,5,2019-07-04 11:05:23,bagus dan membantu bgt untuk yg lagi mau diet!
Pengguna Google,5,2019-07-03 07:43:23,bagus
Pengguna Google,5,2019-07-02 22:35:37,sepertinya ada kesalahan dalam penulisan jumlah serat dalam pisang Ambon
Pengguna Google,5,2019-07-02 21:05:54,Menu makanannya perlu dilengkapi ya
Pengguna Google,5,2019-07-02 19:19:11,💞💞💞💞 ngebantu banget...
Pengguna Google,5,2019-07-02 18:58:16,mantap aplikasi y
Pengguna Google,5,2019-07-02 17:42:31,sangat membantu saya untuk defisit kalori
Pengguna Google,5,2019-07-02 08:09:44,"makan menyenangkan jadi lebih terkontrol, happy tummy... happy diet..."
Pengguna Google,5,2019-07-01 08:14:50,paling suka aplikasi ini deh
Pengguna Google,4,2019-06-30 19:29:53,bagus sih membantu banget tpi tolong perbanyak menu nya saya cari roti gamdum bread.co gaada:((
Pengguna Google,5,2019-06-30 17:52:56,Suka banget
Pengguna Google,5,2019-06-30 08:11:03,"sangat membantu kita dalam penghitungan kolori tiap hari,jadi kalori yang kita butuhkan terkontrol tidak berlebih"
Pengguna Google,5,2019-06-29 13:16:17,"suka banget aplikasi ini, bisa menghitung kalori makanan setiap hari dengan akurat dan banyak teman-teman pejuang diet juga, jadi bisa sharing dan makin termotivasi hehe semangat hidup sehat semuanyaaa 😶"
Pengguna Google,5,2019-06-28 17:37:06,good
Pengguna Google,5,2019-06-28 09:50:27,mantap turun 4 jg dalam 2 minggu
Pengguna Google,5,2019-06-28 08:36:46,sangat membantu program diet saya
Pengguna Google,5,2019-06-27 12:22:41,Membantu menghitung kalori yang masuk
Pengguna Google,5,2019-06-25 11:43:24,bagus banget ini apk nya
Pengguna Google,5,2019-06-24 20:14:28,Thank you
Pengguna Google,5,2019-06-24 09:49:32,"Kalo disiplin, bener2 berguna untuk ptogram menurunkan berat badan. suka!"
Pengguna Google,5,2019-06-22 08:42:48,cukup membantu
Pengguna Google,5,2019-06-22 04:15:52,bagus buat mengontrol makanan dan aktivitas
Pengguna Google,5,2019-06-21 17:38:40,Bagus sekali 😘😘😘
Pengguna Google,5,2019-06-20 08:38:56,sangat membantu mengatur kalori harian
Pengguna Google,5,2019-06-20 08:16:36,bagus...membantu kontrol kalori intake
Pengguna Google,5,2019-06-19 17:06:02,membantu banget dan mudah pemakaiannya
Pengguna Google,4,2019-06-19 10:23:22,sangat membantu dalam menghitung kalori
Pengguna Google,4,2019-06-19 03:36:04,aplikasi yg sangat membantu food record😎😎mungkin perlu ditambahkan jenis2 workout nya saja
Pengguna Google,5,2019-06-18 09:27:16,sangat membantu menghitung konsumsi sehari jari
Pengguna Google,5,2019-06-17 06:40:37,benar2 membantu!
Pengguna Google,5,2019-06-16 08:54:27,membantu sekali ...
Pengguna Google,5,2019-06-15 20:47:42,kwren😗
Pengguna Google,5,2019-06-14 21:34:02,keren banget.. cocok buat yg lagi diet..
Pengguna Google,5,2019-06-14 19:39:55,👍
Pengguna Google,5,2019-06-14 01:45:45,sangat membantu thanks
Pengguna Google,4,2019-06-13 18:20:00,top
Pengguna Google,5,2019-06-13 14:53:17,"gk oleh diisi opo opo ambk bundaku,-"
Pengguna Google,2,2019-06-13 08:10:51,aplikasi nya pakek wifi gak bisa di buka
Pengguna Google,5,2019-06-12 20:32:34,good
Pengguna Google,5,2019-06-12 13:02:20,mantap abis
Pengguna Google,5,2019-06-11 13:54:23,sukaaa
Pengguna Google,5,2019-06-11 11:25:54,keren
Pengguna Google,5,2019-06-11 10:43:54,sangat membantu utk cutting
Pengguna Google,5,2019-06-11 09:58:06,membantu banget lhoooo thankyou yaaa
Pengguna Google,5,2019-06-10 13:48:44,Sangat berguna utk mengontrol konsumsi kalori kita
Pengguna Google,5,2019-06-10 12:17:34,lagi coba2
Pengguna Google,4,2019-06-10 09:07:03,"Aplikasi ini membantu dalam mengurangi kalori masuk, juga dapat mengetahui nutrisi yg sudah kita konsumsi"
Pengguna Google,5,2019-06-10 04:05:28,keren....
Pengguna Google,5,2019-06-09 19:31:56,sebuah aplikasi yang sangat membantu sekali buat orang2 yang mau diet
Pengguna Google,5,2019-06-09 11:43:44,Sangat membantu tracking kalori yg masuk ke tubuh. Mungkin katalog makanannya lebih diperbanyak makanan lokal indonesia.
Pengguna Google,5,2019-06-05 06:15:59,"Terima kasih telah membantu diet saya, alhamdulillah sangat berperan ketika saya sakit liver tahun kemarin. Tuhan memberkahi ya!"
Pengguna Google,5,2019-06-04 21:33:02,bagusss bangettt
Pengguna Google,5,2019-06-03 13:49:00,sgt membantu sekali trmksh
Pengguna Google,5,2019-06-01 22:41:27,perfect for me
Pengguna Google,4,2019-06-01 18:12:29,sangat membantu dlm mengontrol kalori yg masuk. hnya sja masih ad bbrp makanan yg tidak tercantum disini. trimz
Pengguna Google,5,2019-05-31 18:09:54,sangat membantu dalam menghitung kalori
Pengguna Google,5,2019-05-27 18:10:17,Sangat berguna sekali
Pengguna Google,5,2019-05-27 10:26:37,sip
Pengguna Google,5,2019-05-27 08:12:06,good
Pengguna Google,5,2019-05-27 03:28:18,sangat membantu
Pengguna Google,5,2019-05-26 19:22:29,sangat bermanfaat
Pengguna Google,5,2019-05-26 19:18:49,sangat membantu untuk proses defisit kalori...
Pengguna Google,5,2019-05-26 12:18:34,cocok untuk diet pemula😂😂😂
Pengguna Google,5,2019-05-25 04:42:26,"good job fatsecret, saya program defkal selama puasa. 20 hari turun 4kg 😍"
Pengguna Google,5,2019-05-24 22:47:22,sangat membantu untuk menghitung kalori harian
Pengguna Google,5,2019-05-24 20:22:11,terimakasih Fat Secret 🤗
Pengguna Google,4,2019-05-24 15:02:55,"Alat yg bs digunakan untuk mengetahui jumlah karbo yg dimakan setiap hari, termasuk asupan lainnya. Protein, lemak dll. Goodlah..."
Pengguna Google,5,2019-05-24 13:29:02,sangat membantu program diet aku
Pengguna Google,5,2019-05-24 04:11:32,sangat bermanfaat mengatur pola makan
Pengguna Google,5,2019-05-23 19:30:58,Sgt membantu
Pengguna Google,5,2019-05-23 11:21:44,berkat nih app saya bisa ngontrol makan saya dan dalam 12 bulan BB saya turun sebanyak 58 Kg 😁😊.. thanks FS
Pengguna Google,5,2019-05-23 10:37:18,sangat membantu
Pengguna Google,5,2019-05-22 21:43:40,membantu dlm program diet.jd kita tau brp banyak kalori yg kita makan. tq
Pengguna Google,5,2019-05-22 14:40:29,membantu sekali dalam menghitung kalori yg masuk....
Pengguna Google,5,2019-05-20 14:33:36,sangat membantu untuk memudahkan menghitung kalori
Pengguna Google,5,2019-05-20 08:55:15,mempermudah hitung kalori
Pengguna Google,3,2019-05-19 18:06:41,sangat membantu program deat
Pengguna Google,5,2019-05-19 15:15:57,bermanfaat sekali.
Pengguna Google,5,2019-05-18 19:48:13,sangat2 membantu untuk diet
Pengguna Google,5,2019-05-18 14:31:13,"Sangat membantu sekali dalam proses mengurangi porsi makan, semoga bisa jadi gaya hidup. Sukses terus buat fat secret"
Pengguna Google,5,2019-05-18 13:39:02,nice
Pengguna Google,5,2019-05-18 10:36:49,"bagus, tp perlu ditingkatkan, masakan rumah yg dibuat sendiri tidak keluar yh di ketik"
Pengguna Google,5,2019-05-18 09:42:32,bagus
Pengguna Google,4,2019-05-18 04:23:02,jos
Pengguna Google,5,2019-05-18 00:36:51,tidak bagus
Pengguna Google,4,2019-05-17 19:30:20,baik
Pengguna Google,5,2019-05-17 18:13:31,cukup membantu progam diet
Pengguna Google,4,2019-05-17 16:07:17,cukup membantu saat diet
Pengguna Google,5,2019-05-17 13:01:41,suka sekali
Pengguna Google,5,2019-05-16 21:14:24,kurang sate sapi gak ada kalori nya
Pengguna Google,5,2019-05-16 18:17:56,mantap sangat membantu
Pengguna Google,5,2019-05-14 18:53:40,Alhamdulillah... ngebantu banget buat ngontrol jumlah konsumsi kalori harian... yuhuuuu... bb aku turun 7 kilo setelah 2 bulan pake aplikasi ini...
Pengguna Google,5,2019-05-14 13:39:33,bagud banget. sangat membantu dan memotivasi program dietku
Pengguna Google,5,2019-05-13 19:15:21,"lumayan untuk pengendali berat badan,"
Pengguna Google,5,2019-05-13 17:56:49,Bantu banget ini
Pengguna Google,5,2019-05-13 10:19:09,nice app. sangat membantu program dietku
Pengguna Google,5,2019-05-12 19:01:44,membantu sekali untuk mengatur kalori masuk dan keluar
Pengguna Google,5,2019-05-12 18:30:48,mantap pisan euy
Pengguna Google,4,2019-05-12 09:47:58,helpfull.
Pengguna Google,4,2019-05-12 01:13:50,bagus
Pengguna Google,5,2019-05-11 20:52:27,"sangat bermanfaat buat yg lagi diet. kalo bisa ditingkatkan lagi, terutama untuk penambahan daftar makanannya"
Pengguna Google,5,2019-05-11 18:27:58,"berharap fatsecret bisa mirip2 instagram, tapi sejauh ini okelah, yang disayangkan postan org lain selalu ada yg terulang, dan fs di aplikasi sama di web beda, lebih lengkap diweb"
Pengguna Google,5,2019-05-10 18:09:00,sangat membantuuu
Pengguna Google,5,2019-05-10 08:26:53,Sangat membantu mengontrol asupan kalori harian. Recommended bagi yg sedang program penurunan BB atau menaikkan BB.
Pengguna Google,4,2019-05-10 06:46:10,bagus
Pengguna Google,5,2019-05-10 05:14:51,Best
Pengguna Google,5,2019-05-10 04:11:35,"Terimakasih developer, ini Aplikasi mudah dan nyaman banget di gunakan. Senang dengan segala informasi seputar makan. Best Aplikasi"
Pengguna Google,5,2019-05-09 20:31:57,jadi terkontrol makannyaa
Pengguna Google,5,2019-05-09 19:30:14,membantu banget .. mengatur pola makan ... 😍😍😍
Pengguna Google,5,2019-05-09 17:27:33,terimakasih fs
Pengguna Google,5,2019-05-09 11:34:50,nice application for person who wants start healthy life 🙏
Pengguna Google,5,2019-05-09 01:58:49,perlu penambahan makanan
Pengguna Google,5,2019-05-08 07:39:31,membantu sekaliii
Pengguna Google,5,2019-05-07 10:21:47,bisa bantu jd kurus dan mantau untuk orang pelupa seperti aku
Pengguna Google,5,2019-05-07 07:51:15,aplikasi yang membantu.. pkoknya oke.. klo bisa makanan nya di banyakin jadi pengatur kalorinya kelihatan
Pengguna Google,5,2019-05-06 21:04:23,cukup membantu
Pengguna Google,5,2019-05-06 17:56:16,Nice
Pengguna Google,5,2019-05-06 10:22:10,bagus untuk program diet
Pengguna Google,5,2019-05-06 08:17:16,"Sangat membantu,untuk mengontrol jumlah asupan kalori"
Pengguna Google,1,2019-05-05 21:34:24,"gagal login mulu dah, ampuuunn.."
Pengguna Google,5,2019-05-03 18:18:19,sangat membantu aplikasi ini😊
Pengguna Google,5,2019-05-03 13:54:13,bagus
Pengguna Google,5,2019-05-03 10:38:19,taps
Pengguna Google,4,2019-05-03 08:35:24,sangat membntu
Pengguna Google,5,2019-05-03 06:09:29,"aplikasi mantab, membantu saya mengontrol asupan makanan, program diet terkendali"
Pengguna Google,5,2019-05-02 05:08:53,Sangat bagus
Pengguna Google,5,2019-05-01 17:05:55,Bagus ..bisa memotivasi untuk mencapai target diet
Pengguna Google,5,2019-05-01 04:40:19,"sangat membantu yang lagi diet , jdi bisa mengontrol kalori yg dimakan tiap hari 🤗"
Pengguna Google,5,2019-05-01 00:21:44,🤗🤗🤗
Pengguna Google,5,2019-04-30 11:28:16,aplikasi yg sangat2 Membantu buat pengatur apa yg qta makan... Thanks
Pengguna Google,1,2019-04-29 19:38:57,kok gag bisa di buka ya
Pengguna Google,5,2019-04-29 12:18:52,jadi pengingat kalori yg sdh di mkn
Pengguna Google,5,2019-04-29 07:08:32,sangat membantu
Pengguna Google,4,2019-04-29 06:01:20,bagus kli
Pengguna Google,5,2019-04-28 17:35:34,manjur banget pk app ini.. diet ku sukses.. makasih fat secret.. dah trun 13 kilo selama pk app ini 2 bulan ini..
Pengguna Google,5,2019-04-28 14:46:27,hai tayyoo
Pengguna Google,4,2019-04-28 09:32:48,sangat puas
Pengguna Google,5,2019-04-27 18:34:02,"aplikasi bermanfaat sekali, untuk dapat memonitor asupan kalori yg masuk ke tubuh kita"
Pengguna Google,5,2019-04-27 05:26:30,good
Pengguna Google,5,2019-04-26 21:37:49,"FS ini sangat membantu dalam program penurunan BB saya, mampu menyeleksi dan menghitung serta mengatur apa dan berapa kalori yg masuk dlm tubuh.. terima kasih FS"
Pengguna Google,5,2019-04-26 20:44:19,great.
Pengguna Google,4,2019-04-26 12:10:47,"saya pribadi suka aplikasi FS ini, mnta tlong update lagi daftar kalori terbarunya"
Pengguna Google,5,2019-04-26 11:45:40,membantu banget untuk menghitung dan mengendalikan asupan kalori sehari hari
Pengguna Google,5,2019-04-26 09:21:58,Bagus bangett!!!.. Aku bisa kontrol kaloriku meskipun kadang makanan yang dimakan gk clean food.
Pengguna Google,4,2019-04-26 06:30:59,membantu diet ... semoga lebih lengkap lg jenis makannya
Pengguna Google,5,2019-04-26 05:04:32,bangus aplikasinya
Pengguna Google,5,2019-04-25 12:02:10,"sangat membantu , terima kasih"
Pengguna Google,5,2019-04-25 10:51:47,mempermudah sya mengatur kalori makanan
Pengguna Google,5,2019-04-24 18:54:40,bagus banget deh.....
Pengguna Google,3,2019-04-24 11:20:46,coba dly ya..trimakasih
Pengguna Google,5,2019-04-23 19:25:15,"mau nanya,cara nge post foto atau bikin status nya gmana ya? masih bingung aku"
Pengguna Google,5,2019-04-23 18:30:02,membantu kontrol kebutuhan kalori
Pengguna Google,5,2019-04-23 14:20:23,good
Pengguna Google,5,2019-04-23 12:17:36,sangat recomendet
Pengguna Google,5,2019-04-23 11:16:18,kerennn appnya
Pengguna Google,5,2019-04-22 17:25:12,Nice bagus banget banget banget
Pengguna Google,5,2019-04-22 08:02:40,good
Pengguna Google,5,2019-04-22 06:58:10,Terima kasih telah membantu program dietku
Pengguna Google,5,2019-04-21 18:34:06,Membantu banget
Pengguna Google,5,2019-04-21 11:13:59,aplikasi yg sangat membantu mengkontrol pola makan
Pengguna Google,4,2019-04-21 08:28:11,suka banget sama aplikasinya..bisa bantuin mantau dan ngitung kalori:))
Pengguna Google,5,2019-04-20 20:53:55,"lebih dilengkapi lagi untuk beberapa makanan yg belum tercantum, selebihnya SANGAT OKE!"
Pengguna Google,5,2019-04-20 20:10:22,👍
Pengguna Google,5,2019-04-19 20:05:34,sangat membantu utk mengontrol jumlah kalori yg di konsumsi setiap harinya 😇
Pengguna Google,5,2019-04-19 15:20:44,sangat membantu untuk defisit kalori.
Pengguna Google,5,2019-04-19 11:31:55,👍🏻
Pengguna Google,5,2019-04-19 07:32:05,mantab
Pengguna Google,5,2019-04-19 00:23:51,sangat membantu
Pengguna Google,5,2019-04-18 19:45:53,membantu mengontrol kalori harian
Pengguna Google,5,2019-04-18 12:38:23,sangat membantu
Pengguna Google,5,2019-04-18 12:24:32,🌟lima
Pengguna Google,4,2019-04-17 15:17:25,sangat membantu bagi kami yang mau program diet 👍
Pengguna Google,3,2019-04-16 15:03:52,"aku beneran gak ngerti njh dengan aplikasi ini, cara hitung kalori gmna?, kok enggak keluat"
Pengguna Google,4,2019-04-16 07:12:39,mantapz lah sangat membantubprogram diet saya
Pengguna Google,4,2019-04-16 00:28:36,ga lengkap untuk menu makanannya
Pengguna Google,5,2019-04-15 17:27:38,yang bikin diet berasa bebaswkwk
Pengguna Google,5,2019-04-15 11:36:03,teramat bagus
Pengguna Google,4,2019-04-15 08:02:35,daftar makanan masih blm komplit..🙊🙃
Pengguna Google,5,2019-04-14 14:44:29,Like this app😍❤
Pengguna Google,2,2019-04-14 14:22:44,"ada beberapa makanan yang tidak tepat kadar gizinya sama sekali. contoh: dietary fiber, kadar fiber nya 0. aloe vera kadar fiber 0. harus segera diperbaiki."
Pengguna Google,5,2019-04-14 08:50:54,ok
Pengguna Google,3,2019-04-14 06:39:39,👍
Pengguna Google,5,2019-04-13 18:45:50,sangat tertolong..defisit kalori..alhamdulillah turun..meski msh bnyak pr tp ttp healthi
Pengguna Google,5,2019-04-13 14:11:14,bagus
Pengguna Google,5,2019-04-13 10:40:21,Sangat membantu program dietku...
Pengguna Google,5,2019-04-12 21:19:06,seneng banget ada aplikasi ini
Pengguna Google,3,2019-04-12 13:20:43,sangat membantu
Pengguna Google,5,2019-04-12 11:14:18,"Aplikasi keren, sangat bermanfaat 👍🏻👍🏻"
Pengguna Google,5,2019-04-12 04:21:15,keren!
Pengguna Google,5,2019-04-11 15:02:20,membantu dalam menghitung kalori makanan saya
Pengguna Google,5,2019-04-11 06:11:38,sangat bermanfaat memanage kalori saya dengan sangat baik.terimakasih
Pengguna Google,5,2019-04-10 09:10:16,aplikasi yang sangat membantu🙏
Pengguna Google,5,2019-04-09 20:21:19,cara menghapus istrhat ini di menu latihan gimana ya?
Pengguna Google,4,2019-04-08 17:46:34,Lumayan bantu untuk mengetahui apa aja yg masuk n lebih bisa milah makan.
Pengguna Google,5,2019-04-08 15:27:06,"ok, banget awalnya bingung menggunakan di tempat berat badan, ternyata saya harus isi sendiri tiap ada penurunan berat badan ....terima kasih"
Pengguna Google,5,2019-04-08 10:28:14,Bagus
Pengguna Google,4,2019-04-08 06:47:29,Lebih ditingkatkan untuk NF makanan Indonesia
Pengguna Google,5,2019-04-08 05:33:23,Sangat membantu program diet saya. thanks fs
Pengguna Google,5,2019-04-07 20:00:54,"mambantu banget pokoknya ini aplikasi,jadi kita bisa hitung jumlah asupan kalori tiap hari"
Pengguna Google,5,2019-04-07 16:38:14,aplikasi yg baguuss banget buat partner diet... 👍👍👍👍👍👍👍
Pengguna Google,4,2019-04-07 06:48:39,mantul
Pengguna Google,4,2019-04-06 21:15:44,terimakasih sudah membantu mengukur asupan makanan sehari-hari
Pengguna Google,5,2019-04-06 20:09:29,mantulllllll
Pengguna Google,5,2019-04-06 15:59:44,terbaik.. menu indonesia ada semua dna bida di masukkan
Pengguna Google,5,2019-04-06 14:13:23,aplikasi ini oke bgt bagi yg sedang ngatur pola makan. jadi tau maksimal asupan harian. biar ga nabrak2 lg. diet tp tetep makan enak 👏👏👏
Pengguna Google,4,2019-04-06 05:31:35,good app👍
Pengguna Google,5,2019-04-06 02:34:45,bagus sekali
Pengguna Google,5,2019-04-05 20:43:00,mantaps
Pengguna Google,4,2019-04-05 11:58:55,bagus banget oyy buat defkal tapi bintang 4 dulu yah karena belum lengkap menu makannya.. ditambahin lagi dong menunya sedetail2nyaa
Pengguna Google,4,2019-04-05 09:36:16,oke banget
Pengguna Google,5,2019-04-05 05:37:28,sangat membantu menurunkan berat badanku dan mengendalikwn asupanku. Thanks.
Pengguna Google,5,2019-04-04 22:30:43,bagus 👍
Pengguna Google,5,2019-04-04 10:13:36,menu nya kurg bnyak
Pengguna Google,5,2019-04-04 08:50:21,sangat membantu buat yang mau menurunkan berat badan..
Pengguna Google,4,2019-04-03 19:47:19,sangat membantu buat sy yg lagi program diet
Pengguna Google,5,2019-04-03 16:38:48,keren
Pengguna Google,5,2019-04-03 12:42:22,"sangat menbantu saat kita diet dengan mengatur kalori yang masuk kedalam tubuh, big thanks for developer 👍🏻👍🏻🙏🙏"
Pengguna Google,4,2019-04-03 10:24:56,cukup membantu
Pengguna Google,5,2019-04-03 08:35:34,sangat membantu..
Pengguna Google,5,2019-04-03 06:15:46,sangat membantu saya
Pengguna Google,5,2019-04-02 21:41:29,nex mungkin update menu makannya aja lg ya
Pengguna Google,5,2019-04-02 17:03:19,"sangat bermanfaat, hanya saja masih sistem online, ketika offline sulit"
Pengguna Google,5,2019-04-02 08:59:48,Sangat membantu program defisit kalori saya.. 😍😍😍
Pengguna Google,5,2019-04-02 08:22:18,helpful!
Pengguna Google,5,2019-04-02 04:52:03,sangat membantu
Pengguna Google,5,2019-04-01 19:31:28,mantap.. daftarnya lengkap dan bisa diatur sesuai jumlahnya.. trims
Pengguna Google,5,2019-04-01 13:03:20,woooow... bisa terkontrol kalori yg masuk pake app ni...
Pengguna Google,5,2019-04-01 13:01:42,sangat membantu
Pengguna Google,5,2019-04-01 11:18:48,"intinya...keren sih aplikasi ini, recommend banget"
Pengguna Google,5,2019-04-01 10:04:55,👍👍👍👍👍👍👍
Pengguna Google,5,2019-04-01 09:25:16,"Mantap kalii lah jadi bisa kira"" kan kalori makanan"
Pengguna Google,5,2019-03-31 11:46:08,"terimakasih, saya jadi lebih bisa mengontrol konsumsi makanan👍"
Pengguna Google,5,2019-03-31 10:10:41,sangat puass.. makasih..
Pengguna Google,5,2019-03-31 07:58:57,coba dulu
Pengguna Google,5,2019-03-31 06:41:14,"sangat beeguna untuk menetralkan, menurunkan, maupun menaikkan berat badan yang membuat kita tau semana kita butuh kalorinya jadi ga berlebihan ga kekurangan . Diet Sehat = Fat Secret"
Pengguna Google,4,2019-03-30 07:45:34,sangat membantu
Pengguna Google,5,2019-03-29 19:50:56,Aplikasi wajib buat para pejuang Indonesia Slim
Pengguna Google,5,2019-03-29 06:45:08,trimakasih
Pengguna Google,5,2019-03-29 06:39:40,"cukup membantu disaat Diet,,buat kita sadar Kalori setiap makanan yg kita makan..meskipun kadang nama makanan'a masih kurang kumplit😁 bagus ko 👍😊"
Pengguna Google,5,2019-03-28 21:05:49,seminggu turun 2kg dengan mengatur asupan kalori dr fatsecret..
Pengguna Google,4,2019-03-28 19:19:28,k Er en
Pengguna Google,4,2019-03-28 17:47:14,😆
Pengguna Google,4,2019-03-28 14:33:00,Nice
Pengguna Google,5,2019-03-28 14:30:04,Alhamdulillah kawal bb ideal
Pengguna Google,5,2019-03-28 08:35:44,bagus
Pengguna Google,5,2019-03-28 07:46:31,membantu sekali😘😘
Pengguna Google,3,2019-03-27 13:39:35,"bagus sihh,, tapi saya kebingungan kalo makan nasi putih 3 sendok makan setara dengan brapa ons ya?? kalo bisa ada ukuran sendok. terimakasihh"
Pengguna Google,5,2019-03-27 08:17:24,Aplikasinya keren. Sangat membantu saya menurunkan berat badan.
Pengguna Google,5,2019-03-26 08:30:47,sangat membantu untuk program diet
Pengguna Google,4,2019-03-26 08:05:02,bagus
Pengguna Google,2,2019-03-25 21:32:33,msh kurang lengkap jenis makanan dan brp kalorinya
Pengguna Google,5,2019-03-25 21:23:56,sangat membantu
Pengguna Google,4,2019-03-25 12:28:44,"tambahin yg menu indonesianya lg ya,,kya timlo ato makanan khas lainya"
Pengguna Google,5,2019-03-25 10:41:41,bagus
Pengguna Google,5,2019-03-25 09:16:04,ok
Pengguna Google,5,2019-03-24 22:27:21,emezing dngn ada nya aplikasi ini saya bisa tau jumlah kalori yang masuk dlm tubuh saya dan alhasil diet saya berhasil dan tdk berlebihan kalori yang masuk thanks 😊
Pengguna Google,5,2019-03-23 15:15:23,"sangat membantu,tolong kadar gizi nya di tambahkan lagi,yang belum masuk list,dan lebih aktual"
Pengguna Google,3,2019-03-23 13:34:04,banyak makanan yg gk ada..bagus sih tapi ya gitu
Pengguna Google,5,2019-03-23 11:47:22,"i love this apps, because i can organize my calorie 👆👆"
Pengguna Google,5,2019-03-22 09:41:02,gut
Pengguna Google,5,2019-03-22 06:02:25,sip
Pengguna Google,5,2019-03-21 18:09:03,Aplikasi paling bagus untuk diet
Pengguna Google,5,2019-03-21 15:44:11,aplikasi yang sangat membantu asupan kalori kita setiap hari. download apk ini ga nyesel.
Pengguna Google,4,2019-03-21 12:04:39,good
Pengguna Google,5,2019-03-21 11:17:41,sangat membantu
Pengguna Google,5,2019-03-21 10:32:24,good
Pengguna Google,5,2019-03-20 23:05:58,Sangat membantu
Pengguna Google,5,2019-03-20 16:36:16,bagus banget
Pengguna Google,5,2019-03-20 15:18:03,good
Pengguna Google,5,2019-03-20 12:19:13,good app
Pengguna Google,5,2019-03-20 11:46:42,aplikasi yg sangat bermanfaat... dari 100 kg turun ke 70 kg.. trimakasih
Pengguna Google,5,2019-03-20 05:31:22,thanks ini sangat membantu walaupun ada beberapa makanan yg tdk terdapat dlm aplikasi sehingga bingung hitung kalori nya
Pengguna Google,5,2019-03-19 18:37:53,"Sangattt membantuu mengitung kalori yg kta makaannn, Terimakasih banyakkk 😘"
Pengguna Google,5,2019-03-19 10:17:53,sukaa.. semenjak pke aplikasi ini sebulan bisa turun 4kilo. Jadi bsa jaga makan karna tau berapa kalori yg diperlukan.
Pengguna Google,5,2019-03-19 09:57:10,"mantap banget aplikasinya.. ngitung selalu kalori yang masuk ke tubuh, jadi bisa kekontrol.. alhasil dengan diet yang bener dan disiplin, turun 2 kg setiap bulan.. 😂😂"
Pengguna Google,5,2019-03-19 06:46:48,Sngat mmbntu utk program diet saya.... Bgus
Pengguna Google,5,2019-03-18 19:15:49,ok banget
Pengguna Google,4,2019-03-18 15:44:10,bagus
Pengguna Google,5,2019-03-18 10:51:08,bagus dan bermanfaat bgt
Pengguna Google,5,2019-03-18 10:30:34,Worth it!
Pengguna Google,4,2019-03-18 08:02:16,banyak manfaat ketimbang mudhorotnya
Pengguna Google,5,2019-03-18 06:59:17,nice
Pengguna Google,5,2019-03-18 04:29:02,good app
Pengguna Google,5,2019-03-17 12:25:15,Keren aplikasinya sangat membantu saya merekam perjalanan diet sehari hari dan sekaligus menghitung kalori yang masuk setiap harinya. mungkin bisa ditambahkan fitur lain yang lebih menarik seperti penyediaan tampilam profil harian seperti galeri sehingga kita bisa mengenang proses setiap harinya yang susah payah kita lakukan supaya lebih semangat lagi hidup sehat
Pengguna Google,5,2019-03-16 21:19:29,siip
Pengguna Google,4,2019-03-16 20:47:53,belm bisa di mengerti
Pengguna Google,5,2019-03-16 19:12:21,"perfect, ngebantu banget buat ngitung kalori harian aku, jadi bisa kontrol asupan makanan kita , karena di fat secret ini kita bisa tau nilai gizi makanan, semisal jumlah protein, lemak, karbohidrat, gula dll.. komplit plit plitt...^_^ dengan bantuan fat secret ini aku bisa turun 8 kg 2 bulan.. thank you fat secret :-*"
Pengguna Google,5,2019-03-16 16:05:40,good job👌💯
Pengguna Google,5,2019-03-16 09:17:17,"mudah untuk cek kalori, tapi sebaiknya di update lagi agar lebih lengkap"
Pengguna Google,5,2019-03-16 06:05:52,jadi motivasi 2 minggu berat badan turun 2.8kg. dengan pengaturan makan dan jumlah kalori 😄
Pengguna Google,2,2019-03-15 21:08:12,"semoga bb ku nambah,biar badan ku ideal"
Pengguna Google,5,2019-03-15 08:06:10,top
Pengguna Google,5,2019-03-15 06:30:29,sangat berguna
Pengguna Google,5,2019-03-14 11:19:54,Sangat membantu
Pengguna Google,5,2019-03-14 08:35:26,aplikasi ini sangat membantu. keren bgt tiap minggu BB aku turun. terima kasih aplikasi pintar!!
Pengguna Google,5,2019-03-13 23:44:15,mantap. akutuh makan suka ga itung2. ampir pecah kaca cermin ga muat bayangan eike disitu. Fatsecret thanks bb udah balik lagi. bye 30kg byee
Pengguna Google,4,2019-03-13 17:07:12,oke
Pengguna Google,4,2019-03-13 08:38:25,"cukup bagus sangat membantu, tapi boleh bgt di tambah lg variasi daftar makanannya"
Pengguna Google,5,2019-03-12 15:45:21,"Good app doain turun BB, Sehat, Dan Abs"
Pengguna Google,5,2019-03-11 16:54:38,sangat membantu program ku tks FS
Pengguna Google,5,2019-03-10 13:19:02,👍👍
Pengguna Google,5,2019-03-10 09:02:30,(y)
Pengguna Google,5,2019-03-10 07:03:52,bisa turun 18 kilo karena aplikasi ini dan google fit serta mi band
Pengguna Google,5,2019-03-09 17:10:57,Sangat membantu utk mencatat kalori masuk
Pengguna Google,5,2019-03-09 09:12:09,"mantap, sangat membantu"
Pengguna Google,5,2019-03-09 09:00:35,aplikasi kereeeen. puas banget dan sangat membantu 😊
Pengguna Google,5,2019-03-08 22:01:54,sgt membantu
Pengguna Google,5,2019-03-08 16:37:50,good
Pengguna Google,5,2019-03-08 08:42:55,okkkk bgy
Pengguna Google,5,2019-03-07 17:53:29,sangat membantu mengontrol jumlah kalori yg saya makan per hari untuk menurunkan berat badan
Pengguna Google,4,2019-03-07 17:33:35,sangat membantu untuk program hidup sehat dan yg lagi jalani diet....untuk variasi makanan nya di tingkatkan lagi banyak yg gak ada pas klik menu nya...
Pengguna Google,5,2019-03-07 06:56:17,sngat membantu
Pengguna Google,3,2019-03-07 01:56:39,kadang gak ada .
Pengguna Google,4,2019-03-06 18:16:48,cukup membantu
Pengguna Google,4,2019-03-06 18:11:28,sempurna bagi yang berencana diet
Pengguna Google,4,2019-03-05 21:34:37,sangat membantu ☺️
Pengguna Google,5,2019-03-05 20:08:47,"Membantu sekali dalam menghitung kalori, cuma ada beberapa makanan yg tdk diketahui kalorinya"
Pengguna Google,5,2019-03-05 18:11:51,recomended banget👍
Pengguna Google,5,2019-03-05 08:27:01,aplikasi ini membantu bgt buat aku yg lagi diet.. keren
Pengguna Google,5,2019-03-05 08:01:00,luar. biasa
Pengguna Google,5,2019-03-04 19:56:30,"aplikasi ini bagus banget. bisa nambah ilmu tentang badan, dan nambah temen juga"
Pengguna Google,5,2019-03-04 19:39:44,ntaps
Pengguna Google,5,2019-03-04 11:40:38,sangat membantu
Pengguna Google,5,2019-03-04 10:30:07,recomended
Pengguna Google,4,2019-03-04 09:20:13,bagus bgt aku suka
Pengguna Google,4,2019-03-04 07:03:31,😍😍
Pengguna Google,5,2019-03-04 07:02:30,good
Pengguna Google,5,2019-03-04 06:26:43,sangat membantu
Pengguna Google,5,2019-03-03 21:54:19,mantapp
Pengguna Google,4,2019-03-03 19:11:36,sangat membantu dalam menghitung kalori untuk program diet saya....bagus banget 1 tahun pakai ini bisa turun 8 kg...memang tidak cepat tp bisa menjadi pola hidup sekarang
Pengguna Google,3,2019-03-03 09:52:01,baru nyoba segitu dlu aja:)
Pengguna Google,5,2019-03-03 09:21:45,Best
Pengguna Google,5,2019-03-03 09:07:03,good..
Pengguna Google,5,2019-03-02 23:41:16,sangat membantu untuk diet 😊😍
Pengguna Google,5,2019-03-02 21:50:07,aplikasi terbaik untuk orang orang yang belajar diet
Pengguna Google,5,2019-03-02 18:56:39,"Aplikasi yang bagus untuk memantau apa saja yang kita makan saat diet. Dengan fat secret, ngebantu diet banget karena dicantumkan juga kalori makanannya. thanks."
Pengguna Google,5,2019-03-02 16:45:41,bagus banget bisa tau kalori tiap hari
Pengguna Google,5,2019-03-02 12:42:26,keren apliaksinyaa... sangat membantu dalam perhitungan asupan makanan
Pengguna Google,5,2019-03-02 12:29:02,bagus sangan membantu sekali buat saya ngitung jumlah kalori yang masuk
Pengguna Google,5,2019-03-01 22:19:13,kerenn
Pengguna Google,5,2019-03-01 19:19:48,sejauh ini T.0.P B.G.T!!
Pengguna Google,4,2019-03-01 05:55:51,membantu sekali untuk mengontrol konsumsi makanan yg masuk dan apa saja yg perlu dikonsumsi untuk mencapai target
Pengguna Google,5,2019-03-01 02:05:39,ok
Pengguna Google,5,2019-02-28 17:21:46,sangat membantu
Pengguna Google,5,2019-02-28 12:35:35,sangat membantu
Pengguna Google,5,2019-02-28 09:18:31,semoga gak ada iklan2 gak jelas kalau ada iklan2 langsung uninstall. . thanks 😘
Pengguna Google,5,2019-02-27 23:25:20,"mantap pola makan ya jadi bisa di kontrol sama FS,,1,5 bln dah turun 6 kg dari 81 ke 75,,tapi di barengi olah raga ringan jg harus konsisten. thanks FS 😘😘💕💕"
Pengguna Google,3,2019-02-27 18:13:37,mau ganti target bb nya gimana ya?
Pengguna Google,5,2019-02-27 17:16:33,Sangat membantu menghitung asupan nutrisi makro dan kalori harian... cuma sedikit kurang lengkap pada bagian jenis2 makanannya... overall sangat baik
Pengguna Google,5,2019-02-26 10:19:02,Sangattttttt membantu.. Good
Pengguna Google,5,2019-02-26 08:54:35,terbantu sekali pakai fs. sayang nya masih ada bbrpa makanan yg blm trtera jumlah kalori nya di fs
Pengguna Google,5,2019-02-26 05:47:56,bener2 membantu dalam kontrol kalori
Pengguna Google,5,2019-02-25 19:50:51,aplikasi sangat membantu buat yg diet
Pengguna Google,5,2019-02-25 12:17:21,"hampir semua pasien, saya anjurkan pakai aplikasi ini.. karna pengobatan tertinggi adalah program makan yg tepat🙏"
Pengguna Google,5,2019-02-25 07:17:39,aplikasi terpenting di hp
Pengguna Google,5,2019-02-24 21:00:09,"rekomendasi aku banget. dalam 3 minggu aku turun berat badan 6 kilo dong. fat secret bantu banget buat hitung jumlah kalori harian, jadi makan bisa terkontrol. lebih tau lagi jumlah kalori dan nutrisi dalam makanan yang aku makan. tapi inget ya buat yang mau download, fatsecret bukan untuk melangsingkan badan, tapi untuk membantu hitung kalori yang masuk dan keluar. diet kembali ke pengguna 🖒"
Pengguna Google,3,2019-02-24 11:03:36,lumayan
Pengguna Google,5,2019-02-23 21:58:31,sangat membantu program diet saya.
Pengguna Google,5,2019-02-23 13:01:06,bagus tapi emang pilihan makananya masih kurang luas lg
Pengguna Google,5,2019-02-23 12:27:19,ok
Pengguna Google,5,2019-02-23 10:08:39,jadii terkontroll .. app paling baguss yg pernah ak cobaa.. semoga makin lengkap dan upgrade yaa..
Pengguna Google,5,2019-02-23 09:14:45,alhamdulillah aplikasi ini bagus dan membantu saya menurunkan berat badan yg td nya 60kg ke 50kg🤗
Pengguna Google,5,2019-02-23 08:59:34,suka dengan aplikasi ini
Pengguna Google,5,2019-02-23 07:50:15,NGAK perna nyesel deh download aplikasi ini karena sangat membantu dalam proses diet
Pengguna Google,5,2019-02-22 11:45:07,👌👌👌
Pengguna Google,3,2019-02-21 21:20:27,nice
Pengguna Google,5,2019-02-21 19:43:18,"Aplikasi yang sangat membantu diet secara tepat dan terukur, ditambah fitur sosial media khusus bagi para pelaku diet, jadi tambah semangat"
Pengguna Google,4,2019-02-21 17:18:44,"Expand the types of Indonesian food, sir"
Pengguna Google,5,2019-02-21 11:46:54,sangat membantu saya yg sedang diet
Pengguna Google,5,2019-02-20 19:11:20,"bagus kita bisa tahu perkiraan kalori yg kita makan vs yg kita bakar, karena aplikasi ini bisa link ke apk olahraga dan apk sport watch."
Pengguna Google,3,2019-02-20 18:12:10,Belum bisa sinkron dengan mi band 3. Tolong tambahkan perangkat mi band 3 pada aplikasi fat secret
Pengguna Google,4,2019-02-20 18:05:47,lumayan ok
Pengguna Google,5,2019-02-20 09:39:28,bagus dan sangat membantu
Pengguna Google,5,2019-02-20 08:05:03,good
Pengguna Google,5,2019-02-19 21:16:41,sangat membantu bagi yg lagi progam diet
Pengguna Google,4,2019-02-19 18:11:57,membantu mengatur kalori yg saya butuhkan
Pengguna Google,5,2019-02-19 12:54:12,bagus banget dengan ini bisa mengatur pola makan aq
Pengguna Google,5,2019-02-19 12:22:14,"The best healty Application lah... bisa buat sharing, jurnal, laporanya bagus dan yang paling the best adalah database makananya buanyakkkk...."
Pengguna Google,4,2019-02-19 12:00:02,so far so good
Pengguna Google,5,2019-02-18 17:58:48,cut calories😘
Pengguna Google,4,2019-02-18 16:18:24,good sangat.... (kenapa tidak bintang 5?) karna belum capai target bb. nanti ditambah setelah target tercapai
Pengguna Google,5,2019-02-18 10:33:22,sangat membantu utk program diet saya🙏
Pengguna Google,5,2019-02-18 07:55:14,sangat membantu saya
Pengguna Google,5,2019-02-18 07:24:07,aplikasi keren membantu sekali utk program naik turun berat badan..
Pengguna Google,5,2019-02-18 05:29:39,good
Pengguna Google,5,2019-02-17 23:38:13,"aplikasi ini sangat membantu saya dlm memantau ap sj yg sudh sy makan, brp kalori yg sudh sy konsumsi dlm shri, dn jg mencatat berat basan sy. yg lebih asyik lgi, kita bisa sama2 sharing dn saling mensupport teman2 yg lain krn diberikan wadah utk saling berbagi dn mendukung teman2 yg sdg dlm program diet jg. terus tingkatkan utk jdi lebih baik lagi, 👍🏼"
Pengguna Google,5,2019-02-17 22:31:59,baguss bgt....amat sangat membantu
Pengguna Google,3,2019-02-17 21:56:27,lumayan membantu
Pengguna Google,5,2019-02-17 16:04:32,bermanfaat dan membantu sekali terimakasih ❤️
Pengguna Google,5,2019-02-17 07:55:15,good
Pengguna Google,5,2019-02-16 20:35:58,saya turun 10kilo berkat bantuan nih aplikasi sumpah keren
Pengguna Google,5,2019-02-16 07:36:01,Sangat membantu dalam mengontrol asupan makanan dan tentunya BB saya. Saran dari saya agar jenis makanan lebih dilengkapi. Terimakasih FS
Pengguna Google,5,2019-02-16 05:57:51,good
Pengguna Google,5,2019-02-15 20:47:19,mantap sangat membantu program cutting saya
Pengguna Google,5,2019-02-15 18:39:22,"terima kasih fat secret sangat membantu saat menjalani diet untuk menghitung kalori, untuk daftar restoran tolong lebih banyak dan menu yg beragam lagi"
Pengguna Google,4,2019-02-15 13:11:07,"i like it, excellent app"
Pengguna Google,5,2019-02-15 05:19:46,bagus. diperbanyak lagi pilihan daftar kalorinya
Pengguna Google,1,2019-02-14 19:01:47,"Payah! Kenapa pada jam tertentu sulit diakses? Nggak bisa input makanan, padahal sinyal bagus."
Pengguna Google,1,2019-02-14 17:59:29,"jaringannya sangat lemot ,,padahal lancar ga ada kendala internet"
Pengguna Google,5,2019-02-14 17:20:24,lebih terkontrol asupan makanannya..thx fatsecret
Pengguna Google,1,2019-02-14 16:42:37,kira2 knpa kok g bisa dibuka lagi?
Pengguna Google,5,2019-02-14 16:31:54,"sangat membantu, awalnya ribet. tapi kalo sudah terbiasa enak pakainya. setiap mau makan lebih inggat kalori sudah tercukupi. cocok bangget buat diet cutting ataupin bulking"
Pengguna Google,5,2019-02-14 13:20:40,membantu bangettt 😍
Pengguna Google,3,2019-02-14 13:05:22,hari ini saya buka kok ngak bisa yah.? tolong di perbaiki donk
Pengguna Google,2,2019-02-14 13:03:57,gak bisa kebuka mulu.
Pengguna Google,4,2019-02-14 11:58:05,"Baik sih, banyak temen diet disini.. jadi tetep termotivasi☺☺"
Pengguna Google,5,2019-02-14 10:19:19,bagaimana menemukan item makanan yang belum ada dalam daftar makanan? misalnya dunkin donuts?
Pengguna Google,5,2019-02-14 05:22:07,"bagus dan keren ,membantu sekali dalam proses pola hidup yg sehat"
Pengguna Google,5,2019-02-13 15:57:59,help banget buat yg mau diet
Pengguna Google,3,2019-02-13 15:51:17,not working can you fix it?
Pengguna Google,5,2019-02-13 14:15:59,sudah sering sesuaaai ini
Pengguna Google,5,2019-02-13 12:22:25,Aplikasi yg cukup membantu dlm menghitung kalori harian saat diet bagi orang awam.
Pengguna Google,4,2019-02-13 08:36:20,kekurangan dari app ini 1. gabisa copy paste link 2. makanan yg diinput ga lengkap kadang. 3. gabisa simpen sebuah postingan
Pengguna Google,5,2019-02-12 21:26:05,aku suka banget apkikasi ini ....🤗 tapi setelah aku pakai gk bisa di buka lagi knapa ya... padahal suka banget😭😭😭😭😭😭 tolong dong
Pengguna Google,4,2019-02-12 17:33:04,"aku kasih dlu bintang 4 yah, tp ini bener2 membantu bgt buat diet jd bisa ngerem makan kalo udh mau mendrkati batas"
Pengguna Google,5,2019-02-12 09:03:54,sangat membantu bagi yg ingin diet dengan mengatur jumlah kalori yg dimakan dan dikeluarkan
Pengguna Google,5,2019-02-11 22:27:16,bagusss bgt donggg 😍😍
Pengguna Google,4,2019-02-11 15:28:55,membantu sekali utk diet
Pengguna Google,5,2019-02-11 09:13:23,bagus sekali sebagai media pengingat kebutuhan nutrisi kita. sangat direkomendasikan. lebih bagus lg kalau nutrition fact berbagai makanannya ditambah
Pengguna Google,5,2019-02-11 08:32:46,sedikit kurang lengkap varian makanan dan minumannya
Pengguna Google,4,2019-02-10 12:57:06,Mantap laa bisa ngatur makanan
Pengguna Google,5,2019-02-10 08:35:46,good
Pengguna Google,5,2019-02-10 07:47:42,good
Pengguna Google,3,2019-02-10 02:04:23,lumayan membantu..
Pengguna Google,4,2019-02-10 00:08:16,sangat membantu buat hitung kalori
Pengguna Google,4,2019-02-09 23:50:24,"lumayan, tapi banyak makanan yg gaada di fat secret contohnya makanan tradisional jawa timur"
Pengguna Google,5,2019-02-09 16:15:15,for someone dieting ia recommended for u
Pengguna Google,5,2019-02-09 13:41:42,makasih aplikasinya sangat membantu
Pengguna Google,5,2019-02-09 08:50:08,bisa banget ngebantu buat kontrol kalori yg kita makan.. makasih
Pengguna Google,5,2019-02-09 08:44:00,"ok, mantap"
Pengguna Google,5,2019-02-08 22:20:49,"Sejauh ini merasa terbantu..kebenaran mutlak tidak ada, tetapi pada aplikasi fat secret ini sangat"" membantu. Thank's, fat secret"
Pengguna Google,5,2019-02-08 11:50:10,good apps
Pengguna Google,5,2019-02-08 08:42:51,bagus banget buat bantu kontrol kalori
Pengguna Google,4,2019-02-08 08:22:52,makanan nya kurang komplit 🙄
Pengguna Google,5,2019-02-08 07:58:39,Semoga semakin lengkap menunyaa 💛💛💛
Pengguna Google,5,2019-02-07 21:48:33,FS keren....
Pengguna Google,5,2019-02-07 13:27:05,Sangat membantu :')
Pengguna Google,4,2019-02-07 02:53:48,😘 good
Pengguna Google,5,2019-02-06 18:58:03,membantu sekali
Pengguna Google,5,2019-02-06 17:48:47,sempurna
Pengguna Google,4,2019-02-06 13:43:37,baguuuus... bisa kontrol kalori harian
Pengguna Google,5,2019-02-06 12:02:37,good
Pengguna Google,5,2019-02-05 22:24:46,sangat membantu menghitung asupan kalori setiap hari
Pengguna Google,5,2019-02-05 16:42:11,ok banget
Pengguna Google,4,2019-02-05 12:23:21,so far so good
Pengguna Google,5,2019-02-05 07:00:37,sangat membantu saya dalam menentukan berapa kalori yang akan saya makan perhari👌
Pengguna Google,5,2019-02-05 04:56:39,trimqkasih...diet ak bisa makan sesukanya...tidak menyiksa...yg penting hitung2 kalori
Pengguna Google,5,2019-02-04 12:30:10,nice app
Pengguna Google,5,2019-02-04 07:06:12,sangat membantu
Pengguna Google,5,2019-02-03 21:10:21,sangat membantu
Pengguna Google,5,2019-02-03 17:17:00,baguslah... buat ngontrol makan.. hehe
Pengguna Google,5,2019-02-02 12:23:51,keren
Pengguna Google,5,2019-02-02 11:53:26,sangat baik
Pengguna Google,5,2019-02-02 00:12:43,bagus
Pengguna Google,5,2019-02-01 22:26:05,membantu banget dlm program diet
Pengguna Google,4,2019-02-01 16:36:14,"Sangat membantu jalani program diet. Jdi thu cara membatasi asupan nutrisi harian. Tpi spertinya banyak jenis makanan/masakan yg gak tertera bila HP diset 'English'. Dan akan muncul ragam makanan/masakan lainnya bila HP set 'Bahsa Indonesia'.Region udah pilih Indonesia. Sudah cari cara agar Apk nya jdi Bahasa Indonesia, agar menunya jdi Indonesia, tpi gk nemu. Apa ada solusi dri developer? mgkin saat upgrade slanjutnya?"
Pengguna Google,5,2019-02-01 14:41:53,Nice aps
Pengguna Google,5,2019-02-01 13:31:13,bermanfaat sekali
Pengguna Google,5,2019-01-31 20:45:35,sangat membantu. sayangnya untuk rencana makan harus versi yg premium.. maklum pencari geratisan hihi
Pengguna Google,5,2019-01-31 18:32:12,aplikasi yang sangat membantu... alhamdulillah diet berjalan dg lancar berkat fat sexret
Pengguna Google,4,2019-01-31 12:50:12,sangat membantu
Pengguna Google,5,2019-01-31 07:29:05,apliksi ini bnr2 bermanfaat&membntu sya mengecek berpa2 kalori yg akan msuk.. pokonya TOP BGT
Pengguna Google,5,2019-01-31 06:55:48,sangat membantu
Pengguna Google,2,2019-01-30 18:49:49,why I can't connecting my fatsecret with samsung health ? always say 'please give all permission to fatsecret' ?
Pengguna Google,5,2019-01-30 17:17:42,wooowww keren
Pengguna Google,5,2019-01-30 15:19:14,sangat membantu untuk kalori defisit dalam program diet saya. thx !
Pengguna Google,5,2019-01-30 09:17:20,masih puas sampai saat ini
Pengguna Google,5,2019-01-30 07:51:14,"terimakasih banyak utk aplikasi ini, sangat sangaaattttt membantu"
Pengguna Google,5,2019-01-29 19:41:30,Semoga bermanfaat
Pengguna Google,4,2019-01-29 19:10:02,"Aplikasi ini bermanfaat bgt buat aku yg emang lagi pengen nurunin beran badan dan intens mengatur kalori per hari yg aku konsumsi. Tapi, masih ada beberapa makanan yang ngga ada di situ:(("
Pengguna Google,4,2019-01-29 18:49:12,sangat membantu
Pengguna Google,5,2019-01-29 14:13:19,oke sangat mmbantu
Pengguna Google,5,2019-01-29 12:24:44,"bagus sekali, jadi bisa kontrol apa yang kita makan perharinya"
Pengguna Google,5,2019-01-29 11:01:24,Semoga bermanfaat untuk program diet
Pengguna Google,5,2019-01-29 10:34:28,sangat membantu untuk diet
Pengguna Google,5,2019-01-29 07:57:53,"Keren, bisa bantu kita hitung asupan kalori dan lihat history berat badan.. 👍"
Pengguna Google,5,2019-01-29 07:53:57,L.O.V.E BGT... hehehehehe semoga kedepananya makin keren.. 👍
Pengguna Google,5,2019-01-29 05:29:58,"aplikasi yang bagus buat mengatur pola makan sehat, bonus nya bb turun. sedikit saran mungkin lebih di tambah lago database jenis makanan nya"
Pengguna Google,5,2019-01-28 15:39:20,"aplikasi ini bagus.. saya suka.. dengan mengisi catatan harian makanan kita selalu berada dalam kontrol, ga ada lagi makan berlebihan.. wajib coba!"
Pengguna Google,4,2019-01-28 13:26:00,membantu untuk diet
Pengguna Google,5,2019-01-28 08:43:46,"sangat bermanfaat jadi kesimpan data2 berat badan dari tahun2 yang lalu, sangat membantu untuk yg mau diet , makanan apa aja terujur kalorinya"
Pengguna Google,5,2019-01-28 07:16:48,Sangat membantu mengetahui kalori makanan dan kandungan makro dan mikro makanan. semua orang harus tahu fatsecret karena memiliki daftar info makanan karena makanan adalah BAHAN UNUK MEMBUAT TUBUH MANUSIA. Ini harusnya dijadikan pengetahuan dasar / pelajaran manusia paling awal supaya tetap bisa bangun setiap pagi sampai batas pakai tubuhnya. terimakasih unt fatsecret.
Pengguna Google,4,2019-01-28 07:03:36,nice
Pengguna Google,5,2019-01-27 17:48:02,bagus ap nya tapi bukanya susah ya
Pengguna Google,1,2019-01-27 11:15:28,minggu 27 januari 2019. udah di instal tapi gak bisa di buka
Pengguna Google,3,2019-01-26 23:34:25,3 dulu deh nanti kalau makin bagus ditambah
Pengguna Google,5,2019-01-26 19:47:22,"suka memakai aplikasi fat secret , lebih mantap utk mengukur kalori, ataupun mengetahui kalori dari makanan yang akan kita makan, sangat membantu bagi mereka yang sedang dalam program diet."
Pengguna Google,5,2019-01-26 19:40:13,bagus banget
Pengguna Google,5,2019-01-26 15:06:10,membantu banget dalam mengatur pola makan sehatku
Pengguna Google,5,2019-01-26 11:26:20,sangat membantu dlm penentuan asupan kalori hrian sya dll..tks
Pengguna Google,4,2019-01-26 10:30:01,"kalo 1 porsi nasi uduk yang tertera di aplikasi ini sudah termasuk lauknya belum seperti bihun, bakwan dan lainnya? mohon jawabannya"
Pengguna Google,5,2019-01-26 08:33:02,sangat suka sekali ya .. bisa mengatur meni makan menghitung menghitung
Pengguna Google,4,2019-01-25 16:56:31,fs sangat membantu dlm mengatur asupan kalori harian😊
Pengguna Google,3,2019-01-25 15:07:07,trur
Pengguna Google,5,2019-01-24 23:47:15,😊
Pengguna Google,5,2019-01-24 16:51:31,sejauh ini ok
Pengguna Google,3,2019-01-24 10:19:44,membantu
Pengguna Google,4,2019-01-24 09:58:00,"senang sekali ada aplikasi inii, jadi tau kalori yang saya makan setiap harimya"
Pengguna Google,5,2019-01-24 08:29:10,cakep 👍
Pengguna Google,4,2019-01-23 22:49:56,dicoba dulu ya
Pengguna Google,5,2019-01-22 18:45:51,terbaik
Pengguna Google,5,2019-01-22 10:12:39,sangat membantu sekali
Pengguna Google,5,2019-01-21 22:14:13,worth it 👍
Pengguna Google,5,2019-01-21 21:02:49,lumayan bisa bantuin anak smk jurusan tata boga buat ngitung nilai gizi pada makanan
Pengguna Google,4,2019-01-21 19:55:12,cukup membantu mengontrol pola makan
Pengguna Google,3,2019-01-21 19:17:11,bagus. namun kebutuhan kalorinya ga gt smaa perhitungannya dan ada makanan yg ga ada didalam
Pengguna Google,5,2019-01-21 18:46:21,Banyakin lagi indeks barcode makanan dan camilan.. biar lebih lengkap
Pengguna Google,5,2019-01-21 17:04:48,saran utk bisa menghitung cukup dengan scan makanan dengan mengetuk layar hp atau dengan mengirimkan foto.
Pengguna Google,4,2019-01-20 12:48:55,"Lumayan, tpi ga semua makanan ada"
Pengguna Google,5,2019-01-20 09:47:57,"suka banget, benar2 membantu dlam program diet aku, sangat bermanfaat rekomendasi untuk org2 yg mulai diet untuk mengontrol pola diet dan progress"
Pengguna Google,5,2019-01-20 06:10:53,sangat bagus dan tingkatkan terus
Pengguna Google,5,2019-01-19 18:03:35,mempermudah saya menjalani program diet
Pengguna Google,4,2019-01-19 10:50:31,sangat membantu menghitung kalori harian saya yeayyyyy
Pengguna Google,3,2019-01-19 10:29:14,"alasan saya kasih bintang 3/5 karena aplikasi ini masih kurang lengkap dalam hal untuk tracking latihan kita, mau cari misalnya ""bench press"" dan lain-lain nya nda ada, adanya ""gym"" doang.. kalau fitur ini sudah di perbaiki dan pengguna dapat memasukan daftar latihannya secara terperinci, akan saya kasih bintang 5/5 karena sudah sempurna"
Pengguna Google,5,2019-01-19 06:02:01,sangat membantu menjaga pola makan sehari2
Pengguna Google,5,2019-01-19 06:00:48,sangat membangu perhitungan kalori untuk program diet
Pengguna Google,5,2019-01-18 11:06:26,Mantul
Pengguna Google,5,2019-01-18 09:14:24,top
Pengguna Google,5,2019-01-17 22:01:21,Aplikasi yg bagus
Pengguna Google,5,2019-01-17 20:40:17,sip bagus banget
Pengguna Google,5,2019-01-17 19:00:45,i love this app so much
Pengguna Google,4,2019-01-17 10:43:30,sangat membantu sekali.thanks fat sec ret
Pengguna Google,5,2019-01-17 06:34:16,sngat membantu sekali klo mau program cutting
Pengguna Google,5,2019-01-16 19:16:42,sangat membantu diet saya
Pengguna Google,5,2019-01-16 07:03:14,good application for diet
Pengguna Google,4,2019-01-16 05:35:16,cukup membantu dlm perhitungan kalori makanan...tolong lebih banyak lagi varian kalori makanannya 😊
Pengguna Google,5,2019-01-15 20:03:17,"Thank you so much for fixing the problem, now I can open it. I love this app, coz it's helping me so much. ❤"
Pengguna Google,4,2019-01-15 14:41:39,sangat membantu banget cuma premium nya mahal banget😢😢
Pengguna Google,5,2019-01-15 10:32:13,sudah bisa dipakai lg ni appnya guys
Pengguna Google,3,2019-01-15 10:02:04,Kenapa aplikasinya sudah tidak bisa diakses?? Padahal sangat membantu sekali untuk kalori harian dan rinciannya sangat jelas. Help!!!
Pengguna Google,4,2019-01-15 10:00:02,"bagus banget aplikasi nya buat yg lg diet, tapi dari kemaren tuh susah banget dibuka nya😞 padahal pengen cantumin yg aku makan apa aja + brp kalorinya"
Pengguna Google,3,2019-01-15 09:33:04,susah di buka sekarang aplikasinya
Pengguna Google,1,2019-01-15 09:09:11,app nya tidak bisa di buka
Pengguna Google,1,2019-01-15 07:28:37,ga bisa d buka lagi
Pengguna Google,4,2019-01-15 07:01:42,bgus bget untuk mengatur pola makan.. tp knp dr tgl 14 januari smp skr sy buka aplikasi ini susah ya...😭 berarti bukan sy aja ya yg mengalami ini..syang skali..pdhl byak bget catatan shari2 menu saya😭😭
Pengguna Google,2,2019-01-15 06:47:31,"sangat membantu, tapi skrg udh gk bisa d bukak, padahal udh coba uninstall dan install lagi tapi tetep aja gk bisa"
Pengguna Google,1,2019-01-15 05:57:10,knp ga bisa di buka? pdahal baru di instal..
Pengguna Google,3,2019-01-15 05:52:12,"awal2 lancar, tp sejak kemarin aplikasinya ga bisa terbuka cuma muter2 aja loading pdhl internet lancar jaya"
Pengguna Google,5,2019-01-14 21:52:26,"aplikasi ini membantu sekali, tapi ko dari kemaren ga bisa dibuka terus yak jd ga bisa input makanan nih, why? lg down kah atau knp??😫"
Pengguna Google,3,2019-01-14 21:39:51,kenapa applikasi g'bisa dibuka. padahal paket internet lancar.
Pengguna Google,3,2019-01-14 21:09:27,kemaren begitu mantap aplikasinya.. pada hari ini tgl 14 januari 2019 aplikasinya gak bisa terbuka pake paket data. namun pakai Wifi bisa dibuka... kok gitu ya
Pengguna Google,5,2019-01-14 19:49:59,sangat membantu mrnjaga pola makan saya👍
Pengguna Google,3,2019-01-14 19:47:04,"ko skr jd engga bisa di buka yah, kemaren bisa. skr di buka cm gambar kunci doank"
Pengguna Google,3,2019-01-14 17:51:35,"ko sore ini saya buka gak bisa yaa , cuma muter loading aja .padahal internet lancar"
Pengguna Google,2,2019-01-14 17:42:45,"pertama dipakek lancar2 aja , tapi lama2 kok eror ya. dibukak gak ada gambar apa2 sama sekali. padahal internet juga lancar banget"
Pengguna Google,5,2019-01-14 15:52:39,aplikasi yg sangat membantu
Pengguna Google,5,2019-01-14 15:37:04,nice
Pengguna Google,5,2019-01-14 09:05:58,sangat membantu... meskipun tanpa olahraga... semoga d berikan tambahan fitur untuk saran olahraga yg tepat... sukses
Pengguna Google,5,2019-01-14 05:44:50,sangat bagus. terbantu untuk program dietnya 😀
Pengguna Google,3,2019-01-12 23:56:52,di coba dlu ya.ntar kok bagus di tmbah dua bntang lagi
Pengguna Google,5,2019-01-12 12:45:13,"Baru nyoba sih, semoga bisa membantu kontrol kalori harian, agar hidup lebih sehat."
Pengguna Google,5,2019-01-11 15:09:29,Sangat membantu
Pengguna Google,5,2019-01-11 12:05:53,mantap banget aplikasi ini.... uda bantu aq turuni berat badan
Pengguna Google,1,2019-01-11 03:48:45,kok gabisa kebuka dihpku?
Pengguna Google,5,2019-01-10 18:42:30,Sangat membantu dalam menurunkan berat badan..
Pengguna Google,5,2019-01-10 18:19:03,Aplikasi yg sangat bermanfaat
Pengguna Google,5,2019-01-10 06:27:45,mantap bisa mengontrol porsi makan kita
Pengguna Google,5,2019-01-09 16:36:18,"Semoga dengan aplikasi ini, bisa membantu penurunan berat badan yang efektif, karna aplikasi ini bisa menghitung brp jumlah kalori yg masuk ditubuh kita"
Pengguna Google,5,2019-01-09 15:50:24,Aplikasi yg LUAR BIASA berguna utk kesehatan
Pengguna Google,5,2019-01-09 15:43:39,Bagus gitu jadi aku bisa jaga jaga makannya
Pengguna Google,3,2019-01-08 19:00:23,sangat membantu
Pengguna Google,5,2019-01-08 13:23:55,"sangat membantu..😍😍merubah hidup saya keseluruhan,,lbih sehat,,dan bahagia yg sesunggguhnya😘trimakasih fatsecret"
Pengguna Google,5,2019-01-08 11:28:12,ok
Pengguna Google,5,2019-01-08 05:17:25,membantu banget mengatur kalori yg masuk dlm tubuh
Pengguna Google,3,2019-01-07 08:17:11,lumayan lah buat semangat diet
Pengguna Google,5,2019-01-05 11:07:54,mantul bgt aplikasinya!! highly recomended
Pengguna Google,5,2019-01-05 07:29:54,sangat membantu
Pengguna Google,5,2019-01-05 01:12:01,sungguh luar biasa Apilikasi ini untuk menjaga berat badan . saya bangga kepada Aplikasi ini karena sudah membantu nambah berat badan saya Awal nya berat badan Dari 60 KG menuju menjadi 75 KG Selama 1 tahun . Dan . semoga pembuatan Aplikasi ini Di berikan berkah hidup nya . segala Urusan nya Diberikan kelancaran Dan Diberikan kemudahan . Amin . saya Akan kasih bintang 5 karena Aplikasi ini sudah membantu saya untuk menambah berat badan saya
Pengguna Google,5,2019-01-04 09:04:30,"Terbantu banget dengan aplikasi ini, diet terkontrol. Makasih developer 😊"
Pengguna Google,3,2019-01-03 23:02:58,ga bisa kesambung ke samsung health. selalu disuruh buka izin. padahal semuanya sudah di izinkan. jadi latihan harian jadi ga kecatet.
Pengguna Google,5,2019-01-03 22:04:37,best
Pengguna Google,5,2019-01-03 10:16:14,"keren, bisa tau makanan kita kalorinya tiap hari"
Pengguna Google,5,2019-01-03 09:17:50,nice app.. I liked it !!
Pengguna Google,5,2019-01-02 19:39:29,"recomended banget, sangat membantu tracking kalori"
Pengguna Google,5,2019-01-02 17:17:53,good advice
Pengguna Google,5,2018-12-31 18:48:26,aplikasi keren luar biasa. bisa mengontrol kita tuk menerapkan pola hidup sehat sehari-hari
Pengguna Google,5,2018-12-31 16:36:29,Bagus banget
Pengguna Google,5,2018-12-31 08:22:29,😊
Pengguna Google,5,2018-12-31 05:53:42,sangat membantu sekali
Pengguna Google,1,2018-12-30 20:26:39,tidak bisa dibuka 😡
Pengguna Google,5,2018-12-30 15:11:45,Bagus banget...dan ngebantu aq dalam menghitung kalori yg masuk tiap harinya...
Pengguna Google,5,2018-12-29 21:48:45,Perbanyak lg jenis makanannya
Pengguna Google,4,2018-12-29 12:22:26,bagus deh
Pengguna Google,5,2018-12-29 11:30:02,Aplikasi ini membantu kita untuk mengatur apa yang masuk ke tubuh kita. Informasi dari setiap makanan yang ada juga lengkap.
Pengguna Google,5,2018-12-28 06:51:05,Mantaaaaaapppppp
Pengguna Google,5,2018-12-26 17:13:58,👍 sangat membantu
Pengguna Google,5,2018-12-26 17:00:12,good..
Pengguna Google,5,2018-12-26 15:19:26,trmksh... saya bisa pantau kalori yg masuk setiap harinya...
Pengguna Google,5,2018-12-26 11:43:54,sangat bagus untuk diet
Pengguna Google,5,2018-12-26 09:15:17,sangat membantu dalam program penurunan berat badan
Pengguna Google,5,2018-12-25 11:35:15,jadi kejaga banget 😄😄😍😍😍😍😍
Pengguna Google,5,2018-12-25 10:44:46,bagusss jd semangat dietnyaa
Pengguna Google,5,2018-12-24 23:03:44,sangat membantu mengontrol makan dan menurunkan bb
Pengguna Google,4,2018-12-24 20:21:23,👌
Pengguna Google,5,2018-12-22 20:59:57,untuk ngitung2 kalori sih lumayan membantu ... 😊
Pengguna Google,5,2018-12-22 20:26:30,very helpful..thank you FS
Pengguna Google,5,2018-12-21 13:46:35,coba dikembangkan dengan tambahan resep2 masakan sehat pasti akan lebih worth it
Pengguna Google,5,2018-12-20 11:09:12,"bagus,sangat membantu"
Pengguna Google,5,2018-12-20 11:05:36,bagus banget bisa nambah /ngurangin berat badan
Pengguna Google,5,2018-12-20 08:34:03,aplikasi yang menyemangi untuk sehat dan punya badan ideal.
Pengguna Google,5,2018-12-19 18:44:03,sangat membantuu
Pengguna Google,5,2018-12-19 16:52:59,terbaik
Pengguna Google,5,2018-12-19 15:11:04,sangat membantu utk yg sdg program diet 😀
Pengguna Google,5,2018-12-19 01:19:41,😊bagus banget
Pengguna Google,5,2018-12-18 16:56:13,thanks for help fatsecret. i heart you
Pengguna Google,5,2018-12-17 10:21:43,Makasih fat secret
Pengguna Google,5,2018-12-17 08:30:12,"Aplikasi nya Bagus, Recommended, bisa buat menghitung jumlah kalori makan dan Berfungsi untuk mengontrol makanan yg masuk ke tubuh kita :)"
Pengguna Google,5,2018-12-17 08:10:36,Helpful bangettt. Keren aplikasinya bikin makin semangat mengatur pola makan 💪
Pengguna Google,5,2018-12-16 14:50:43,So far suka pake app ini 💕
Pengguna Google,5,2018-12-15 07:34:03,Tolong ditambahkan fitur2 yg lain
Pengguna Google,5,2018-12-13 07:13:10,Bagus untuk yang mau tau berapa kalori yg qt makan tiap hari
Pengguna Google,5,2018-12-12 11:28:57,Sangat membantu untuk pantau kalori harian
Pengguna Google,5,2018-12-12 10:37:34,Yerimkasih
Pengguna Google,5,2018-12-11 23:20:43,Recommended 👍🏻
Pengguna Google,5,2018-12-11 19:28:34,Suka pokoknua
Pengguna Google,4,2018-12-10 07:22:33,goods
Pengguna Google,5,2018-12-09 06:12:12,Aplikasi sangat Bagus untuk menjadi hidup lebih sehat
Pengguna Google,1,2018-12-08 09:41:09,gak bisa dibuka! setelah upgrade
Pengguna Google,5,2018-12-08 04:41:35,Mengontrol asupan makanan ku bangttttt
Pengguna Google,5,2018-12-07 19:52:50,Bagus tanpa iklan 🖒
Pengguna Google,5,2018-12-07 17:45:36,Nice
Pengguna Google,4,2018-12-07 09:36:34,Bagus banget buat tau kalori yang kita makan tapi tolong dong dari aplikasinya sediain resep buat diet yang banyak jangan itu itu aja
Pengguna Google,5,2018-12-06 20:04:20,Download aplikasi fatsecret gara gara kak yulia😁
Pengguna Google,5,2018-12-06 19:50:06,Mantaaappppp...
Pengguna Google,5,2018-12-06 13:27:39,"Suka banget sama fat secret.. tapi tolong dong update jadi lebih bagus lagi apk nya,, untuk sekarang sih lebih suka make website nya daripada apk"
Pengguna Google,5,2018-12-06 09:41:26,"Bagus suka sekali, terimakasih"
Pengguna Google,5,2018-12-06 05:39:25,Good aplikasi
Pengguna Google,5,2018-12-05 23:37:32,Aplikasi ini berguna banget
Pengguna Google,5,2018-12-05 18:06:19,Di tambah lagi menu makan untuk penghitung kalori
Pengguna Google,4,2018-12-05 16:51:12,"Kenapa FS sy tiba2 ga bs di buka? padhl sy mrasa terbantu ,dan baru mau mulai diet"
Pengguna Google,1,2018-12-05 11:09:47,"Ga bisa di buka,cemen nihh"
Pengguna Google,5,2018-12-05 11:03:43,Suka
Pengguna Google,5,2018-12-04 20:55:24,Aaplikasi ini good 👍
Pengguna Google,5,2018-12-03 12:03:27,Sangat membantu
Pengguna Google,3,2018-12-03 07:02:46,makanan agar lebih dilengkapi lagi. sehingga asupan kalori yg masuk bisa lebih akurat
Pengguna Google,5,2018-12-02 20:33:13,Good
Pengguna Google,5,2018-12-02 18:34:55,Thank for helping...Good aplication
Pengguna Google,5,2018-12-02 11:57:08,👍
Pengguna Google,5,2018-12-02 09:38:33,Sangat membantu hidup sehat dg diet makro
Pengguna Google,5,2018-12-02 09:30:41,Tolobg sediakan fitur blokir dan laporkan pengguna. Akun Fuzzybea sungguh sangat mengganggu dengan komentar rasisnya.
Pengguna Google,5,2018-11-30 10:55:29,"Saya dpt memantau aktivitas, kalori masuk dan keluar, dan berat badan saya"
Pengguna Google,5,2018-11-30 07:31:30,Loveeee banget
Pengguna Google,5,2018-11-30 05:02:48,Manfaat penting apa lagi untuk orang penyakit gula tau kalori kita makan
Pengguna Google,5,2018-11-29 15:51:22,Really good for beginners
Pengguna Google,5,2018-11-29 10:50:57,Bantu banget ngontrol makan kita. Buat alarm oke kalori yg masuk udah cukup. Stop eating
Pengguna Google,5,2018-11-29 09:44:44,Aplikasinya sangat membantu dalam program menurunkan berat bada 😀😀😀
Pengguna Google,5,2018-11-29 06:29:05,Sangat bagus
Pengguna Google,5,2018-11-28 15:09:21,"Seandainya bisa saat offline mode akan sangat membantu, dan semoga lebih banyak yg bisa diinput untuk menu makanan dan minuman nya"
Pengguna Google,5,2018-11-28 13:42:16,sangat membantu program penurunan/penaikan berat badan
Pengguna Google,5,2018-11-28 10:52:22,lope lope
Pengguna Google,1,2018-11-27 12:20:27,Koq gk bisa di bukak ya?
Pengguna Google,5,2018-11-26 18:18:21,Sangat membantu
Pengguna Google,5,2018-11-26 15:08:31,sangat membantu 👍👍
Pengguna Google,5,2018-11-26 07:41:29,Semoga daftar makanannya lebih lengkap
Pengguna Google,5,2018-11-25 23:04:59,sy berhasil turunkabb dlm sebulan krna pakai rumus penghitung kalori dlm aplikasi ini.. suka bgt sma nih aplikasi
Pengguna Google,5,2018-11-25 00:34:34,Lebih sehat
Pengguna Google,5,2018-11-24 18:49:01,bagus tuk menghitung kandungan dalam suatu makanan
Pengguna Google,4,2018-11-24 17:38:42,cutes app 😍
Pengguna Google,4,2018-11-24 12:13:18,Keren banget. Apa lagi kalau macam2 makanan dan minumannya ditambah.
Pengguna Google,5,2018-11-24 08:22:02,Really helping for tracking my meals!
Pengguna Google,5,2018-11-23 17:19:05,So far so good
Pengguna Google,5,2018-11-23 17:16:53,Apa yang akan aku makan aku catat diaplikasi ini . jadi tau . seberapa besar kalori yang akan ditimbun didalam tubuh . kalau kalorinya tinggi nggak jadi di makan. I like it !
Pengguna Google,5,2018-11-23 14:08:21,"Sangat bermanfaat sekali,,thanks"
Pengguna Google,4,2018-11-23 12:28:14,Bagus
Pengguna Google,5,2018-11-23 12:26:47,Perbarui makananya lagi
Pengguna Google,5,2018-11-23 08:09:43,Cukup membantu untuk kita yang mau diet ataupun untuk mengetahui jumlah kalori yang kita konsumsi sehari-harinya...
Pengguna Google,4,2018-11-23 07:40:55,Bermanfaat
Pengguna Google,5,2018-11-22 13:34:53,Aplikasi yg bgs buat ngatur kalori
Pengguna Google,5,2018-11-22 08:18:38,Siipp
Pengguna Google,4,2018-11-20 20:58:46,Sangat membantu....
Pengguna Google,5,2018-11-20 18:48:58,Good
Pengguna Google,4,2018-11-20 09:46:27,Lumayan buat ngitung kalori harian.. kelebihan atau tidak
Pengguna Google,5,2018-11-20 07:58:29,Cukup bermanfaat utk mengetahui pola makan yg benar
Pengguna Google,4,2018-11-20 06:59:48,Good apps
Pengguna Google,5,2018-11-20 02:01:22,Mantaffff
Pengguna Google,5,2018-11-19 14:33:52,Bener-bener ngebantu asupan makanan
Pengguna Google,4,2018-11-19 07:11:02,Sangat membantu
Pengguna Google,5,2018-11-19 03:05:58,Keren
Pengguna Google,5,2018-11-18 08:38:13,Good app
Pengguna Google,4,2018-11-17 15:53:42,Aplikasi yg bisa trkontrol mknnya🖒🖒🖒
Pengguna Google,5,2018-11-17 14:50:15,Karena fatsecret membantu program turun bb sy
Pengguna Google,4,2018-11-17 11:09:24,"Aplikasinya gampang dan mudah, bagus sekali,..akan lebih baik seandainya bisa offline juga. Thanks👌"
Pengguna Google,5,2018-11-17 10:47:25,Aplikasi ini membantu untuk mengawal kalori dan asupan gizi harian saya. Masukannya : lebih di lengkapi lagi utk daftar menu yg ada.
Pengguna Google,5,2018-11-17 10:33:34,Good apk
Pengguna Google,4,2018-11-17 07:55:03,mantap
Pengguna Google,5,2018-11-16 22:48:27,Saran untuk kadar air perhari gak usah bayar gratisin aja
Pengguna Google,5,2018-11-16 21:32:06,"Sangat membantu banget, thanks fatsecret❤"
Pengguna Google,4,2018-11-16 20:21:57,Helping me to count daily meal calories. Jenis cemilan di tambahin lagi dong hehee
Pengguna Google,3,2018-11-16 13:23:42,Bagus
Pengguna Google,5,2018-11-16 09:12:52,Saya suka dengang aplikasi ini sekarang saya bisa memanen kalori yg sya masukan
Pengguna Google,5,2018-11-16 08:22:03,Suka... Semoga berhasil diet pakai app ini. Nilai gizinya dan kalorinya di perbanyak makanan Indonesianya ya
Pengguna Google,5,2018-11-15 20:54:23,"Bismillah waktu saya pakek ini diawal diet , alhamdulillah efektif buat ngontrol asupan kalori setiap harinya . Yang dari bb 97 kg waktu itu sudah turn jadi tinggal 79 kg. Terus saya hapus aplikasinya dan karena hawa sudah ketemu nafsu (hawa nafsu) tidak terkontrol lagi asupannya jadilah sekarang naik 2 kg. Bismillah ini saya mau mulai lagi #sharingsedikit😊"
Pengguna Google,4,2018-11-15 19:07:38,👍👍👍
Pengguna Google,5,2018-11-15 08:31:21,❤️❤️
Pengguna Google,4,2018-11-14 21:35:20,Suka
Pengguna Google,4,2018-11-14 19:53:00,mksh fat secret😊
Pengguna Google,5,2018-11-14 11:09:46,"Cocok buat yang lagi diet, semoga data makanan nya makin banyak"
Pengguna Google,5,2018-11-14 09:43:06,Semangat diet sehat...semoga makin banyak data kalori makananannya terutama makanan2 tradisional ibdonesia
Pengguna Google,5,2018-11-14 08:11:18,bagus
Pengguna Google,5,2018-11-14 05:40:16,Ngebantu banget buat yg lg program diet buat ngatur brp kalori yang masuk
Pengguna Google,5,2018-11-13 23:11:23,Ok
Pengguna Google,5,2018-11-13 13:23:13,👍👍
Pengguna Google,5,2018-11-13 08:50:45,cocok bngt buat kontrol makan kita
Pengguna Google,5,2018-11-13 03:45:36,Efektif untuk menjaga gaya hidup sehat
Pengguna Google,4,2018-11-12 23:23:24,"Bagus, untuk meningkatkan kedisiplinan"
Pengguna Google,4,2018-11-12 22:16:55,Good
Pengguna Google,5,2018-11-12 19:32:13,Mantap
Pengguna Google,5,2018-11-12 07:59:44,Aplikasi yang simple dan mudah di gunakan. Serta sangat membantu untuk menakar kalori makanan.
Pengguna Google,5,2018-11-12 07:01:31,Keren banget dah ini...bantuin kita bgt buat kurus...bisa tetep makan enak pula
Pengguna Google,5,2018-11-12 00:16:20,This is solution my life style
Pengguna Google,5,2018-11-11 22:47:19,Sangat membantu program cutting
Pengguna Google,5,2018-11-11 10:31:47,Sejauh ini membantu
Pengguna Google,5,2018-11-10 17:27:45,"FatSecret membantu saya memonitoring kalori harian sehingga program yang saya jalankan berhasil. Semoga lebih lengkap lagi fiturnya, seperti konektifitas dengan mi band dan sejenisnya."
Pengguna Google,4,2018-11-09 18:13:59,Sejauh ini fatsecret app penghitung kalori terbaik menurut saya. Cuma akan lebih baik kalo app ini bisa diakses offline. Saya instal ulang app ini soalnya sempat error juga. Mohon diperbaiki lagi peforma fatsecret.
Pengguna Google,5,2018-11-09 07:04:47,Good
Pengguna Google,5,2018-11-08 22:19:29,Semangat diet!!
Pengguna Google,5,2018-11-08 18:43:41,Sangat sangat membantu untuk mencapai target bentuk tubuh yg di inginnkan..😍
Pengguna Google,5,2018-11-08 17:41:31,Bisa membantu program diet saya
Pengguna Google,4,2018-11-08 15:39:22,"Membantu di diet ku, tp mohon untuk applikasi coach nya ada yg tak berbayar donk, buat trial sejauh mana fungsinya"
Pengguna Google,5,2018-11-08 11:48:58,Mantapp..aplikasinya..
Pengguna Google,5,2018-11-06 22:50:17,"Yeaah saya Uda berhasil turun dari 74 ke 67 dengan waktu sekitar 1 bulan dengan tetap mengatur pola makan dan mencatat di fs saya bisa bisa kontrol berapa kalori saya setiap hari dan tetap bisa makan enak kok Saya suka bgt bgt bgt deh pokoknya sma aplikasinya Gak bakalan kecewa deh buat yg baru"" mau diet"
Pengguna Google,5,2018-11-06 19:51:26,"Nice lh, cmn klo boleh d tambah menu makanany"
Pengguna Google,5,2018-11-06 12:14:53,Suka banget pkek fs... Jdi bisa mantau perkembangan badan
Pengguna Google,4,2018-11-06 11:49:00,Untuk sinkronasi antar aplikasi ada sedikit masalah.
Pengguna Google,4,2018-11-05 14:26:07,Sangat membantu sekali dalam memantau gaya hidup saya
Pengguna Google,5,2018-11-05 07:18:22,Mantapp bisa kontrol makan kita sehari hari
Pengguna Google,5,2018-11-05 07:15:28,اَلْحَمْدُلِلّهِ sangat terbantu semoga bisa istiqomah diet sehat dan jadi sehat juga segera hamil
Pengguna Google,5,2018-11-02 08:43:08,Bagus banget makanan yang masuk jd terkendali dan bb turun deh 😍
Pengguna Google,5,2018-11-01 23:14:16,Keren sih untuk catat apa aja yg dikonsumsi
Pengguna Google,5,2018-11-01 13:38:46,"Terimakasih sejak aku dounlod aplikasi ini ,aku bisa mengontrol makananku menjadi lebih baik lagi ...hidup sehat itu tujuan utama,dan badan bagus adalah bonus ...."
Pengguna Google,5,2018-11-01 05:41:57,"Semoga perbaruan, lebih meningkatkan aplikasi ini yg menurut saya sudah baik dan membantu menjaga asupan sehat harian kita."
Pengguna Google,5,2018-10-31 06:26:49,Bagus
Pengguna Google,2,2018-10-30 20:14:14,Memulai lagi
Pengguna Google,5,2018-10-30 18:35:59,Memuaskan
Pengguna Google,5,2018-10-30 17:27:09,banyak makanan yg gada buat saya masukin data
Pengguna Google,4,2018-10-30 17:09:32,bagus sangat membantu
Pengguna Google,3,2018-10-29 18:30:50,"Coba dulu ya, kalo bagus nanti ditambahin lagi bintangnya"
Pengguna Google,5,2018-10-29 06:03:15,Membantu banget
Pengguna Google,4,2018-10-28 17:56:33,Menunya lebih dikomplitin aja
Pengguna Google,5,2018-10-28 14:02:37,Top deh
Pengguna Google,5,2018-10-28 08:14:34,Bagus banget app ini berguna sekali. Tapi utk makanan masih kurang lengkap:(
Pengguna Google,5,2018-10-28 06:18:01,Luar biasa ada aplikasi seperti ini. Bisa mengontrol makanan saya. Ternyata selama ini saya makan kelewat kalori harian yg dibutuhkan pantes BB naik terus. Kalau bisa ditambah lg referensi makanan dg jumlah kalorinya.
Pengguna Google,5,2018-10-27 11:29:29,Good
Pengguna Google,4,2018-10-27 08:25:05,Informasi makanan masih banyak yg harus d update
Pengguna Google,5,2018-10-26 21:32:26,Top
Pengguna Google,5,2018-10-26 07:23:26,sangat membantu mengatur pola makan
Pengguna Google,5,2018-10-25 19:43:02,Nice
Pengguna Google,4,2018-10-25 08:04:13,Good aplication
Pengguna Google,5,2018-10-24 19:37:27,Membantu sekali dalam diet saya
Pengguna Google,5,2018-10-24 10:04:38,Penakkkkk
Pengguna Google,5,2018-10-24 05:05:53,Baik banget yg buat jadi kita bisa hitung jumlah makanan yg kita makan
Pengguna Google,5,2018-10-23 10:36:34,Bagus
Pengguna Google,5,2018-10-23 05:49:55,Bagus
Pengguna Google,4,2018-10-22 13:35:27,Semngaattt baru
Pengguna Google,5,2018-10-22 08:49:14,"Kalori yang didapat sebenarnya belum efektif,, tapi cukup membantu,, menahan hawa nafsu makan saya"
Pengguna Google,5,2018-10-22 07:38:28,Bisa membantu mengkontrol kalori yg masukk
Pengguna Google,5,2018-10-22 07:31:08,Good
Pengguna Google,5,2018-10-22 07:26:38,Ditambah lagi list daftar makannya biar kita lebih semangat lagi
Pengguna Google,3,2018-10-21 23:23:29,Nanti kalok. Berhasil diet nya saya kasi 5 dah
Pengguna Google,5,2018-10-21 05:11:32,Disini udah ada beberapa makanan dengan jumlah kalori jadi membantu mempermudah mendata makanan yg di makan..kereennn...
Pengguna Google,5,2018-10-20 04:41:25,Sangat membantu untuk mengontrol kalori.
Pengguna Google,5,2018-10-19 09:03:40,Saya baik info nya
Pengguna Google,4,2018-10-18 13:51:22,"Bagus, cuma database makanan Indonesia kurang lengkap."
Pengguna Google,5,2018-10-18 13:15:17,Good
Pengguna Google,5,2018-10-17 11:34:17,"Ini aplikasi paling lengkap untuk mencatat riwayat makanan kita karena ada analisa kecukupan kalori, makronutrisi, sampai mikronutrisi. Terimakasih"
Pengguna Google,4,2018-10-17 06:41:09,Sangat membantu saya...
Pengguna Google,5,2018-10-17 06:34:25,"Kalo bisa database makanannya ditambah dan aplikasi penghubung ke olahraga serta asupan air perhari, terima kasih"
Pengguna Google,1,2018-10-16 20:57:00,tidak bisa daftar...
Pengguna Google,4,2018-10-16 13:35:55,"Banyak aplikasi sejenis ini, tetapi hanya ini yang sesuai keinginan saya, lengkap sekali. Nanti saya tambah bintangnya kalo sdh berhasil menurunkan bb ke ideal😘😍😍👍"
Pengguna Google,5,2018-10-16 08:37:17,Bagus
Pengguna Google,5,2018-10-15 21:50:18,Aplikasi yg sgt brguna
Pengguna Google,5,2018-10-15 19:25:54,Suka banget sangat bermanfaat
Pengguna Google,5,2018-10-15 15:12:19,Semoga kedepannya ga ada iklan dan gakan pernah ada iklan.
Pengguna Google,5,2018-10-14 19:21:11,Good semoga brmanfaat membantu diet yg selalu gagal
Pengguna Google,5,2018-10-14 14:11:01,😍😍😍😍
Pengguna Google,5,2018-10-13 19:15:26,"Bagus buat yg mulai hidup sehat, bisa ngitung akg dan kalori yg dibutuhkan per hari"
Pengguna Google,5,2018-10-13 18:35:43,"bismillah langsing.. bb dari 73, entah nanti turun berapa.."
Pengguna Google,5,2018-10-13 10:06:27,"Banyak aplikasi sejenis, tapi ini yang paling Nice"
Pengguna Google,5,2018-10-12 11:26:16,Alhamdulillah
Pengguna Google,4,2018-10-12 10:32:36,Coba dlu
Pengguna Google,5,2018-10-12 04:24:06,BERKAT Aplikasi ini saya bisa kontrol makan
Pengguna Google,5,2018-10-11 17:04:36,Aplikasi penghitung kalori yang Bagus 🤸‍♀️ bisa dipercaya 100% jadi ga perlu nyesel ya gyuss😉
Pengguna Google,5,2018-10-10 14:56:18,Sangat membantu untuk yang ingin hidup sehat
Pengguna Google,5,2018-10-10 14:09:55,Sangat membantu
Pengguna Google,5,2018-10-10 13:39:52,Membantu sekali
Pengguna Google,5,2018-10-10 08:53:50,Kece
Pengguna Google,5,2018-10-10 05:42:12,"Baguuusss bgt... Dgn aplikasi ini 2minggu sy udh turun 3,5 kg...😍"
Pengguna Google,5,2018-10-09 18:08:06,aplikasi mantaplah
Pengguna Google,5,2018-10-09 10:05:11,Mudah2an bermanfaat
Pengguna Google,5,2018-10-09 07:26:13,Sudah turun 12kg dengan bantuan fat secret untuk defisit kalori 😆😆 selama 3bln
Pengguna Google,5,2018-10-08 22:10:59,Good
Pengguna Google,5,2018-10-08 13:48:15,"Praktis banget, bisa jadi patokan makan untuk yg sedang diet"
Pengguna Google,5,2018-10-08 08:00:17,love it
Pengguna Google,5,2018-10-08 07:40:08,Bagooooossss
Pengguna Google,5,2018-10-07 20:37:33,Sip
Pengguna Google,4,2018-10-07 10:58:51,Sangat membantu program diet ku👍
Pengguna Google,5,2018-10-07 10:00:06,"list makanan indo nya lengkap, cm ukuran nya kadang suka membingungkan mungkin bs d perbaiki lg"
Pengguna Google,5,2018-10-07 07:16:18,Bagus sekali karena dapat mengatur kalori yang kita makan
Pengguna Google,5,2018-10-07 07:10:20,hai
Pengguna Google,5,2018-10-06 06:53:12,Aplikasi yang sangat membantu.. jadi pandun sat mkan jdi gak kebabalasan😘
Pengguna Google,5,2018-10-06 00:22:54,Sangat membantu untuk program diet. Smw jd terkontrol... 😊
Pengguna Google,5,2018-10-05 19:03:09,Mantap lah
Pengguna Google,4,2018-10-05 18:45:58,Membantu sekali dalam program hidup sehat dengan makanan
Pengguna Google,5,2018-10-05 13:11:39,Love this app
Pengguna Google,5,2018-10-05 12:30:55,"Sangat membantu menghitung kalori sy setiap hari, hanya perlu ditingkatkan lagi objektifitasnya"
Pengguna Google,5,2018-10-04 21:50:08,I like
Pengguna Google,5,2018-10-04 18:40:06,Sangat membantu proses diet aq... Lbh terpantau.. Apa2 yg di konsumsi.. 😘😘😘
Pengguna Google,5,2018-10-04 17:11:48,Good app! Itung kalori tanpa ribet. Sangat membantu
Pengguna Google,5,2018-10-04 07:44:43,Aplikasi yg sangat membantu dlm menjalani program diet.
Pengguna Google,4,2018-10-03 19:19:45,Kok ga bisa konek ke samsung health ya odahal sudah di on kan privilage nya atau hak akses sudah on
Pengguna Google,5,2018-10-03 15:38:57,Semoga berat badan saya turun
Pengguna Google,5,2018-10-03 15:18:22,Lebih membantu kontrol makanan.. spy TDK over load.. tks
Pengguna Google,4,2018-10-03 13:49:00,bagus cuma sayang ga bisa sambung ke miband
Pengguna Google,5,2018-10-03 09:41:01,bisa mengkontrol asupan harian
Pengguna Google,4,2018-10-03 07:37:38,"Wow, list makanan lengkap, sampai Kupat Tahu aja ada. Cuma sayang ga bisa di-sinkronisasikan dengan samsung health, padahal izin sudah diberikan. Mohon diperbaiki. Terimakasih"
Pengguna Google,4,2018-10-03 06:17:35,"Sejauh ini sangat berfungsi untuk catatan asupan kalori makan , berat badan dan lainnya , jadi punya jurnal sendiri dan sukakk sih 🙏"
Pengguna Google,5,2018-10-03 00:06:18,Mantab
Pengguna Google,5,2018-10-01 17:46:17,Sangat bagus dan memudahkan saya untuk mengetahui berapa kalori yang saya peroleh
Pengguna Google,5,2018-10-01 08:19:16,"Cuma 2 minggu turun 5 kg,kerennn"
Pengguna Google,5,2018-10-01 07:39:28,cukup membantu mengontrol asupan nutrisi dan berat badan 👍
Pengguna Google,5,2018-10-01 06:16:07,Sangat membantu saya dalam program diet
Pengguna Google,5,2018-09-29 23:50:50,Mantap. recomended
Pengguna Google,4,2018-09-29 06:37:32,Bagus sangat membantu
Pengguna Google,5,2018-09-28 14:34:03,Sangat membantu
Pengguna Google,5,2018-09-27 23:29:58,Bismillah semoga bisa mencapai bb ideal lagi
Pengguna Google,5,2018-09-27 15:53:18,Bagus suka
Pengguna Google,4,2018-09-27 13:30:22,sebaiknya diperbanyak data makanan indonesia
Pengguna Google,4,2018-09-27 11:54:17,"Saya suka aplikasi ini untuk mengontrol kalori harian, tapi perhitungan AKG tidak akurat, mohon di perbaiki sehingga user tidak salah persepsi untuk program diet"
Pengguna Google,4,2018-09-27 08:47:36,Sangat membantuku untuk menjalani hidup sehat dan berkomunitas dengan orang-orang positif yg berusaha hidup sehat
Pengguna Google,5,2018-09-26 19:41:34,Keren membantu banget dalam penilaiam kalori
Pengguna Google,2,2018-09-26 17:39:15,"Berat badan gua ga turun2 ya selama 1 bulan padahal pola makan sm olahraga udh diatur, tetep aja berat badan segitu aja"
Pengguna Google,4,2018-09-26 13:22:52,Menyenangkan
Pengguna Google,5,2018-09-25 12:10:36,Sangat membantu
Pengguna Google,5,2018-09-25 11:59:18,"Aplikasi yg bagus. Jadi bsa mengontrol kalori yg dimakan harian brp, suka sekali aplikasinya"
Pengguna Google,5,2018-09-25 10:36:29,membantu dalam mengontrol jumlah kalori yg masuk
Pengguna Google,5,2018-09-25 08:39:43,"I love it, and its work it"
Pengguna Google,5,2018-09-24 21:17:44,Bagus utk merancang kalori harian
Pengguna Google,5,2018-09-24 07:04:34,Aplikasi bagus...cuma kurang banyk menu makanan yg di cantum kan...
Pengguna Google,5,2018-09-24 05:21:13,Sangat membantu
Pengguna Google,5,2018-09-23 23:54:05,Ylumayan Tp masik bingung
Pengguna Google,3,2018-09-23 21:51:11,3 dulu ya Baru coba nantik di tambah kalau bagus
Pengguna Google,5,2018-09-23 19:20:51,"Bagus, tetapi tolong diperbaiki supaya bisa mengganti nama anggota dan bisa menghapus riwayat pencaharian makanan dan minuman."
Pengguna Google,5,2018-09-23 19:10:23,Bagus
Pengguna Google,5,2018-09-23 16:32:34,Mantap
Pengguna Google,4,2018-09-23 13:57:44,"Sangat membantu, tp sedikit lemot di jaringan yg lemah"
Pengguna Google,5,2018-09-23 00:00:17,Nice app
Pengguna Google,5,2018-09-22 22:30:25,Bikin offline dong
Pengguna Google,4,2018-09-22 21:06:26,Suka
Pengguna Google,5,2018-09-22 09:52:39,Terimakasih
Pengguna Google,5,2018-09-22 06:39:52,Sangat membantu
Pengguna Google,4,2018-09-21 09:40:55,minusnya kurang barcodenya aja kyk aplikasi sebelah
Pengguna Google,5,2018-09-20 19:07:23,"Suka sekali dengan aplikasi ini sangat membantu diet saya. Alhamdulillah berkat aplikasi fatsecret, 2 minggu ini bb saya turun 4kg."
Pengguna Google,5,2018-09-20 17:40:49,Mantap
Pengguna Google,5,2018-09-20 16:04:42,Aplikasi yang sangat bermanfaat
Pengguna Google,2,2018-09-20 11:48:32,Setelah saya perbarui kok berasa tambah berat ya? Kadang cuma loading saja tidak muncul apa²
Pengguna Google,5,2018-09-20 09:15:31,Aplikasi yg sangat membantu diet dan menjaga kalori sejauh ini bb saya turun dengan disiplin menggunakan aplikasi ini
Pengguna Google,5,2018-09-20 06:19:54,Sekarang jadi paham cara menjaga berat badan... Best deh
Pengguna Google,4,2018-09-20 04:24:22,Bintang 4 dulu kalo bermnfaat ratingnya tak naiķkin
Pengguna Google,5,2018-09-20 02:59:43,App paling baguss
Pengguna Google,5,2018-09-20 00:02:44,Aplikasi yang sangat membantu.
Pengguna Google,5,2018-09-19 23:20:37,Smenjak pake aplikasi ini jalanin Diet keto Sudah trencana
Pengguna Google,5,2018-09-19 11:37:04,Love love love love
Pengguna Google,5,2018-09-19 05:25:22,Great apps!! It helps me to control my calories everyday.. Thanks!!!
Pengguna Google,5,2018-09-17 20:32:58,Good
Pengguna Google,5,2018-09-16 20:25:58,Aku berhasil diet sehat dengab aplikasi ini
Pengguna Google,5,2018-09-16 11:39:52,Sangat membantu
Pengguna Google,5,2018-09-16 07:31:32,Oke
Pengguna Google,5,2018-09-15 20:34:26,Luar biasa 3 minggu turun 8kg Thanks FS
Pengguna Google,5,2018-09-15 07:53:32,Mantab pokoknya membantu bgt.
Pengguna Google,5,2018-09-14 16:31:43,di sini kayak komunitas para pejuang berat badan jadi kita ikut semangat karena kita nggak sendirian..
Pengguna Google,5,2018-09-14 09:46:14,"Suka banget, jadi gampang hitung kalori yg masuk"
Pengguna Google,5,2018-09-14 09:16:27,Sangat membantu dlm menggontrol pola makan
Pengguna Google,5,2018-09-14 08:09:49,"Untuk yg percaya sama diet kalori, aplikasi ini pas bgt. Karena ada pembatasan kalori. Coba deh diimbangi dengan diet cemilan dan makan malam. Jd nyemil ditiadakan atau ganti buah pepaya dan makan malam wajib sayuran. Semoga kita semua bisa turun beratnya... Semangat !!"
Pengguna Google,5,2018-09-14 07:22:05,Sangat membantu dalam memenuhi kebutuhan kalori harian
Pengguna Google,5,2018-09-14 06:06:13,Suka bgt ... sangat bermanfaat ..
Pengguna Google,4,2018-09-12 16:55:34,Daftar kalori makanan Indonesia lumayan lengkap.
Pengguna Google,5,2018-09-12 13:52:41,aplikasi yang bagus untuk mengontrol apa yg kita konsumsi
Pengguna Google,4,2018-09-12 11:54:10,"Top bgt pokoknya,jadi punyaa temen buat diet bareng. App ini mirip sama sosmed dapat temen banyak dan bisa hitung kalori jugaa. Top deh 😊"
Pengguna Google,5,2018-09-11 17:38:40,sippp sangat membantu saya
Pengguna Google,3,2018-09-11 15:22:29,Sya akan mencobanya jadi d kasi 3 bintang dlu ya
Pengguna Google,5,2018-09-11 07:18:54,Suma bgt bantu q untuk ngurangin lemak di nadan q
Pengguna Google,4,2018-09-11 07:18:24,Sayang harus online... Tp keseluruhan udh bagus banget... Thanksfull
Pengguna Google,5,2018-09-10 23:37:57,The best aplikasi
Pengguna Google,4,2018-09-10 03:36:23,"Aplikasi yg oke banget!! Tapi mungkin pada keterangan nutrisi bisa ditambahkan kalsium, zat besi, vitamin agar semakin lengkap. Thanks 👍"
Pengguna Google,5,2018-09-09 22:09:08,"Keren banget... Selama ini diet gagal, tp dg aplikasi ini bisa tahu batas kalori maksimal per hari...jd bisa atur sendiri, trus bs tahu juga asupan nutrisi per hari"
Pengguna Google,5,2018-09-09 18:36:22,Saya baru tahu kalo ada Aplikasi fatsecret ini dari Youtobe nya Ka Yulia 😁 Makasih Aplikasi ini sangat membatu saya Bb yang saya inginkan mulai perlahan tercapai.😇😇 mulai dari mengatur Pola makan dan Olahraga yang teratur .. Yang lagi pada diet semangat💪💪🙏
Pengguna Google,5,2018-09-09 08:13:27,Sangat membantu.. 😚 bagus banget buat membantu kontrol kalori..
Pengguna Google,5,2018-09-08 19:14:34,Very helpful 😊
Pengguna Google,5,2018-09-08 16:11:59,"Membantu banget buat mengatur jumlah kalori, melihat nutrisi makanan dan tolong lebih diperbanyak daftar makanan, terutama makanan indonesia 🤗"
Pengguna Google,5,2018-09-08 14:05:27,Bisa bermanfaat untuk mengontrol kalori dari jenis makanan sebelum di makan...
Pengguna Google,5,2018-09-08 09:57:43,Best of the best 😘
Pengguna Google,5,2018-09-08 08:16:21,Bermanfaat banget
Pengguna Google,5,2018-09-07 09:04:49,Keren !!
Pengguna Google,4,2018-09-07 07:01:00,My coach 😁
Pengguna Google,5,2018-09-07 01:48:44,🙏🙏🙏
Pengguna Google,5,2018-09-05 22:20:52,Inilah yang saya cari thanks banget 😍😍 baru 2 minggu setiap makan ngitungi kalori makanan bisa diet tapi masih bisa makan enak sesuai kalori alhasil 4 KG turun 👌
Pengguna Google,5,2018-09-04 19:39:29,Aplikasi bagus untuk kontrol jumlah kalori
Pengguna Google,5,2018-09-04 19:38:11,Aplikasi sangat membantu untuk mengontrol kalori defisit setiap hari.
Pengguna Google,5,2018-09-03 19:20:52,Seeeepp.. Terima kasih untuk aplikasinya
Pengguna Google,5,2018-09-03 13:14:31,Membantu mencapai target. Tp ada beberapa makanan yg belum ada. G tau cara masukkannya
Pengguna Google,5,2018-09-03 08:34:25,Sangat membantu
Pengguna Google,4,2018-09-03 08:27:48,Sangat membantu untuk kita yang ini mrubah pola hidup lebib sehat
Pengguna Google,5,2018-09-03 07:59:47,Sukses
Pengguna Google,5,2018-09-03 07:46:06,Intinya niat yg dibantu oleh kemajuan teknologi dan zaman. Bersyukur dah ada aplikasi ginian gue gak kebayang orang orang jaman dulu ngitung kalorinya manual. Jadi percuma juga toh kalo lo download ginian tp makan masih rakus.
Pengguna Google,5,2018-09-03 05:07:24,Sip
Pengguna Google,5,2018-09-03 00:22:16,Supeeer
Pengguna Google,5,2018-09-02 10:23:23,Sangat membantu menghitung kalori pada makanan
Pengguna Google,5,2018-09-01 19:43:50,bagus.. membantu banget utk yg ada masalah dgn berat badan
Pengguna Google,5,2018-09-01 16:41:12,Good
Pengguna Google,4,2018-09-01 10:37:08,Bagus
Pengguna Google,5,2018-08-30 19:20:33,aplikasi yg sangat membantu pengetahun tentang berapa bnyak kal di dlm mknyan yg sy mkan🖒
Pengguna Google,4,2018-08-30 12:29:12,cool
Pengguna Google,5,2018-08-30 11:59:04,Niceeeeeeeeeeee
Pengguna Google,4,2018-08-30 09:16:40,Bagus Sangat membantu..
Pengguna Google,5,2018-08-29 08:18:05,"Aplikasi yang berguna banget buat yang pengen nambahin, mempertahankan atau mengurangi berat badan. Bener2 bisa kontrol kalori aku. Bisa liat nutrisinya jg. Dan saran aku terkadang kan kita ada makanan yang belum ada disitu. Kalo mau nambahin juga bingung itu berapa banyak kalorinya. Nah harusnya gimana biar kita tau nanti berapa kalorinya."
Pengguna Google,5,2018-08-28 12:17:36,Semoga membantu mengontrol kalori harian saya...
Pengguna Google,5,2018-08-28 11:06:11,Bagus aplikasinya.. Bisa monitor kalori saat diet
Pengguna Google,5,2018-08-27 16:42:00,Bagusss
Pengguna Google,5,2018-08-27 12:38:10,Ok
Pengguna Google,5,2018-08-26 17:09:51,Nice
Pengguna Google,4,2018-08-26 13:29:38,Membantuuu
Pengguna Google,5,2018-08-26 11:59:16,"App nya bagus, tapi tolong resepnya diperbanyak. Terimakasih"
Pengguna Google,5,2018-08-26 08:37:40,Nice!
Pengguna Google,5,2018-08-26 08:26:25,Applikasinya bagus dan membantu program dietku....
Pengguna Google,5,2018-08-25 09:24:27,Alhamdulillah sejauh ini dalam 2 bulan dah 5 kilo turunnya
Pengguna Google,4,2018-08-25 04:19:07,Saya akan coba dengan aplikasi ini 😊
Pengguna Google,5,2018-08-24 18:02:47,"Bagus banget,yang gak download buat diet nyesel.😘😘 Love this app"
Pengguna Google,5,2018-08-24 09:02:40,Sangat bermanfaat buat pemula seperti saya.
Pengguna Google,5,2018-08-24 06:07:42,Ok bgt
Pengguna Google,5,2018-08-23 18:32:48,Bagus banget
Pengguna Google,5,2018-08-23 09:19:22,"Appnya bagus, sayangnya akunya gak bisa nahan makanan.. jdi kelebihan kalori deh"
Pengguna Google,5,2018-08-22 23:53:54,Saya merasa terbantu
Pengguna Google,5,2018-08-22 19:13:38,Sangat bermanfaat
Pengguna Google,5,2018-08-22 17:43:01,Sangat sangat amat sangat membantu
Pengguna Google,5,2018-08-22 13:41:40,Manage my calories
Pengguna Google,5,2018-08-21 06:57:38,Bgs sangat membantu
Pengguna Google,5,2018-08-21 06:26:34,Sanggatd Luwar Biasa Membantu
Pengguna Google,5,2018-08-20 19:10:03,sangat bagus
Pengguna Google,5,2018-08-19 12:39:32,Bagus kali
Pengguna Google,5,2018-08-19 08:14:00,Bagus bgt buat pantau kalori yg masuk dlm tubuh
Pengguna Google,5,2018-08-19 07:57:03,Good 👍
Pengguna Google,5,2018-08-18 21:10:34,"Bagus, bisa kontrol makan ... Biar makin sehat seger dan seksi #plak"
Pengguna Google,5,2018-08-18 18:18:12,Mantap
Pengguna Google,4,2018-08-18 13:04:43,Lumayanlah..
Pengguna Google,5,2018-08-18 10:49:07,Kalo yang sempurna itu ga usah dijelasin!!!
Pengguna Google,5,2018-08-17 21:36:15,Oke banget buat tau kalori makanan yg dimakan
Pengguna Google,5,2018-08-16 19:24:12,Sangat berguna...
Pengguna Google,5,2018-08-16 08:59:32,Dapat membantu mengontrol asupan makanan.
Pengguna Google,4,2018-08-15 18:42:49,Membantu mengontrol...
Pengguna Google,5,2018-08-15 11:43:37,Sudah bagus
Pengguna Google,5,2018-08-14 22:07:15,Awesome App
Pengguna Google,5,2018-08-14 12:42:08,Sangat membantu untuk menghitung berapa kalori yg masuk setiap harinya
Pengguna Google,5,2018-08-13 08:32:41,"Mantap banget deh pokoknya...membantu qta menghitung kalori yg masuk 
perharinya"
Pengguna Google,5,2018-08-11 18:55:54,Sangat membantu sekali
Pengguna Google,4,2018-08-11 07:34:34,Very helpfull
Pengguna Google,5,2018-08-10 22:05:02,very good app. tks its help me alot
Pengguna Google,5,2018-08-10 21:35:59,Mohon bantu cara mengikuti orang bagaimana yah?
Pengguna Google,5,2018-08-09 22:38:57,Nice
Pengguna Google,5,2018-08-09 20:54:34,Sangat membantu
Pengguna Google,5,2018-08-09 10:12:21,Mantap.... Sangat membantu mengontrol jumlah kalori yang masuk dalam tubuh.
Pengguna Google,5,2018-08-09 08:08:19,Mantap
Pengguna Google,5,2018-08-07 22:06:11,Apk ini bnr2 ngebantu buat yg diet. Suka bgt sama apk ini
Pengguna Google,5,2018-08-07 21:19:22,Love it !
Pengguna Google,5,2018-08-07 11:43:38,"Alhamdulillah sangat bermamfaat skali aplikasi ini trima ksh byk ya. Smoga 
kedepanya ditambah dengan menu diet shari2 slama 7/30 hari biar makin 
membantu program diet kami smua. Love it much"
Pengguna Google,5,2018-08-06 22:25:45,"Bagus banget untuk info kalori dalam suatu makanan ,, cocok untuk pemula yg 
belum paham menghitung jumlah kalori suatu makanan .."
Pengguna Google,5,2018-08-06 20:14:30,Akurat u/ hitung kalori👍👍👍👍👍
Pengguna Google,5,2018-08-06 20:09:54,sekali good job
Pengguna Google,5,2018-08-06 14:04:14,Membantu kontrol kalori
Pengguna Google,5,2018-08-06 13:44:19,Memuaskan....
Pengguna Google,5,2018-08-06 08:12:49,"Sangat bermanfaat, tambah terus menu dan makanan yg msh blm ada...."
Pengguna Google,5,2018-08-06 07:17:04,"Suka sm aplikasi ini,,bs itung jml kalori yg dikonsumsi,jd bs monitor batas 
kalori kita.👍👍di update trus ya,jenis2 makanan/minuman beserta kalorinya"
Pengguna Google,5,2018-08-06 01:22:22,"Bagus sangat membantu utk info kalori dan catatan program diet. Klo bisa 
ditambah menu dan resep diet sehat"
Pengguna Google,5,2018-08-05 15:42:02,Good
Pengguna Google,5,2018-08-05 08:25:31,Aplikasinya bagus nyesel kalau gak download😉😉
Pengguna Google,5,2018-08-03 15:46:33,Apl ini bagus sekali sangat membantu dalam menurun kan bb
Pengguna Google,5,2018-08-03 12:40:15,Sangat membantu sekali buat yg ingin menurunkan brt bdn..
Pengguna Google,5,2018-08-03 09:18:01,Bagus banget buat panduan diet.
Pengguna Google,4,2018-08-03 08:06:29,Nice app
Pengguna Google,5,2018-08-03 07:58:49,Lumayan lengkap dan membantuu sekalii
Pengguna Google,5,2018-08-02 07:25:49,Ok
Pengguna Google,5,2018-08-01 06:43:39,"Ngebantu banget ngontrol kalori yg masuk. Udh gitu lengkap lg pilihannya. 
Sering sering aja di update. Thank you"
Pengguna Google,5,2018-07-31 23:30:51,Good app to calculate the calories
Pengguna Google,4,2018-07-31 09:38:09,Memudahkan hitung kalori
Pengguna Google,5,2018-07-31 07:41:39,"Banyak ilmu didapat dari komunitas. Ada juga dokter di komunitas yang baik 
banget, rajin support temen-temen yg masi awam tentang diet sehat."
Pengguna Google,5,2018-07-30 07:20:18,"Sangat membantu utk menjalankan program diet berdasarkan jumlah kalori. 
Perlu Update beragam makanan & jajanan"
Pengguna Google,4,2018-07-29 22:10:34,Sangat membantu untuk pemula seperti aku yang ingin menjaga pola makan
Pengguna Google,5,2018-07-29 21:45:06,Bagus sekali app ini...bisa mengontrol asupan kalori sehari2
Pengguna Google,5,2018-07-28 22:20:53,Membantu banget untuk pemula yg mau menjaga pola makan
Pengguna Google,5,2018-07-28 20:30:03,Big hug for this aps. Help us for cutting tdee diet
Pengguna Google,5,2018-07-27 22:50:07,keren mah aplikasi
Pengguna Google,5,2018-07-27 16:10:31,Resep lengkap. Recomended untuk ahli gizi
Pengguna Google,5,2018-07-27 10:16:50,Bisa reminder kalori yg masuk
Pengguna Google,5,2018-07-26 13:21:46,"Sangat membantu untuk mengatur pola makan. Kita bisa mengetahui jumlah 
kalori asupan yg masuk dlm tubuh"
Pengguna Google,5,2018-07-26 06:48:16,Min saran dikasih fitur konsul atau berita kesehatan
Pengguna Google,5,2018-07-25 16:17:51,Fat secret i loveee youu😘😘. Thanks utk aplikasinya keren
Pengguna Google,5,2018-07-24 21:47:36,Mantap
Pengguna Google,4,2018-07-24 11:33:00,"Ini pengingat & pencatat yang baik, kekurangannya tdk semua makanan di desa 
tercantum disini :)"
Pengguna Google,5,2018-07-20 20:28:11,Sangat membantu
Pengguna Google,5,2018-07-20 18:16:43,bagus buat jaga bb
Pengguna Google,5,2018-07-20 04:36:31,"Terbantu bgt buat jaga makan, buat kontrol makanan ygvmau di makan, kerennn"
Pengguna Google,5,2018-07-20 00:54:15,"Sangat suka.. Bisa tau apa yg sudah n apa sebaiknya dilakukan besok hari.. 
😘"
Pengguna Google,5,2018-07-19 16:30:17,"Trimakasih fat secret, sangat membantu aku untuk diet. Bisa sharing"" dg 
pengguna lain jg 😍😍"
Pengguna Google,5,2018-07-19 15:00:52,Good
Pengguna Google,4,2018-07-17 20:13:05,"Sangat membantu program diet saya, saya berharap developer dapat lebih 
memaksimalkan aplikasi ini. Terimakasih."
Pengguna Google,5,2018-07-17 19:17:50,bagis banget
Pengguna Google,5,2018-07-17 10:40:53,good app
Pengguna Google,5,2018-07-16 14:24:33,Mantap
Pengguna Google,4,2018-07-16 14:13:13,caranya kerja gimna ?
Pengguna Google,5,2018-07-16 13:14:32,"bagus dehh, bisa buat ngontrol kalori hehe"
Pengguna Google,5,2018-07-16 10:45:41,Baik
Pengguna Google,5,2018-07-16 08:54:32,"FatSecret membantu saya mengetahui asupan setiap harinya sehingga dapat 
mengontrol konsumsi harian, FatSecret mantap semoga terus dikembangkan."
Pengguna Google,5,2018-07-16 08:09:56,"Sangat membantu saya. Trima kasih, aplikasi yang sangat bagus 😊"
Pengguna Google,5,2018-07-16 07:19:55,Sangat membantu
Pengguna Google,5,2018-07-16 07:01:16,Amazing
Pengguna Google,5,2018-07-14 09:46:23,Help me A LOT
Pengguna Google,5,2018-07-14 08:39:31,Sangat membantu
Pengguna Google,5,2018-07-14 08:19:42,"Good app. Jadi bisa kalori defisit dengan benar. Kalau sebelumnya hanya 
berdasarkan feeling, skrg benar2 tahu brp banyak kalori yg masuk"
Pengguna Google,5,2018-07-14 08:06:21,👌🏻
Pengguna Google,5,2018-07-13 20:28:00,"Sangat bermanfaat sekali bagi orang2 yg mau memulai diet sehat. Semoga 
kalian yg mencobanya akan sukses juga."
Pengguna Google,5,2018-07-13 13:32:38,jempol untuk app ini
Pengguna Google,5,2018-07-13 13:07:01,"Pengalaman yang luar biasa menggunakan Fatsecret. Saya benar-benar 
tersadarkan dengan jumlah kalori yg saya makan. #Terus tingkatkan informasi 
kalori (y)"
Pengguna Google,4,2018-07-13 05:19:21,okelah buat atur makanan yang masuk ditubuh kota
Pengguna Google,5,2018-07-13 00:22:08,Sangatembantu mengatur pola makan dan kalori setiap harinya
Pengguna Google,5,2018-07-12 19:23:47,Keep help me to control my calories! Thx❤❤❤
Pengguna Google,3,2018-07-12 07:40:23,Lumayan membantu
Pengguna Google,5,2018-07-12 06:57:27,Bisa mengatur pola makan
Pengguna Google,5,2018-07-11 20:53:35,Good
Pengguna Google,4,2018-07-11 20:28:48,Sangat membantu
Pengguna Google,5,2018-07-11 11:49:17,Ok siip
Pengguna Google,5,2018-07-11 09:20:10,"Bagus, jd bisa mengontrol kalori yg masuk ke tubuh, 👍"
Pengguna Google,5,2018-07-11 07:35:10,"kita dapat mengatur pola makan kita, melihat progres kita. nice.."
Pengguna Google,5,2018-07-11 06:21:53,😍😍😍😍
Pengguna Google,5,2018-07-10 21:02:40,Good
Pengguna Google,4,2018-07-10 18:46:42,Emejing
Pengguna Google,4,2018-07-10 06:33:48,Nice
Pengguna Google,5,2018-07-09 23:00:18,Cukup membantu untuk program diet sy
Pengguna Google,5,2018-07-09 11:14:27,Mantap
Pengguna Google,5,2018-07-09 07:07:44,Great app
Pengguna Google,5,2018-07-08 10:57:43,SUKA BANGET
Pengguna Google,4,2018-07-08 05:34:04,"Aplikasi sangat berguna tetapi di pencarian jumlah kalori makanan, list 
makanan belum lengkap"
Pengguna Google,4,2018-07-07 13:21:29,"Aplikasinya bagus, cuman lebih bagus lagi kalau ada saran resep makan diet 
yang rendah kalori dan bahannya gampang dicari. Jadi ga kebingungan hari 
ini mau makan apa, bsok apa. Gituu"
Pengguna Google,4,2018-07-07 10:56:20,Sangat membantu sekali 😀
Pengguna Google,5,2018-07-07 05:53:47,"Bagus banget,aku suka"
Pengguna Google,5,2018-07-06 18:34:01,Jadi lebih terkontrol mkanan yg masuk k tubuh kita . diet semakin nyaman
Pengguna Google,5,2018-07-06 05:55:56,Membantu banget utk mengetahui kalori yg ada pada makanan yg dimakan
Pengguna Google,5,2018-07-05 14:25:55,❤️
Pengguna Google,5,2018-07-03 11:01:47,Nice application to help your diet
Pengguna Google,1,2018-07-02 19:59:13,Kok gak bisa dibuka
Pengguna Google,5,2018-07-02 16:46:19,"Aplikasi yg sangat membantu untuk mengontrol makanan sehari2 , apa lagi 
untuk yg lgi menjalankan program diet,"
Pengguna Google,5,2018-07-02 13:50:48,Mantap
Pengguna Google,5,2018-07-02 13:32:47,Keteeeen
Pengguna Google,5,2018-07-01 22:01:53,Good app
Pengguna Google,5,2018-07-01 21:27:50,Sangat membantu dlm mengatur pola makan saya.
Pengguna Google,4,2018-07-01 15:18:48,"Bagus dan sangat membantu hanya saja terkadang loadingnya terlalu lama dan 
agak error saat akan kalkulasi kalorinya.Tapi secara keseluruhan sudah 
bagus. Pokoknya i love it!💕💕"
Pengguna Google,5,2018-07-01 11:15:33,Keren
Pengguna Google,5,2018-06-30 10:32:56,Good
Pengguna Google,5,2018-06-29 12:45:39,Aku sampai turun 3 kilo gara2 aplikasi ini
Pengguna Google,5,2018-06-29 08:23:19,Membantu bangett untuk pola hidup lebih baik
Pengguna Google,5,2018-06-28 22:22:28,Suka bgt sangat membantu diet q.. makasih fatsecret
Pengguna Google,5,2018-06-28 20:39:14,Bagus
Pengguna Google,5,2018-06-28 08:27:35,Keren
Pengguna Google,5,2018-06-28 07:08:25,Ok
Pengguna Google,5,2018-06-27 20:42:27,Suka sekaliiiii top markotop nih aplikasi
Pengguna Google,5,2018-06-27 12:06:46,sangat membantu
Pengguna Google,5,2018-06-26 20:46:04,Sangat membantu dalam menghitung kalori makanan
Pengguna Google,5,2018-06-26 18:51:12,Usefull
Pengguna Google,5,2018-06-25 23:39:42,"Baru install, kalo bagus ksh bintang 5"
Pengguna Google,5,2018-06-25 18:42:04,Sangat membantu euy
Pengguna Google,4,2018-06-24 05:57:15,"Sangat membantu utk menurunkan berat badan dan program diet lainnya. 
Tingkatkan terus yaa FS.."
Pengguna Google,2,2018-06-23 17:51:31,2 bintang dulu
Pengguna Google,5,2018-06-23 13:41:42,Mantap
Pengguna Google,5,2018-06-23 11:23:49,"Ni aplikasi bagus banget buat yg lagi program berat badan, buat ngontrol 
kalori. Sarannya ya menu di fs lebih ditambah lagi soalnya lumayan banyak 
makanan yg tidak ada di menu Thanks 😊"
Pengguna Google,4,2018-06-22 19:24:34,Ok
Pengguna Google,5,2018-06-22 12:57:12,Membantu sekali bagi yang pengen hidup sehat
Pengguna Google,5,2018-06-21 13:26:40,"Aplikasi nya sngt membantu bngt, tp msih bingung cra ganti pp nya gmna ya?"
Pengguna Google,4,2018-06-20 15:19:05,Good
Pengguna Google,5,2018-06-19 18:47:27,"WAW WAW waw bagus banget nih apk kalo bisa tambahin Lah gambar atau foto 
pencarian masakanya jadi tau tuh foto masakan apa TERIMA KASIH"
Pengguna Google,5,2018-06-17 19:58:42,"itung2 belajar buat mengontrol kalori dan nutrisi yg masuk ke tubuh, jd gak 
cuma sekadar menurunkan bb aja"
Pengguna Google,5,2018-06-17 16:29:58,Tingkatkan
Pengguna Google,5,2018-06-17 07:32:46,"Bagus, buat mantauu jumlah kalori yang masuk dan keluar, dsana juga ada 
komunitas juga, baguss bagusss"
Pengguna Google,5,2018-06-16 11:44:33,Sangat membantu
Pengguna Google,5,2018-06-13 13:05:52,"Sangat membantu mengetahui kalori yang dibutuhkan, Kalori keluar dan kalori 
yang masuk"
Pengguna Google,5,2018-06-11 21:45:21,"Setidaknya membantu saya utk mengontrol berapa asupan makan/kalori yg saya 
konsumsi."
Pengguna Google,5,2018-06-11 17:21:52,Sangat Bagus karna bisa mengontrol kalori yang saya butuhkan saat diet...
Pengguna Google,4,2018-06-10 21:58:34,Please add fiture blockir .. thanks.. 💕
Pengguna Google,5,2018-06-10 18:57:28,bagus bwt kontrol asupan kalori tiap hari
Pengguna Google,5,2018-06-08 16:49:47,Aplikasi yang bagus. Recommended untuk yg lagi diet
Pengguna Google,5,2018-06-08 12:47:23,Mantap
Pengguna Google,4,2018-06-08 09:42:50,Keren
Pengguna Google,5,2018-06-08 00:06:44,Kereen
Pengguna Google,4,2018-06-07 18:25:39,Mantap pokoknya
Pengguna Google,5,2018-06-05 09:03:50,tambahin lagi menunya
Pengguna Google,5,2018-06-03 16:26:06,Pas buat guide diet dg pangkas kalori
Pengguna Google,5,2018-06-02 12:40:51,Good
Pengguna Google,5,2018-06-01 22:07:08,Sip
Pengguna Google,5,2018-05-30 11:35:50,Good
Pengguna Google,5,2018-05-29 20:39:23,Oke
Pengguna Google,5,2018-05-29 20:19:25,Sangat membantu saya
Pengguna Google,5,2018-05-29 19:38:05,Aplikasi yg berguna
Pengguna Google,1,2018-05-29 05:58:34,Kenapa ngga bisa dibikak ya apl nyaa
Pengguna Google,5,2018-05-29 03:05:26,Bs kontrol kalori makanan 👌
Pengguna Google,5,2018-05-28 12:27:12,"Suka banget, bikin aware thd asupan kalori harian dan porsi konsumsi karbo 
: lemak : protein harian.."
Pengguna Google,4,2018-05-28 09:00:16,Bagus
Pengguna Google,5,2018-05-28 08:07:06,Keren dah
Pengguna Google,5,2018-05-27 17:00:11,"Masih bingung gimana aturan diet di aplikasinya. Ada yg bisa bantu jawabin? 
😁😁😁"
Pengguna Google,5,2018-05-26 17:51:03,Love this app somuch 😘😘
Pengguna Google,3,2018-05-26 03:48:06,Tiga duluuu yaaa
Pengguna Google,5,2018-05-25 19:34:18,good aplication
Pengguna Google,5,2018-05-25 18:46:05,Sangat membantu 😊😊😊
Pengguna Google,4,2018-05-25 08:34:41,Bagus banget
Pengguna Google,5,2018-05-25 06:01:07,Semoga bisa membantu aku dalam diet
Pengguna Google,5,2018-05-24 22:07:29,"Bagus,tapi kalo bisa lebih ditingkatkan lagi"
Pengguna Google,5,2018-05-23 20:40:32,Luar biasa membantu
Pengguna Google,5,2018-05-23 17:09:53,Terbaik
Pengguna Google,5,2018-05-23 06:26:18,Sangat membantu di pola makan
Pengguna Google,1,2018-05-23 02:10:23,Aplikasi gk bisa dibuka
Pengguna Google,5,2018-05-22 22:54:44,"Suka bgt sama aplikasi ini jdi tau apa aja yg msuk ke tubuh. Cuma ada 
kekurangan, tolong tambahkan fitur utk blokir akun dong, soalnya FS yg 
skarang suasananya gk kayak yg dlu. Banyak org2 yg membuat gk nyaman para 
pengguna yg lain juga."
Pengguna Google,5,2018-05-22 21:15:55,Kasih fitur blokir orang dong.. Yg request udah banyak tuh😁
Pengguna Google,5,2018-05-22 18:44:34,"Keren, bisa nemu pengetahuan ttg diet sehat dsini Tapi ditambahi fitur 
blokir orang biar lebih baik"
Pengguna Google,5,2018-05-22 18:41:34,"Sangat membantu menghitung asupan kalori dari makanan.. Saran: tambahkan 
fitur BLOKIR dong, supaya ga terganggu sama postingan2 yang ga nyaman.. 
Selebihnya very useful, thx"
Pengguna Google,4,2018-05-22 18:40:26,"Tolong tambahkan FITUR BLOKIR ya. Agar ketika ada sesuatu yg menganggu atau 
berbau sara bisa langsung kami BLOKIR. Terima kasih banyak 😎"
Pengguna Google,5,2018-05-22 18:33:04,"Tambah kan fitur report dan blokir.. Biar orang2 yg ga pantas ada d fat 
secret bisa d singkirkan..👍😂"
Pengguna Google,5,2018-05-22 17:32:41,Cukup membantu
Pengguna Google,5,2018-05-22 16:21:34,"Tolong tambahkan fitur BLOKIR dan REPORT demi kenyamanan rekan2 FS karena 
ada akun yg sangat2 mengganggu kenyamanan terimakasih 😊"
Pengguna Google,5,2018-05-22 14:24:58,Good bgt
Pengguna Google,5,2018-05-22 13:15:03,"tolong tambahkan fitur blokir orang di fat secret karena ada postingan dari 
beberapa orang yang membuat tidak nyaman, semoga saran saya diterima"
Pengguna Google,5,2018-05-22 12:13:51,"No komen! Pemikiran gue tentang diet berubah semenjak ada ini. Ngebantu 
banget makasih fren :)"
Pengguna Google,5,2018-05-22 11:30:39,Aku bisa buat program dan lebih komit dgn app ini
Pengguna Google,5,2018-05-21 21:43:21,Bisa tau berapa kalori yg di mkn perhari
Pengguna Google,4,2018-05-21 07:48:59,Jadi bisa mengkontrol kalori yang masuk
Pengguna Google,3,2018-05-20 15:21:56,Lebih mudah menghitung jumlah kalori yang diinginkan
Pengguna Google,4,2018-05-20 11:32:03,Sangat membantu
Pengguna Google,5,2018-05-20 06:32:01,Membantu dalam mengatur makan
Pengguna Google,5,2018-05-19 18:36:30,"top Banget, bisa membantu dlam mengelola pola hidup sehat..."
Pengguna Google,5,2018-05-19 09:43:51,This app helps me so much to lose weight. Thank you fat secret !
Pengguna Google,5,2018-05-18 19:19:02,App nya bagus
Pengguna Google,5,2018-05-18 13:45:32,Bagussssss
Pengguna Google,5,2018-05-18 09:22:26,Mengontrol asupan makanan lebih baik
Pengguna Google,5,2018-05-17 21:14:05,Aku suka
Pengguna Google,5,2018-05-17 12:14:00,"Karena aplikasi ini aku bisa mengatur pola makan dan menjaga hidup 
sehat.tahu caranya menyiasati kegemukan"
Pengguna Google,5,2018-05-16 10:42:34,Thnkz fatsecreet sangat membantu 👍
Pengguna Google,5,2018-05-16 08:10:33,Sangat membantu
Pengguna Google,5,2018-05-16 07:02:16,Good
Pengguna Google,4,2018-05-16 05:51:36,Saya suka dg cara sy menghitung apa yg sy makan
Pengguna Google,4,2018-05-16 05:04:49,Membantu mengatur pola makanku....
Pengguna Google,5,2018-05-15 23:38:39,"Peluntur lemak ku, pengontrol makan ku. Thanks Fat Secret 😊 Love yaa❤❤"
Pengguna Google,5,2018-05-14 18:55:30,Pola makan jd lebih terkontrol 👍
Pengguna Google,5,2018-05-14 18:22:38,Good
Pengguna Google,5,2018-05-14 18:19:59,Mantap
Pengguna Google,4,2018-05-14 13:23:39,Asisten kontrol makan plus kalori😉
Pengguna Google,5,2018-05-13 15:17:23,Mantap
Pengguna Google,4,2018-05-13 14:40:10,"Lbih bagus lagi jika di sediakan default menu makanan sesuai kebutuhan 
kalori masing2 orang.. So far.. it's great ty"
Pengguna Google,5,2018-05-13 14:16:04,Bagus
Pengguna Google,5,2018-05-12 18:24:40,"Menunya dilengkapi lagi, kadanga ada makanan yg ga bisa ditemukan di fs, 
smartband iwown sinkronkan dgn fs dong.."
Pengguna Google,5,2018-05-12 15:41:49,Coba dulu
Pengguna Google,5,2018-05-12 09:56:08,"Suka bangettttttt...... Sangat"" bermanfaat"
Pengguna Google,5,2018-05-12 07:42:47,Keren
Pengguna Google,4,2018-05-11 09:47:50,Okee
Pengguna Google,5,2018-05-11 07:20:45,Membantu sy untuk diet
Pengguna Google,5,2018-05-09 21:54:07,Wow
Pengguna Google,2,2018-05-08 09:56:53,Qo gak bisa dibuka ya aplikasinya hiks hiks
Pengguna Google,5,2018-05-08 09:52:15,Good
Pengguna Google,5,2018-05-08 09:32:42,"Aplikasi nya bagus. Cuma gue heran deh. Target kalori gue 1300. Di nutrisi 
target nya kok jadi 10.000-an yah. Trus target protein dan karbohidrat gue 
tinggi banget juga. Emg begini, atau gue yg salah ya? Gue heran kok tinggi 
banget gitu. Jd bingung gue ngitung kalorinya. Bantu jawab dong, please..."
Pengguna Google,5,2018-05-07 19:20:28,sukaaaa
Pengguna Google,5,2018-05-07 18:51:00,SANGAT BERGUNA
Pengguna Google,4,2018-05-07 13:45:38,Kurang perfect aja sih
Pengguna Google,5,2018-05-07 12:22:14,Sangat membantu trimakasi.. sya juga merekomendasikannya ke teman-teman saya
Pengguna Google,4,2018-05-07 08:41:42,Bagus.
Pengguna Google,5,2018-05-07 07:11:23,keren
Pengguna Google,5,2018-05-05 06:21:08,Ok buat ngitung asupan kalori setiap hari
Pengguna Google,5,2018-05-04 21:49:19,Baru mau nyoba
Pengguna Google,5,2018-05-04 13:25:31,Niceee
Pengguna Google,5,2018-05-04 12:53:59,Suka
Pengguna Google,5,2018-05-03 19:56:33,Sangat membantu memantau berapa kalori dari setiap makanan dan minuman
Pengguna Google,4,2018-05-03 00:29:34,"Bagi saya aplikasi ini membantu dalam program berat badan ideal. yang pasti 
ini tidak 100% akurat, namun cukup membantu untuk perkiraan dalam 
pencatatan dan penghitungan kalori makanan harian."
Pengguna Google,4,2018-05-02 12:06:03,Wow
Pengguna Google,5,2018-05-02 07:43:06,Sangat membantu ngontrol sih
Pengguna Google,5,2018-04-30 20:06:46,"Suka banget, selain membantu nambah bb ada komunitas jg yg saling berbagi 
tips.."
Pengguna Google,4,2018-04-30 10:20:34,Baru download jd 4 bintang dulu 😊. Semoga berhasil wkwkwk
Pengguna Google,5,2018-04-30 08:07:36,I m in Love with this app !
Pengguna Google,5,2018-04-30 05:57:49,Membantu dalam mengontrol nafsu makan
Pengguna Google,5,2018-04-29 08:18:50,"Suka bgt aplikasinya, bikin aku tau sebagaimana kalori yang masuk dalam 
tubuh, jadi bisa atur pola makan dengan baik. Thanks..."
Pengguna Google,5,2018-04-28 20:26:25,Saya menyukai nya
Pengguna Google,5,2018-04-28 18:07:51,It's so cool👏
Pengguna Google,5,2018-04-28 13:09:54,Mantap
Pengguna Google,4,2018-04-27 16:55:22,"Fat Secret mudah dipahami, bahkan utk org gaptek spt sy 😋 selama ini tyt 
pengertian sy ttg makanan & diet salah kaprah bgt...FC sedikit byk nambah 
wawasan sy ttg makanan & gizi shg skrg sy bs menurunkan berat badan sy dg 
cara benar & tnp tersiksa lapar...#turun 3,5kg/-1bln....tks FC 😍😘👍👍👍"
Pengguna Google,5,2018-04-27 15:19:46,Sangat membantu untuk yang lagi died
Pengguna Google,4,2018-04-27 08:36:20,top
Pengguna Google,5,2018-04-27 07:16:31,Sangat membantu sekali ni app 👍
Pengguna Google,5,2018-04-26 14:33:51,Baguuus bgt
Pengguna Google,5,2018-04-26 08:25:35,The best!!!
Pengguna Google,5,2018-04-25 12:38:36,"Jenis makanan nya banyak sekali, jadi lebih gampang untuk kontrol kalori 
yang masuk"
Pengguna Google,5,2018-04-25 00:28:23,Sangat membantu 😊😊😊
Pengguna Google,5,2018-04-24 20:03:54,Sangat sangat sangat membantu
Pengguna Google,5,2018-04-24 06:31:35,Good.. mempermudah saya dalam menjaga asupan kalori sehari2..
Pengguna Google,5,2018-04-23 23:44:58,"Penghitung kalorinya oke banget, cuma masalahnya latihannya cuma ada kardio 
aja kalo latihan beban ngga bisa dihitubg dengan aplikasi ini 😅"
Pengguna Google,5,2018-04-23 13:57:55,Its work 👍
Pengguna Google,5,2018-04-23 08:04:39,"App ny membantu sekali untuk mengontrol kalori masuk ku. Dan juga untuk 
melihat grafik nutrisi dan perkembangan BB."
Pengguna Google,5,2018-04-22 18:43:20,"Cintaaahhhh bgt ama inu aplikasi,,,,,,,ngebantu gue pake bgt buat 
diet,,,,,lope youuu pokonya mah"
Pengguna Google,4,2018-04-22 07:49:32,Lumayan membantu
Pengguna Google,5,2018-04-21 20:04:33,"Please add block option. In indonesian server, there's a crazy girl who 
likes to make new account and post porn and nudity. It makes a lot of user 
uncomfortable. Not all user are 17+yrs old. Please do something about it 
ASAP! Thank you so much"
Pengguna Google,5,2018-04-21 17:00:21,"Sangat membantu menghitung kalori makanan, membantu banget untuk diet 
program... Sukses...."
Pengguna Google,5,2018-04-21 14:40:47,Mantap
Pengguna Google,5,2018-04-21 12:13:03,Keren aplikasinya Bagus banget saya perlu app ini untuk membantu saya
Pengguna Google,5,2018-04-21 11:54:22,Suka sekali
Pengguna Google,4,2018-04-21 07:08:28,Suka
Pengguna Google,5,2018-04-20 20:37:45,bagussss
Pengguna Google,2,2018-04-20 11:29:56,"Knp makanan sarapan tidak bisa diedit pdhl bru masukan sekitar 5mnt yg 
lalu.tiap diedit langsung close sdri.biasanya ga gt.tlg di benerin min"
Pengguna Google,5,2018-04-20 11:07:21,Aplikasi yg membantu utk program diet saya..
Pengguna Google,5,2018-04-20 08:11:43,Ntabsoul
Pengguna Google,4,2018-04-20 06:36:49,Sangat membantu untuk progam diet saya !!! Thx fatsceret ...
Pengguna Google,5,2018-04-19 20:47:14,Sip
Pengguna Google,4,2018-04-18 19:14:59,Lemot aplikasinya
Pengguna Google,4,2018-04-18 19:00:08,"So far bisa menghitung berapa kalori yang masuk ke dalam tubuh. Jadi bisa 
hati2 dalam memakan suatu makanan"
Pengguna Google,1,2018-04-18 18:04:40,Ko jadi cacad ya aplikasinya..timeout mulu
Pengguna Google,3,2018-04-18 17:19:04,INPUT MAKANAN LAMBAATTTT BANGET
Pengguna Google,5,2018-04-18 08:27:54,Sangat bermanfaat
Pengguna Google,5,2018-04-17 20:49:21,Good
Pengguna Google,5,2018-04-17 06:43:37,Aplikasi Bagus dan cukup membantu
Pengguna Google,5,2018-04-16 07:51:51,Aplikasi yg sangat membantu kita untuk menurunkan berat badan.
Pengguna Google,4,2018-04-16 06:20:14,Dengan FS pola makan dan diet saya mulai teratur
Pengguna Google,1,2018-04-16 00:13:30,Tidak bisa dibuka
Pengguna Google,5,2018-04-15 18:24:13,Saya lebih gampang menurunkan berat badan dengan menghitung-hitung kalori
Pengguna Google,5,2018-04-15 06:24:20,"Ternyata mang berguna bgt pake app ini.... Gampang juga kok. Pinter2 aja 
nyari makanan yg kira2 punya kalori n komposisi yg sama"
Pengguna Google,3,2018-04-15 01:48:10,"Best diet app so far.. Recommended 👍// Ps. it will be better if I can 
edit/delete what I post.. :"")"
Pengguna Google,5,2018-04-13 17:33:56,good
Pengguna Google,4,2018-04-13 08:32:25,"4 dulu ya, beberapa menu ga ada disini.. tlg di update lg.."
Pengguna Google,5,2018-04-12 09:28:54,Bagus
Pengguna Google,5,2018-04-12 00:06:47,Mantaf
Pengguna Google,5,2018-04-11 19:13:02,Ok bgt aplikasi nx
Pengguna Google,5,2018-04-11 18:53:20,Nice app... very helpfull 😚
Pengguna Google,5,2018-04-11 11:36:40,"Semoga membantu,, thx"
Pengguna Google,5,2018-04-10 17:39:48,bolak balik cari aplikasi penghitung kalori.... ahirnya dapat juga....
Pengguna Google,5,2018-04-10 10:03:51,Sangat membantu untuk mngukur kebutuhan nutrisi tubuh kita
Pengguna Google,5,2018-04-10 06:08:26,"Applikasinya udah bagus, cuma kurang buat hitung lemak dalam tubuh"
Pengguna Google,4,2018-04-09 12:15:09,Suka banget
Pengguna Google,5,2018-04-09 07:10:55,Membantu sekali menghitung kalori yang masuk. Jadi bisa mengontrol
Pengguna Google,5,2018-04-09 05:19:49,paling komplit referensi makanan indonesianya...cuma masih banyak yang perlu dilengkapi menu2 makanan indonesia
Pengguna Google,4,2018-04-07 08:35:07,Good
Pengguna Google,5,2018-04-05 21:02:23,Ngebantu diet banget
Pengguna Google,4,2018-04-05 19:07:43,Kayaknya membantu untuk program diet
Pengguna Google,4,2018-04-05 15:25:25,"Cukup membantu dalam memantau apa yg kita makan dan perkembangan ketercapaian target diet. Fitur dari pesaing mohon ditambahkan, misal motivasi2."
Pengguna Google,4,2018-04-05 04:59:42,"Coba dulu, Mudah2an bagus nih aplikasi."
Pengguna Google,4,2018-04-05 04:44:51,Buat kontrol kalori harian 👌
Pengguna Google,4,2018-04-04 21:31:44,4 dulu dicoba bagus full 5
Pengguna Google,4,2018-04-04 17:37:51,Sangat membantu untuk diet pemula
Pengguna Google,4,2018-04-04 07:52:54,"Sangat membantu mengatur asupan makanan, tapi ada beberapa jenis makanan yang gak ada di daftar😁"
Pengguna Google,5,2018-04-03 22:09:31,"Pertama, gak tau cara pakeknya setelah lihat"" ternyata gampang. Dan sangat membantu dalam program diet karena mudah untuk mengatur kalorinya. Thx"
Pengguna Google,4,2018-04-03 15:28:46,Mau coba dlu ya
Pengguna Google,5,2018-04-03 06:44:58,App yang bener-bener membantu sekali. Tapi daftar makanan lebih diperbanyak lagi ya...makasih FS. Good job...
Pengguna Google,5,2018-04-02 08:42:51,Membantu banget buat ngontrol kalori harian
Pengguna Google,5,2018-04-02 07:30:02,Saya sangat terbantu dengan aplikasi ini untuk menghitung defisit kalori agar badan lebih sehat dan bonusnya langsing
Pengguna Google,4,2018-04-01 20:39:30,Mantappp sngat membNtu
Pengguna Google,5,2018-04-01 19:13:23,Cocok buat hitung kalori
Pengguna Google,5,2018-04-01 16:58:44,sangat berguna
Pengguna Google,4,2018-04-01 10:36:32,Semoga membantu😉
Pengguna Google,5,2018-04-01 06:22:36,FS sperti saudara yg ngawasin all the time
Pengguna Google,5,2018-03-31 22:06:58,Semoga sukses deh nurunin berat badan
Pengguna Google,5,2018-03-31 08:56:59,Nice untuk diet
Pengguna Google,5,2018-03-30 20:08:07,Sangat membantu sekali
Pengguna Google,5,2018-03-30 15:58:32,Ok
Pengguna Google,5,2018-03-30 12:04:27,Suka banget !
Pengguna Google,4,2018-03-29 20:33:19,Tolong kenapa fs saya tdk bisa dibuka😑😑
Pengguna Google,5,2018-03-29 16:56:35,Good
Pengguna Google,4,2018-03-29 12:38:13,Sangat membantu buat pola hidup sehat
Pengguna Google,5,2018-03-28 10:56:41,Sangat bermanfaat alhamdulilah
Pengguna Google,5,2018-03-28 08:06:11,Topppp
Pengguna Google,5,2018-03-27 07:49:25,Aplikasinya bagus bisa tracking kal yg masuk ke tubuh aku. Hampir semua makanan yg aku makan ada di app ini. Tapi mau saran dong.. bisa ga kal jamu2 tradisional ditambahin. Itu penting banget buat yg lagi jalanin hidup sehat..
Pengguna Google,5,2018-03-26 19:33:58,Aplikasiny oke banget deh!  Dan sangat membantu...
Pengguna Google,5,2018-03-26 08:32:57,Sangat membantu saya
Pengguna Google,5,2018-03-23 19:21:03,"Pertama ga meyakinkan tp ternyata luar biasa, hidup sy mulai berubah lebih sehat.. Suka banget sma forumnya.. Bener2 memotivasi dan kasih insight.."
Pengguna Google,5,2018-03-23 09:21:38,Sangat membantu
Pengguna Google,5,2018-03-22 19:18:46,"this app is very usefull and help me to lost my weight and start heath and clean eating, it also has positive social media which able to help us comunicate and support each other. is there option change my profile picture? @fatsecret"
Pengguna Google,5,2018-03-22 10:28:08,Membantu sekali
Pengguna Google,5,2018-03-21 13:17:47,👍🏻👍🏻👍🏻👍🏻👍🏻👍🏻
Pengguna Google,3,2018-03-19 12:35:58,Good
Pengguna Google,3,2018-03-19 09:35:35,Jenis makanan beserta kalorinya tidak lengkap
Pengguna Google,3,2018-03-17 20:12:40,Kolom komentar harus d sempurna kan lagi Tp sudah cukup bagus membantu yg program diet
Pengguna Google,3,2018-03-17 17:07:15,"3 Bintang dulu ya? Nanti saya akan beri Bintang 5 kalo BB saya benar2 turun, dan saya akan ceritakan pengalaman memakai aplikasi ini untuk teman2 sbg info terkontrolnya kalori bagi yg berniat diet 😊"
Pengguna Google,5,2018-03-17 12:50:55,"Sangat membantu menghitung kalori yg masuk dalam tubuh dan yg terbakar. Meski gak 100% pasti tapi setidaknya tau kira"" kalori yg masuk dan keluar"
Pengguna Google,5,2018-03-16 17:25:17,Keren
Pengguna Google,5,2018-03-16 11:59:35,Suka sekali dengan aplikasi fatsecret
Pengguna Google,5,2018-03-15 23:11:32,Good job🙏
Pengguna Google,5,2018-03-15 21:33:08,"Mantap banget ini aplikasi kyk semacam asisten tiap hari. Langsung kasih 5 bintang hbis download langsung ku buka"" dan ternyata mantap isi nya siip.. Sukses terus makasih"
Pengguna Google,5,2018-03-15 13:59:37,This app is helping me to maintain and lose my weight. Thank you so much. Be better always!
Pengguna Google,5,2018-03-14 17:04:25,Very helpfull app...love it
Pengguna Google,4,2018-03-14 09:33:07,"Bagus, cuma list makanan beberapa kurang lengkap"
Pengguna Google,4,2018-03-13 17:54:06,"Tolong kecepatannya ditingkatkan lagi, kadang kadang kalo mencet makanan nunggu muncul detailnya lama sekali, menjadi terganggu saya makainya."
Pengguna Google,5,2018-03-13 05:53:27,Sangat membantu menurunkan berat badan dan jaga kesehatan
Pengguna Google,5,2018-03-13 03:44:51,"Sangat membantu untuk program diet, kalori yg masuk dan pola makan jadi tekontrol."
Pengguna Google,5,2018-03-12 14:40:45,Terimakasih fatsecret berkat aplikasi ini kaloriku terkontrol dan BB turun 10.kg dalam wktu 1 bulan..
Pengguna Google,5,2018-03-11 14:10:55,Sangat membantu.. Berat badan saya turun1.5kg  dalam 1 minggu
Pengguna Google,5,2018-03-10 18:52:45,Good fs
Pengguna Google,5,2018-03-09 18:39:14,Sangat membantu tolong dikembangkan lagi
Pengguna Google,5,2018-03-09 18:35:33,Sangat membantu untuk proses penurunan berat badan dan hidup sehat :)
Pengguna Google,5,2018-03-09 15:23:07,Semoga dapat membantu
Pengguna Google,4,2018-03-09 15:13:09,Ok
Pengguna Google,5,2018-03-09 10:29:49,Detil... Sip
Pengguna Google,5,2018-03-09 09:05:45,Bagus berat badan saya terkontrol dan lumayan turun loh ... 😊
Pengguna Google,5,2018-03-08 06:42:56,Sangat sangat membantu ...
Pengguna Google,5,2018-03-07 17:08:02,Membantu
Pengguna Google,5,2018-03-06 20:59:56,Sangat membantu untuk program aku 😀
Pengguna Google,4,2018-03-06 12:12:00,Sangat membantu ngontrol berat badan
Pengguna Google,5,2018-03-04 14:36:24,Ok aps.. its work
Pengguna Google,5,2018-03-03 21:44:47,Sangat membantu
Pengguna Google,5,2018-03-03 13:17:33,Good
Pengguna Google,5,2018-03-03 06:12:20,Good
Pengguna Google,5,2018-03-02 10:50:03,Download nya lama
Pengguna Google,5,2018-03-02 08:26:13,Aplikasi bagus. Sangat membantu dalam program diet saya.
Pengguna Google,5,2018-03-02 07:29:54,Sangat membantu dalam program diet.
Pengguna Google,5,2018-03-02 04:17:50,Aplikasinya bisa membantu banget untuk memperkirakan jumlah kalori yang masuk di tubuh dan komposisi nutrisinya. Saran: Bisa ada kontrol dari pembuat aplikasi untuk daftar nutrisi asupan sehingga bisa lebih valid.
Pengguna Google,3,2018-02-28 16:11:39,Coba dulu
Pengguna Google,4,2018-02-27 06:08:45,Selama sinyal ok. Jurnal makan kita bisa terinput cepat. Dan sangat membantu kota mengontrol pola makan.
Pengguna Google,5,2018-02-25 19:10:15,Aku suka seka fat secret *nada doraemon 😁
Pengguna Google,4,2018-02-25 19:09:22,membantu dalam menghitung kalori
Pengguna Google,5,2018-02-25 08:07:26,Sangat membantu dalam diet low carbo saya.pilihan kalorinya pun lengkap..
Pengguna Google,5,2018-02-24 20:17:26,Ngapain diet nyiksa ga boleh mkn ini lah itu lah..pake aja aplikasi ini mau nakan apa aj ga msalaaaah..
Pengguna Google,5,2018-02-24 10:19:26,Ok banget
Pengguna Google,5,2018-02-23 16:16:04,Good....amazing..DLL😊😊
Pengguna Google,5,2018-02-23 11:23:27,Suka banget ama aplikasi ini. Sangat membantu untuk program diet sehat. Di sini juga bisa ketemu temen2 satu perjuangan.
Pengguna Google,5,2018-02-23 09:22:44,Lebih diperbanyak dan detail untuk hitungan kalori makanan indonesia nya. Agar perhitungan asupan kalori tiap hari lebih akurat. Terimakasih bantuannya FS.
Pengguna Google,5,2018-02-23 06:56:02,Sangat detail dan membantu aplikasinya utk kita yg sedang mengurangi atau menambah kalori dan berdiet
Pengguna Google,5,2018-02-22 14:14:37,Mudah menggunakannya dan makanan yg ada di list sangat beragam
Pengguna Google,5,2018-02-22 09:32:24,"Baru seminggu aku udh turun 4 kg, makasih banyak app bisa control kebutuhan kalori kita yuhuuuuh"
Pengguna Google,2,2018-02-21 15:34:22,"Lama bgt nih aplikasi masa mau nulis menu harian bisa setengah jam baru ke input bahkan lebih kebekaran jenggot lu, jangan mau download klo batre kalian mau cepet abis"
Pengguna Google,5,2018-02-21 09:42:48,"Kereeen,  jadi paham isi kandungan makanan yg kita makan,  buat jaga2 tubuh biar sehat terus 👍👌"
Pengguna Google,5,2018-02-21 08:14:42,"Bermanfaat buat ngitung kalori,setidak'y ada acuan utk kalori tiap makanan"
Pengguna Google,3,2018-02-19 20:13:36,Coba dulu
Pengguna Google,2,2018-02-19 15:15:01,Satu dulu klo bagus tar d tambah
Pengguna Google,4,2018-02-19 12:18:38,"App nya bagus dan bermanfaat, daftar makanannya lumayan lengkap dan banyak jenis nya, cuma penghitungan kalori di awalnya kyknya masih kurang akurat soalnya terlalu besar angkanya"
Pengguna Google,5,2018-02-19 08:08:34,"Bagus bgt untuk yg mlai diet, krn bs menghitung brp kalori yg masuk & brp kalori yg kluar..."
Pengguna Google,5,2018-02-18 07:46:13,"Bagus, membantu proses program diet low carb & low kalori sy"
Pengguna Google,4,2018-02-17 18:07:39,Gimana caranya biar pemberitahuannya muncul kaya digambar?
Pengguna Google,4,2018-02-17 07:45:23,"Membantu banget buat aq yg mau diet,, bisa ngitung kalori yg masuk dan dapat tips2 dari pengguna lainnya"
Pengguna Google,5,2018-02-16 19:09:53,Sangat membantu program diet..  Mantap
Pengguna Google,5,2018-02-15 13:08:26,Membantu sekali untuk mengelola kalori yg masuk ❤
Pengguna Google,5,2018-02-15 07:52:29,Sangat membantu
Pengguna Google,5,2018-02-14 21:37:17,Cocok buat atur asupan kalori.
Pengguna Google,5,2018-02-14 21:27:44,Sederhana tapi banyak manfaatnya dan mudah dimengerti
Pengguna Google,4,2018-02-14 05:31:27,"Bagus dan bermanfaat, seandainya daftar makanan nya dilengkapi lagi, saya kasih bintang 5 hehehe"
Pengguna Google,5,2018-02-11 13:12:12,Bermanfaat untuk menghitung kebutuhan kalori kita
Pengguna Google,1,2018-02-11 12:41:31,informasi gizi gak cocok samasekali
Pengguna Google,5,2018-02-10 07:05:23,"Sangat bermanfaat,  fitur nya sangat menarik dan menolong sekali membantu progran diet"
Pengguna Google,4,2018-02-10 06:09:43,Lumayan bisa bantu kontrol kalori yg masuk 😊
Pengguna Google,5,2018-02-10 00:41:06,Aplikasi ini benar² membantu dalam mencapai tujuan saya
Pengguna Google,4,2018-02-09 10:08:52,"Suka sama aplikasi ini, cara mengirim status harian bgmn caranya"
Pengguna Google,5,2018-02-07 10:27:48,Sangat membantu saya untuk diet
Pengguna Google,5,2018-02-07 08:21:11,Bagus aplikasinya bener2 bantu aku turunin berat badan
Pengguna Google,5,2018-02-06 22:35:49,Lumayanlah....cuma hitung kalori makan dan latihan...lumayan bisa mengurangi angja timbangan tiap minggu
Pengguna Google,5,2018-02-06 16:36:41,"lg stuck BB gak turun2 lg soalnya udah mndekati ideal, pake fat sacret JOSSS BB bisa turun tanpa kardio n tanpa suplement apapun.. mantap nich, idup enak jd santai kagak stress mikirin BB."
Pengguna Google,5,2018-02-02 18:01:46,Helpfull
Pengguna Google,4,2018-02-02 07:03:36,Bisa lebih mengatur asupan mkanan setiap hari.thanks fatsecret.
Pengguna Google,5,2018-02-01 07:58:36,Sangat membantu
Pengguna Google,4,2018-01-31 12:59:54,Membantu juga. Tp dicoba dulu
Pengguna Google,5,2018-01-30 06:35:50,good
Pengguna Google,5,2018-01-30 06:12:31,This app makes me to think first before eating. It makes me loose my weigh.
Pengguna Google,5,2018-01-28 07:25:24,Sangat membantu
Pengguna Google,5,2018-01-28 07:11:04,Best tool for me
Pengguna Google,5,2018-01-27 16:28:35,Membantu bgt... Buat ngantrol makan...
Pengguna Google,4,2018-01-27 09:16:48,Bagus untuk mengontrol berat badan saya
Pengguna Google,5,2018-01-27 05:41:23,Membantu sekali
Pengguna Google,2,2018-01-26 04:08:34,Kurang paham saya pemakaian nya😂😣
Pengguna Google,5,2018-01-25 15:22:35,Ok
Pengguna Google,5,2018-01-24 15:24:08,Sangat membatu dalam perencanaan nutrisi dan diet..
Pengguna Google,5,2018-01-24 15:11:28,Good
Pengguna Google,5,2018-01-23 18:23:13,Good
Pengguna Google,5,2018-01-23 06:04:21,Mantap
Pengguna Google,3,2018-01-21 11:00:18,kok nggak keluar exsecise. ny gimana caranya ya?
Pengguna Google,5,2018-01-20 18:59:12,Oke
Pengguna Google,5,2018-01-20 15:26:51,do you have IG account??
Pengguna Google,4,2018-01-19 11:02:50,"Tambahin produk dan varian makanannya dong, kadang nilai kalorinya beda sama dibungkusannya, tolong diperbaiki dan ditingkatkan!"
Pengguna Google,4,2018-01-19 04:27:54,"Suka banget sama ini aplikasi, cuma di beberapa bahan pangan kurang akurasi nilai gizinya."
Pengguna Google,5,2018-01-18 06:49:57,Makan lebih teratur
Pengguna Google,5,2018-01-18 05:43:58,Sangat membantu. Semoga daftar makanan bertambah banyak lagi ya
Pengguna Google,5,2018-01-17 15:01:51,Sangat membantu
Pengguna Google,5,2018-01-17 09:41:09,DIET?    beli timbangan dapur dan pakai aplikasi ini..
Pengguna Google,5,2018-01-16 17:55:37,sangat bermanfaat
Pengguna Google,5,2018-01-16 08:14:45,"good, tpi msi ada makanan yg blm trsedia d fat secret"
Pengguna Google,5,2018-01-13 18:08:19,Membantu banget sih buat hitung kalori yang masuk tiap hari nya 👍
Pengguna Google,4,2018-01-12 19:40:03,Great!
Pengguna Google,5,2018-01-12 16:46:09,Sangat membantu mengukur kalori
Pengguna Google,5,2018-01-11 16:03:19,Oke sip
Pengguna Google,4,2018-01-10 17:36:23,Ok bgt
Pengguna Google,5,2018-01-10 13:54:24,Thanks you very much...
Pengguna Google,4,2018-01-10 13:53:42,"So far so good, i like this..😘"
Pengguna Google,4,2018-01-10 12:20:42,"Lumayan. BB turun karena pola makan, dan ini aplikasi yg membantu mengatur pola makan."
Pengguna Google,4,2018-01-09 06:08:18,Sangat membantu saya dalam kontrol makanan dan program diet saya...
Pengguna Google,5,2018-01-08 13:30:07,Mantap👍👍 sangat membantu.. Terima kasih 😊
Pengguna Google,5,2018-01-07 19:11:57,Mantapppl
Pengguna Google,5,2018-01-06 19:56:45,"Suka sekali, jadi bisa mengontrol apa yg dimakan."
Pengguna Google,5,2018-01-05 10:18:20,Alhamdulillah ada juga weightloss app yang banyak org indonya wkwk
Pengguna Google,4,2018-01-05 08:52:11,gimana caranya ganti foto profil ya? masa iya fotoku profilnya aku paha ayam goreng 😂
Pengguna Google,5,2018-01-05 00:30:55,Membantu sekali
Pengguna Google,4,2018-01-04 12:21:45,Sangat membantu utk monitor kalori harian. Tetapi informasi kalori menu makanan belum lengkap
Pengguna Google,3,2018-01-03 21:58:09,"Good app, try to add more workout from gym or bodyweight. There a loot of workout that not include in app,"
Pengguna Google,4,2018-01-03 19:27:21,"Lumayan bantu kontrol kalori, lebih bagus jika ada semacam program yg harus dipatuhi supaya lebih terkontrol"
Pengguna Google,5,2018-01-03 15:59:37,Mantap
Pengguna Google,4,2018-01-03 09:06:08,"Baru pakai sekitar 2 minggu, bener2 bantu banget buat kontrol nutrisi yang masuk"
Pengguna Google,5,2018-01-01 15:18:16,Good
Pengguna Google,4,2018-01-01 05:49:54,"Cool,sangat membantu"
Pengguna Google,5,2017-12-31 07:51:50,Sangat membantu!
Pengguna Google,5,2017-12-29 11:53:12,Semoga dengan aplikasi ini makanan saya bisa terkontrol dan mendapatkan berat badan yang ideal
Pengguna Google,5,2017-12-29 09:38:28,Membantu menjaga kesehatan dan berat badan
Pengguna Google,5,2017-12-29 05:20:40,Perbanyak terus pilihan menu makanannya
Pengguna Google,5,2017-12-27 20:08:19,Ngebantu banget bwt kontrol kalori yg masuk
Pengguna Google,5,2017-12-27 15:45:16,Membantu sekali untuk mengontrol kalori setiap harinya
Pengguna Google,5,2017-12-26 20:23:38,Keren....
Pengguna Google,5,2017-12-26 07:44:51,Berkat pengontrol kalori berat ane bisa turun
Pengguna Google,5,2017-12-25 07:35:47,Jos
Pengguna Google,5,2017-12-25 07:18:15,Sangat2 membantu.. bagus sekali
Pengguna Google,5,2017-12-24 01:04:30,Helpful to support my diet program
Pengguna Google,5,2017-12-23 06:24:17,Sangat bermanfaat
Pengguna Google,4,2017-12-22 08:48:30,Applikasi keren
Pengguna Google,5,2017-12-22 08:33:52,Love this application
Pengguna Google,5,2017-12-18 08:34:44,L like it fatsecret
Pengguna Google,5,2017-12-17 13:32:19,Bantu bangeeet
Pengguna Google,2,2017-12-17 12:22:34,Gak kecewa sih mmakin kesini semakin lemot padahal saya suka dietnya jd terbantu tapi kok lempot 😈
Pengguna Google,5,2017-12-17 10:54:45,Sangat bermanfaat
Pengguna Google,4,2017-12-17 05:31:48,Saya suka aplikasi ini.... Sangat membantu mengontrol makanan sehari hari.... Trimakasih fs
Pengguna Google,5,2017-12-16 11:16:34,Bagus mntap thanks fatscret
Pengguna Google,4,2017-12-14 08:36:46,Membantu sekali
Pengguna Google,5,2017-12-14 05:56:53,Sangat membantu menurunkan berat badan
Pengguna Google,5,2017-12-13 16:01:27,Sangat membantu
Pengguna Google,5,2017-12-13 07:21:58,"suka bgt sama aplikasi ini, lebih keren lagi kalo ada notifikasi nya."
Pengguna Google,4,2017-12-11 18:58:27,Bagus buat ngontrol diri.. Dukung gaya hidup sehat..
Pengguna Google,5,2017-12-10 13:49:03,Good
Pengguna Google,5,2017-12-09 05:44:57,"Sejauh ini FS plg bsa bantu sy diet,  Baru pake sekitar sebulan udh hampir 4kg trunnya..  Jossss aplikasinya"
Pengguna Google,5,2017-12-05 13:48:52,Thanks because fat secret I know how to life health
Pengguna Google,5,2017-12-05 12:02:11,Membantu yg lagi diet
Pengguna Google,3,2017-12-05 06:51:49,"Sebelum diupgrade gak ada msalah sekarang malah eror, posting dr orang lain tidak terbaca. Upgrade malah jadi eror."
Pengguna Google,4,2017-12-05 06:01:28,Kenapa  beranda udah 4 harian nggak muncul y?
Pengguna Google,5,2017-12-03 10:50:36,Like
Pengguna Google,3,2017-12-03 10:12:46,Nice
Pengguna Google,3,2017-12-01 11:18:28,Why after renewal even Hard to open and can not see other people's post
Pengguna Google,4,2017-12-01 06:49:32,Aplikasi yang bermanfaat
Pengguna Google,5,2017-11-30 21:51:51,Nice
Pengguna Google,4,2017-11-30 21:36:59,Lama2 lemot..  Uninstall juga nih
Pengguna Google,5,2017-11-30 18:16:13,Saya suka sama aplikasi jni. Tapi kenapa abis di upgrade malah ga bisa dibuka
Pengguna Google,1,2017-11-30 17:39:32,Kok lemot bgt si?
Pengguna Google,5,2017-11-30 15:48:04,sangat bermanfaat
Pengguna Google,1,2017-11-30 11:53:01,Nice uptade . Cant open setting .. And cant login
Pengguna Google,3,2017-11-30 11:14:11,"Tadinya suka banget. Tapi kenapa setelah di upgrade, jadi lemot banget sama tiap search makan yg sudah dimakan, selalu muncul ""terjadi kesalahan tidak terduga, silahkan coba lagi nanti"" 😑 Jadi ga bisa ngapa2in deh"
Pengguna Google,4,2017-11-28 20:59:15,"Keren bgt untuk control calories intake. Tapi... Exercise tdk otomatis sinkron dg google fit, harus buka kedua aplikasi dulu dan refresh Fatsecret agar sesuai dg google fit, kadang harus diakali dg tambahkan latihan untuk rekonsiliasi. Interface kurang menarik, tidak ada pengaturan profile, tdk bisa tag seseorang di kolom komen, tdk ada notif aplikasi (tapi notif melalui email, dan itu sedikit mengganggu menurutku) menu makanan kurang lengkap, lag dan loading lama.  Tolong diperbaiki demi kenyamanan pengguna aplikasi bagus ini."
Pengguna Google,5,2017-11-28 20:50:32,Im lovin it
Pengguna Google,5,2017-11-28 17:30:27,Sangat membantu
Pengguna Google,5,2017-11-27 13:33:46,Aplikasi yang bagus.. kita bisa mengatur pola makan berdasarkan kebutuhan kalori yg diinginkan... saran mungkin perlu verifikasi untuk informasi nutrisinya
Pengguna Google,5,2017-11-26 22:08:41,Sangat membantu proses diet. Terima kasih fat secret
Pengguna Google,5,2017-11-26 20:42:23,Bagus
Pengguna Google,5,2017-11-26 11:15:02,Bagus
Pengguna Google,5,2017-11-26 09:50:57,"Mantap bs mengontrol makan dan cocok untuk yg lg program diet, tp msh banyak makanan yg belum ada kl pas melakukan pencarian tolong di tambah lg ya,tp sejauh ini good lah 👍"
Pengguna Google,5,2017-11-25 14:16:37,Via aplikasi ini jadi lebih mudah untuk tahu berapa kalori yang dapat kita makan untuk bisa menaikkan dan menurunkan BB. Juga bisa saling share sesama pengguna app.. Tingkatkan kualitas ny lagi biar semakin seru app ny
Pengguna Google,5,2017-11-22 07:52:22,Membantu sekali menurunkan bb
Pengguna Google,5,2017-11-22 07:04:10,Keren
Pengguna Google,4,2017-11-22 06:15:33,Kenapa waktu mau hitung kalori lemot banget sering gak bisa. Dan banyak lemotnya. Tolong di perbaiki. Terima kasih
Pengguna Google,5,2017-11-22 05:22:12,Mantap nich aplikasi tahu jumlah perkiraan kalori makanan
Pengguna Google,5,2017-11-21 22:25:33,Mantap
Pengguna Google,5,2017-11-19 19:20:06,Sangat membantu .. love it..
Pengguna Google,5,2017-11-18 23:34:40,Sangat membantu dalam proses diet
Pengguna Google,5,2017-11-18 08:35:33,Sangat membantu
Pengguna Google,5,2017-11-18 08:19:58,"mantab aplikasinya, semoga itungannya bener hehe"
Pengguna Google,4,2017-11-17 16:52:02,Bagus..  Cmn msh banyak yg musti dibenahi lagi!
Pengguna Google,4,2017-11-17 07:11:50,Bagus bnget buat membantu diet
Pengguna Google,4,2017-11-16 00:05:26,Baguss
Pengguna Google,5,2017-11-15 18:40:09,Oke
Pengguna Google,5,2017-11-15 14:33:01,Sangat suka dengan app ini
Pengguna Google,5,2017-11-15 07:09:14,Easier to keep watch our body weight
Pengguna Google,1,2017-11-14 13:34:24,Saya sudah download aplikasinya tapi kenapa tidak mau terbuka. Perbaiki dong biar semua jenis android bisa pakai
Pengguna Google,4,2017-11-14 12:39:59,Membantu proses diet saya 😘
Pengguna Google,5,2017-11-14 10:53:44,"sipppp deh mantap,"
Pengguna Google,4,2017-11-14 00:35:03,"Sangat membantu sya mengontor kalori,apa yg akan d mkn"
Pengguna Google,5,2017-11-13 07:41:52,Ntap
Pengguna Google,5,2017-11-13 07:41:09,Aplikasi ini bagus bgt saya masih bisa makan enak dengan menghitung kalori nya sejauh ini saya diet mengikuti FS ini berhasil
Pengguna Google,5,2017-11-12 16:34:16,Membantu saya mengetahui Kandungan dalam makanan
Pengguna Google,5,2017-11-12 13:20:33,Sangat membantu
Pengguna Google,4,2017-11-11 19:45:08,Bagus
Pengguna Google,5,2017-11-11 08:49:59,Sangat membantu program diet saya
Pengguna Google,5,2017-11-10 11:24:27,Sangat membantu ❤❤❤
Pengguna Google,4,2017-11-10 10:26:12,berguna banget menjaga kalori makan
Pengguna Google,5,2017-11-09 17:20:52,This great app 😍😍sangat membantu untuk program diet dan membantu proses pegemukan badan 😍😍😍😍😍
Pengguna Google,5,2017-11-08 22:01:14,Mantap
Pengguna Google,5,2017-11-07 14:46:29,Ini yg saya cari. Bagus...😀👍
Pengguna Google,5,2017-11-07 12:20:33,membantuu sekali
Pengguna Google,4,2017-11-06 22:58:07,Lumayan membantu
Pengguna Google,5,2017-11-06 18:31:39,"Sangat membantu, tolong di update supaya ada notifikasi saat berbalas komentar. Thanks"
Pengguna Google,5,2017-11-06 11:24:11,Sangat membantu
Pengguna Google,5,2017-11-06 02:38:06,Tambahkan lebih banyak menu
Pengguna Google,5,2017-11-05 08:47:15,The best ☺
Pengguna Google,5,2017-11-05 08:03:47,Lengkap buat cek kalori!
Pengguna Google,5,2017-11-04 01:41:09,Sangat membantu bila anda ingin mengatur pola makan
Pengguna Google,5,2017-11-03 18:39:45,Sangat membantu supaya tetap sehat dan bugar 😊😊
Pengguna Google,4,2017-11-03 14:29:48,Membantu kontrol kalori harian
Pengguna Google,5,2017-11-03 09:00:23,sangat membantu banget
Pengguna Google,5,2017-11-02 12:45:16,Aplikasinya bgus...
Pengguna Google,5,2017-11-01 19:42:27,Mantaaaapp...  Mendampingi masa diet
Pengguna Google,4,2017-11-01 12:27:03,Suka sm app ini😍
Pengguna Google,5,2017-11-01 07:06:31,Saya suka sekali. Baru coba 6 hari sudh ad penurunanan. Mantaps. Mudah2an untuk jangka panjang...
Pengguna Google,5,2017-10-31 16:42:19,Amazing
Pengguna Google,5,2017-10-31 06:58:14,Program yg bagus
Pengguna Google,5,2017-10-30 18:46:09,Bagus
Pengguna Google,5,2017-10-30 08:36:42,Mantaap
Pengguna Google,5,2017-10-29 12:49:34,Bagus 👍
Pengguna Google,5,2017-10-29 04:57:01,Is ok...
Pengguna Google,4,2017-10-28 08:39:21,Good
Pengguna Google,5,2017-10-27 21:57:20,"Sangan membantu dan mulai bisa pakai aplikasinya, sangat bagus"
Pengguna Google,5,2017-10-27 16:46:38,Baguss poll 👍
Pengguna Google,5,2017-10-27 07:13:19,Sungguh sangat membantu
Pengguna Google,4,2017-10-25 22:55:52,App keren
Pengguna Google,5,2017-10-25 12:41:46,"Keren, Cuman masih belum Faham Cara pakainya,."
Pengguna Google,5,2017-10-25 12:30:51,Sangat membantu dalam program diet
Pengguna Google,5,2017-10-24 22:04:12,"Bagus, tapi kenapa lemot sekali ya terutama saat input"
Pengguna Google,5,2017-10-24 12:29:20,Sangat bermanfaat!! Cocok untuk yang mau konsisten berdiet!
Pengguna Google,3,2017-10-24 07:30:11,I try.
Pengguna Google,5,2017-10-22 21:06:01,You better try !!!😁👍
Pengguna Google,5,2017-10-22 10:02:22,Sangat membantu untuk bisa cutting
Pengguna Google,4,2017-10-21 18:52:38,Yu
Pengguna Google,5,2017-10-20 08:06:32,Terimakasih....bermanfaat sekali aplikasi ini...bisa bantu kontrol kalori harian...bisa buat patokan dan perkiraan makanan apa aja yang suport buat diet...
Pengguna Google,5,2017-10-19 19:18:46,"Sangat membantu sekali dalam mengontrol kalori makanan, bikin termotivasi diet juga karena banyak suhu suhu yang update kegiatannya. 😃"
Pengguna Google,5,2017-10-18 16:28:37,Nice
Pengguna Google,5,2017-10-18 07:49:53,Fat secret sangat membantu sekali
Pengguna Google,5,2017-10-17 19:01:01,Membantu banget buat diett
Pengguna Google,5,2017-10-17 13:47:42,Ranca'
Pengguna Google,5,2017-10-17 13:03:19,Berat badan turun benaran. Jadi semakin waspada terhadap kelebihan kalori yg dimakan
Pengguna Google,5,2017-10-17 10:29:33,Membantu sekali untuk masalah kalori.
Pengguna Google,5,2017-10-15 13:35:01,ok
Pengguna Google,5,2017-10-15 06:25:14,Makasi ya jadi saya tau ukuran makan kalori nya
Pengguna Google,5,2017-10-14 21:22:43,Jadi tau kalau selama ini aku konsumsi kalori lebih dari akg. Apl ini sangan membantu diet aku
Pengguna Google,4,2017-10-14 17:27:49,Sangat membantu
Pengguna Google,5,2017-10-14 10:20:50,Good
Pengguna Google,2,2017-10-13 14:21:34,Aplikasi tidak dapat diunduh. Mohon diperbaiki. Mohon bantuannya.
Pengguna Google,5,2017-10-13 05:41:35,Sangat membantu monitoring asupan kalori & nutrisi yg masuk 👍👍👍
Pengguna Google,5,2017-10-12 10:02:32,Aplikasi berguna
Pengguna Google,3,2017-10-11 17:57:01,Coba dlu
Pengguna Google,5,2017-10-11 10:27:31,Jd aware sm kalori dan perbanding karbo serat sm protein. Aplikasi ini membantu sekali
Pengguna Google,4,2017-10-11 05:44:09,Kadang suka eror tapi aku suka bagus aplikasi nya
Pengguna Google,5,2017-10-11 02:10:39,Mantap
Pengguna Google,5,2017-10-10 23:36:46,Semoga berhasil sampai target.Aamiin.
Pengguna Google,3,2017-10-10 19:50:24,"Good, sy jd tahu perkiraan kalori yg saya makan. Walaupun seperti menu masakan nusantara tdk ada di pilihan. Masukan saja, semoga ada fitur ""tag"" org lain, shga kita tahu ketika ada yg komen di jurnal kita, atau pesan kita di balas org lain."
Pengguna Google,5,2017-10-10 07:58:18,kereen deh nih aplikasi
Pengguna Google,4,2017-10-09 23:29:20,"Saya masih belum paham betul, apakah ada panduan nya?"
Pengguna Google,5,2017-10-09 10:13:28,Saya jadi tau komsumsi kalori saya per harinya.hebat sekali!!
Pengguna Google,5,2017-10-08 02:24:47,Good
Pengguna Google,5,2017-10-07 19:24:55,Sangat membantu
Pengguna Google,5,2017-10-07 10:28:09,"Jadi mikir2 kalo mau makan, berapa kalori, bagus untuk belajar hidup sehat"
Pengguna Google,5,2017-10-06 22:01:45,Jadi tau makanan swhat dan ga sshat..
Pengguna Google,5,2017-10-06 11:08:22,Semoga membantu
Pengguna Google,5,2017-10-06 10:04:29,Good lah pokoknyaa 💪 semangat kalori defisit
Pengguna Google,5,2017-10-05 14:51:59,Manfaat sekali
Pengguna Google,5,2017-10-05 10:19:07,Suka bngt jd bisa jaga kalori yg masuk dlm tubuh biar bsa trun bbnya
Pengguna Google,5,2017-10-05 07:32:28,Very useful application 😊
Pengguna Google,4,2017-10-04 13:09:28,Membantu bgt utk saya pemasukan kalori tanpa repot2 untuk saya yg sedang Diet
Pengguna Google,5,2017-10-03 19:21:19,"aplikasinya sangat bagus , tetapi sayangnya tidak bisa di pakai offline"
Pengguna Google,2,2017-10-03 14:38:16,kch bintang 2 dulu klw berhasil aku tambahin
Pengguna Google,4,2017-10-01 21:43:38,"Suka krn bermanfaat, tapi belakangan jd agak lambat dlm pencarian makanan."
Pengguna Google,5,2017-10-01 12:51:48,Waooww ... Cukup detil informasi AKG nya .. sipp
Pengguna Google,5,2017-09-30 16:42:40,"Jadi lebih menghargai tubuh , ga asal masuk sembarang makanan , suka takut sama kalori yg gede karena tau sendiri ngebakarnya gimana susah kan 😄"
Pengguna Google,3,2017-09-30 06:32:56,"Lumayan lah,walau cari menu makanan gak kumplit"
Pengguna Google,5,2017-09-30 05:31:57,Aplikasi yang sangat membantu dalam menghitung dan mengontrol kalori..  Sangat membantu untuk yang sedang dalam program diet..
Pengguna Google,5,2017-09-28 16:01:43,Bagussss
Pengguna Google,5,2017-09-28 14:58:57,nice apk
Pengguna Google,5,2017-09-28 14:09:35,Terbantu sekali untuk menghitung kalori dan tahu info terkait program diet dan penurunan berat badan
Pengguna Google,5,2017-09-26 11:45:22,Menyenangkan.jadi tau komposisi pangan yg sehat.untuk yg lg diet.cocok bgt applikasi ini.terima kasih
Pengguna Google,5,2017-09-25 20:04:08,Good jd bisa mengatur pola makan..😀
Pengguna Google,5,2017-09-25 05:10:55,Membantu banget.  Termotivasi buat jaga makanan.  Sukaaakk
Pengguna Google,5,2017-09-23 21:40:42,Sangat membantu dalam mengontrol kalori yg kita butuhkan
Pengguna Google,2,2017-09-22 01:29:57,Nga bisa masuk aplikasi nya susah
Pengguna Google,5,2017-09-21 23:32:30,Sangat membantu .... :-)
Pengguna Google,5,2017-09-17 16:09:43,Aplikasi yg berguna sekali untuk hidup sehat 👍👍
Pengguna Google,3,2017-09-16 18:28:34,Workout saya jadi kebanyakan karena waktu istirahat dihitung sebagai latihan
Pengguna Google,4,2017-09-11 19:38:39,aku masi g ngerti gmn cara menggunakannya...mohon infonya donk
Pengguna Google,5,2017-09-10 18:32:42,Tapi menu2nya yg dicari kurang lengkap kadang ngga ada 😔
Pengguna Google,5,2017-09-09 18:57:37,"Baru download, kelihatan ok semoga bermanfaat. Tambah menunya dong"
Pengguna Google,5,2017-09-08 21:00:14,"Aplikasi yang sangat memotivasi, semoga saya berhasil mencapai target 49 kg"
Pengguna Google,5,2017-09-07 15:11:17,Sip dah
Pengguna Google,5,2017-09-07 14:08:24,"Saya menggunakan fat secret dari april 2017 sampai sekarang,dengan menggunakan fat secret saya dapat mengontrol pola makan saya, dan berapa banyak kalori yang harus saya bakar . aplikasi ini sangat membantu mengetahui kandungan nutrisi suatu makanan, sangat recommended untuk yang sedang diet,"
Pengguna Google,4,2017-09-06 13:47:20,Menu chinese food tradisional mesti di tambah
Pengguna Google,5,2017-09-03 08:04:36,Sangat membantu
Pengguna Google,4,2017-08-31 23:44:08,Likesssss
Pengguna Google,5,2017-08-29 17:51:18,Aplikasinya bermanfaat bgt buat ngontrol asupan makanan kita sehari-hari. Jd ga asal makan dan masuk semua makanan. Alhamdulillah dg bantuan aplikasi ini juga dg mengontrol kalori yg masuk saya bisa mengurangi bb 3kg/mgg. Thanks
Pengguna Google,5,2017-08-29 16:49:37,Good
Pengguna Google,5,2017-08-29 07:01:25,"Tolong dunk ada notif saat ada yang mengomentari kiriman kita, trus klo qt liat koment dr kiriman org lain pas balik jangab dibwt di posisi awal lagi.. itu ajah sih yg kurang selebihnya its ok"
Pengguna Google,5,2017-08-26 09:03:33,Sangat membantu
Pengguna Google,5,2017-08-23 17:34:15,Sangat membantu
Pengguna Google,5,2017-08-20 22:16:56,Good App
Pengguna Google,4,2017-08-20 20:34:36,Bermanfaat sekale
Pengguna Google,5,2017-08-19 19:10:48,Joss
Pengguna Google,5,2017-08-18 08:52:19,Sangatt membntu jdi ak lbh gmpng mngontrol mkn aku hhhee jd gk se enkny lg dech  smga aj brhsilll amiinn
Pengguna Google,5,2017-08-16 20:33:26,Suka bgt sama aplikasi ini.  Sangat membantu menghitung kalori
Pengguna Google,5,2017-08-11 15:50:02,Oke
Pengguna Google,4,2017-08-11 06:17:34,Very good application.
Pengguna Google,4,2017-08-08 09:42:00,"Sangat membantu,tingkatkan kelengkapan menu nya yah"
Pengguna Google,5,2017-08-07 18:05:31,Sangat membantu perhitungan kalori harian
Pengguna Google,5,2017-08-06 05:11:10,Bagus banget
Pengguna Google,5,2017-08-03 11:01:17,Good
Pengguna Google,4,2017-08-01 17:04:13,Lumyan mmbantu
Pengguna Google,5,2017-08-01 14:57:06,very good app but you have to add some home food. xx
Pengguna Google,4,2017-07-29 09:28:55,"Bagus, hanya saja menu makanan dan jenis olah raga tdk lengkap, saran : kasih tips menu diet/teknik olahraga yg menunjang turun bb"
Pengguna Google,5,2017-07-28 10:23:12,6kandungan protein dan karbonya jg  ada
Pengguna Google,5,2017-07-26 12:01:42,bagus tapi.pasti lebih bagus lagi kalau restorannya ditambahin
Pengguna Google,1,2017-07-24 06:36:16,"Udh di download tp ga bs di pasang,gtu trus"" an"
Pengguna Google,5,2017-07-21 23:54:06,Lumayan 3 hari turun 1kg...target sebulan 5 kg..bisa lah
Pengguna Google,4,2017-07-19 11:52:57,Sangat membantu. Namun menu makanan kurang lengkap.  Dan juga kalau buka timeline harus di refresh terus. Tolong diperbaiki
Pengguna Google,5,2017-07-17 16:40:05,BAGUS UNTUK ORANG YG FITNS
Pengguna Google,2,2017-07-17 10:14:56,Di coba dlu aplikasinya trmksh
Pengguna Google,5,2017-07-15 20:25:09,Mantab
Pengguna Google,5,2017-07-13 11:48:47,Sangat Ber faidah. 👌
Pengguna Google,5,2017-07-13 10:37:58,Mudah2an informasi kalorinya ga asal-asalan ya..
Pengguna Google,5,2017-07-12 09:52:49,Lebih dilengkapi lagi menu makanan nya trutama masakan or makanan yg home made seperti tumis dll
Pengguna Google,5,2017-07-11 22:18:16,"ketosis bisa diterapkan dg cantumkan target lemak, protein dan karbo.... bagus banget dech"
Pengguna Google,5,2017-07-11 13:01:58,Sangat bafus untuk program diet
Pengguna Google,4,2017-07-07 16:59:09,Bermanfaat untuk diet
Pengguna Google,4,2017-07-07 16:31:33,Tambah menunya ya
Pengguna Google,4,2017-07-07 12:57:13,Perbanyak resep resep atau makanan indonesia jdi tidak susah mencari makanan untuk di masuk kan dalam perhitungan   Terimakasih
Pengguna Google,5,2017-07-05 07:35:01,Keren bangat
Pengguna Google,4,2017-07-04 11:39:41,Asisten tepat untuk belajar disiplin diet. Hanya saja makanan kurang lengkap
Pengguna Google,4,2017-07-03 22:26:40,"keren banget. lengkap semua nutrisi, hanya saja makanan gak begitu lengkap. but overall, keren."
Pengguna Google,5,2017-07-02 06:17:29,"Simple, Sangat Membantu Program Diet tapi perlu perbaikan karena tidak ada notifikasi saat ada yg comment 👍"
Pengguna Google,5,2017-07-01 22:20:30,Keren
Pengguna Google,5,2017-06-30 01:07:45,Kakkoi
Pengguna Google,5,2017-06-28 20:10:33,good
Pengguna Google,5,2017-06-27 18:00:45,App nya mantap jadi bisa kontrol asupan makanan ke tubuh deh.
Pengguna Google,5,2017-06-20 04:43:19,Keren
Pengguna Google,5,2017-06-19 22:10:36,The Fat Reductor App Of The Year 2017.
Pengguna Google,5,2017-06-19 13:10:14,Good
Pengguna Google,5,2017-06-18 11:07:33,aplikasi mantap 👍
Pengguna Google,5,2017-06-13 20:25:07,Sejauh ini saya nyaman dengan aplikasi ini. Kumpulan jumlah kalori makanan sehari hari sudah sangat banyak apalagi bila dibandingkan aplikasi lain yg sejenis. Apalagi di aplikasi ini juga berbahasa indonesia. Hanya saja sedikit bingung dibagian olahraga dan istirahat. Mohon diperbaiki. Terimakasih
Pengguna Google,4,2017-06-06 23:01:27,Hebat
Pengguna Google,5,2017-06-05 20:49:31,Bagus tungkatkan lagi
Pengguna Google,5,2017-06-03 18:41:43,Sipp
Pengguna Google,5,2017-05-29 19:57:36,Good
Pengguna Google,5,2017-05-24 10:44:48,Sedikit membantu
Pengguna Google,5,2017-05-22 11:59:38,Bagus banget jdi bisa tau kalori yang kebakar/kalori yang dimakan
Pengguna Google,5,2017-05-20 22:46:46,saya kasih bintang 5 karena membantu saya dlm target menaikan berat badan
Pengguna Google,5,2017-05-18 10:36:11,Jagalah Kesehatan
Pengguna Google,5,2017-05-17 12:29:40,good
Pengguna Google,5,2017-05-16 20:12:10,Aplikasi nya bagus banget.. Bisa membantu program Diet saya.. Terimakasih..
Pengguna Google,5,2017-05-09 22:43:53,sangat membantu
Pengguna Google,5,2017-05-09 22:25:47,"Sangat membantu, tapi kadang loading-nya lama alias lemot."
Pengguna Google,5,2017-05-09 19:50:49,Pengontrol makan saya.. diet jadi berhasil.. The best!
Pengguna Google,5,2017-05-07 01:23:39,Lumayan membantu tapi kenapa harus pake internet?!
Pengguna Google,4,2017-05-06 12:23:58,Gak ada link buat cek kadar kolesterol dan lemak seperti di web jadi kalau mau nyari hrs buka web..tambahin donk linknya......
Pengguna Google,5,2017-05-05 08:02:17,Sangat bagus
Pengguna Google,5,2017-05-05 06:20:28,Kalori tracker nya membantu sekLi
Pengguna Google,5,2017-05-03 16:31:10,Membantu skali
Pengguna Google,5,2017-05-01 18:00:01,Bagus untuk mengontrol berat badan kita sehari-hari
Pengguna Google,5,2017-04-28 17:25:15,keep growing
Pengguna Google,5,2017-04-27 16:57:07,Love this app
Pengguna Google,5,2017-04-27 12:45:25,Membantu sekali berat badan saya turun 12 kg dlm 4 bln
Pengguna Google,5,2017-04-27 05:30:49,good
Pengguna Google,5,2017-04-27 05:03:50,Seneng ada app ini.jd bisa lebih kontrol makanan
Pengguna Google,3,2017-04-27 04:44:25,apa hitungan app ini bener??
Pengguna Google,5,2017-04-25 23:51:45,Manfaat sekali
Pengguna Google,5,2017-04-24 19:37:00,Ok
Pengguna Google,5,2017-04-24 18:06:36,Good
Pengguna Google,4,2017-04-21 11:07:51,Lebih lengkap lg daftar makanan
Pengguna Google,5,2017-04-19 23:53:31,"Tambahkan opsi alarm, jadi pengguna bisa lebih terkontrol jadwal makan maupun olahraganya"
Pengguna Google,5,2017-04-19 06:30:14,Membantuuuuuuuuuu sekalleeeeeeeeeee33
Pengguna Google,5,2017-04-18 20:30:12,Mantap udah 2 bulan cuma itung itungan kalori turun sampe 7kg
Pengguna Google,5,2017-04-18 19:15:57,Mantap
Pengguna Google,1,2017-04-18 06:59:18,Aneh kok ga bisa sesuaikan tinggi dan berat sasaran !
Pengguna Google,5,2017-04-17 21:28:19,"Aplikasi ini top, sangat membantu bro 😁😁😁"
Pengguna Google,2,2017-04-17 14:57:06,2 Bintang dulu
Pengguna Google,3,2017-04-16 11:59:03,Coba dulu
Pengguna Google,5,2017-04-16 07:22:25,Ok
Pengguna Google,5,2017-04-14 13:02:39,"Bagus banget..  3bulan pakai penghitung kalori plus OCD & workout 3 kali seminggu lingkar pinggang bukan hanya berkurang dari 85cm ke 78cm tp masa otot jg nambah..muantaaabbb,perut jd sixpack skg.. buat yg bingung kalo ada makanan yang belum terdaftar bs input sendiri kandungan gizi nya kok.. bagus banget ..."
Pengguna Google,4,2017-04-12 19:48:16,Good👍
Pengguna Google,5,2017-04-11 16:44:41,Sangat membantu...
Pengguna Google,2,2017-04-11 16:03:05,"aneh, tinggi 170, berat 75, maunya 67 kok ga bisa"
Pengguna Google,4,2017-04-11 13:09:10,Like this
Pengguna Google,5,2017-04-10 09:12:00,Like
Pengguna Google,4,2017-04-07 23:27:13,Membantu sekali untuk mengatur asupan kalori
Pengguna Google,5,2017-04-07 10:08:57,Baguslah pokoknya
Pengguna Google,3,2017-04-04 10:26:25,Good
Pengguna Google,3,2017-04-04 06:58:36,"Bagus, kita bisa mengontrol makanan , dan menghitung kalori yg masuk"
Pengguna Google,5,2017-04-03 20:24:38,mantab sangat membantu buat diet
Pengguna Google,5,2017-04-03 12:57:56,Leh uga
Pengguna Google,5,2017-03-26 18:49:57,Bagus
Pengguna Google,4,2017-03-23 16:44:41,Cukup membantu..
Pengguna Google,5,2017-03-21 16:09:26,Membantu programdiet😊
Pengguna Google,3,2017-03-20 20:33:49,Jam tidur tidak bisa diganti. Tetap di 22jam
Pengguna Google,5,2017-03-20 19:45:04,Amazing !
Pengguna Google,5,2017-03-18 16:05:55,Mantap
Pengguna Google,3,2017-03-17 06:23:25,Banyakin lagi donk menu2 indonesia nya jd gampang klo mau tau kalori
Pengguna Google,5,2017-03-15 17:58:50,Likee
Pengguna Google,5,2017-03-14 11:18:55,Good app buat yg lg diet rendah kalori
Pengguna Google,5,2017-03-13 18:10:41,Sangat membantu dalam mengontrol jumlah kalori saya
Pengguna Google,5,2017-03-12 10:36:27,Perfect!
Pengguna Google,4,2017-03-10 20:49:35,"Bagus, hanya menu pilihannya blom lengkap"
Pengguna Google,5,2017-03-09 17:39:49,Daebak!
Pengguna Google,3,2017-03-08 21:48:43,Lumayan tapi lama bngt buat masuk ke aplikasi ini. Dan daftar makanannya kurang lengkap.. tolong daftar makanannya dilengkapi. Dan daftar olahraganya juga kurang lengkap. Jadi kurang maksimal buat mengetahui kalori yg udah terbakar. Terima Kasih
Pengguna Google,5,2017-03-07 08:02:25,Bermanfaat sekalian belajar hitung kebutuhan kalori
Pengguna Google,4,2017-03-06 12:46:08,Sangat membantu saya yg sedang program diet..
Pengguna Google,5,2017-03-05 18:42:00,"Aplikasi ini emang bagus banget, aku orangnya emang susah gemuk, tapi baru coba makek aplikasi ini, berat dari 52 bisa naik 5 kg dalam 3 minggu, jadi kalau yang mau ngontrol berat badan, menaikkan atau mengurangi gak ada salahnya deh nyoba yg ini, jamin dah pasti sesuai keinginan, tapi kelemahannya makanan dan aktivitas kurang lengkap, top lanjutkan"
Pengguna Google,5,2017-03-04 22:26:41,Mantap sangat  membantu
Pengguna Google,5,2017-03-04 19:55:08,I love it
Pengguna Google,4,2017-03-04 09:57:26,Ini sangat bagus bisa sangat membantu saya untuk menurunkan berat badan thanks 😊
Pengguna Google,5,2017-03-02 10:36:20,Bagus utk ngontrol kalori tiap hari
Pengguna Google,5,2017-02-28 09:57:12,Tambahakan lebih banyak kalori makanaan
Pengguna Google,5,2017-02-27 19:50:46,"Bagus dan lengkap list makanannya, jd tidak binggung.bagi developernya  Ditingkatkan terus ya."
Pengguna Google,5,2017-02-27 04:45:21,oke
Pengguna Google,5,2017-02-26 10:12:53,"Sekarang aku bisa mengontrol asupan kalori setiap hari, berat badanku sekarang berkurang setiap harinya, Terima kasih"
Pengguna Google,5,2017-02-25 07:55:28,Sangat membantu mengukur berapa banyak kalori yang boleh saya konsumsi
Pengguna Google,5,2017-02-22 15:09:12,Good
Pengguna Google,5,2017-02-22 12:38:03,Sangat membantu Sayangnya kurang komplit makanannya
Pengguna Google,4,2017-02-21 18:20:43,"Suka bgt sama app ini,,, ngingetin buat yg lg diet"
Pengguna Google,5,2017-02-20 21:53:07,Bagus
Pengguna Google,5,2017-02-17 23:45:43,Aplikasi yg Sangat membantu menghitung jumlah asupan kalori setiap hari....mantap
Pengguna Google,5,2017-02-17 14:59:04,Seneng bgt dg aplikasi ini..lbih mengingatkan dg pentingnya kesehatan..😊
Pengguna Google,5,2017-02-16 20:58:44,Seperti punya ahli gizi pribadi...
Pengguna Google,5,2017-02-16 18:00:15,Keren 😄
Pengguna Google,5,2017-02-12 22:32:43,I wish this helping
Pengguna Google,5,2017-02-12 18:16:48,Keren gals! Cucok banget  buat yg lagi mau diet dengan cara yang tepat. Long way to go guys😊
Pengguna Google,5,2017-02-12 07:40:46,"Bagus,  berhasil"
Pengguna Google,5,2017-02-05 22:00:26,Cara aktifin widgetnya gimana yaa ?
Pengguna Google,5,2017-02-05 19:16:50,Good
Pengguna Google,3,2017-02-04 10:26:24,Okee
Pengguna Google,5,2017-02-02 14:10:02,Mantap
Pengguna Google,4,2017-02-01 19:13:39,Tambahi daftar makanannya trs untuk laporan nutrisi tambahi juga infonya
Pengguna Google,5,2017-02-01 13:01:25,Sangat membantu dalam mengontrol kalori
Pengguna Google,3,2017-01-29 08:44:23,How to change sleep/rest time??
Pengguna Google,1,2017-01-27 16:53:02,Kok tidak mau masuk. Tolong di perbaiki
Pengguna Google,5,2017-01-26 09:15:03,Good Aplication
Pengguna Google,5,2017-01-26 06:14:55,Sangat sangat membantu dalam mengatur kalori.. Diet jadi berhasil.  Hahay...
Pengguna Google,5,2017-01-25 20:42:31,Bagus banget..jd bs kontrol kalori 😊😊😊
Pengguna Google,5,2017-01-25 08:59:39,Simpel dan mudah digunakan. Bagus untuk membantu kontrol kalori masuk.
Pengguna Google,5,2017-01-24 10:14:16,Sangat bantu
Pengguna Google,5,2017-01-21 14:56:54,Very thankful
Pengguna Google,5,2017-01-21 14:27:53,Suka app ini 😊 mempermudah penghitungan kalori tapi sayang menu makanan dan minuman tidak lengkap.  Coba diperbaiki lagi ditambah lagi menu dan minumannya agar tidak sulit lagi mencari kalori yg dikonsumsi
Pengguna Google,5,2017-01-20 19:11:29,Amazing
Pengguna Google,4,2017-01-18 20:07:12,"Cukup menyenangkan bisa mengontrol asupan kalori sehari-hari, tetapi datar makanan yang tersedia sangat terbatas"
Pengguna Google,4,2017-01-18 16:13:28,"Aplikasi bagus,  mudah2an akurat"
Pengguna Google,5,2017-01-16 12:40:13,"Aplikasi ini sangat membantu saya menjalankan diet dengan enjoy, terimakasih pada pembuat aplikasi ini. Mantap, bagi yg mau diet ayo pakai aplikasi ini."
Pengguna Google,4,2017-01-15 11:40:49,"Lumayan membantu dalam mengetahui kalori. Tingkatkan lagi data data soal beberapa makanan dan kalori yg terbuang saat latihan, usahakan dlm hitungan detik jg ditambahkan di perhitungan kalori latihan"
Pengguna Google,5,2017-01-14 18:38:17,Good app
Pengguna Google,5,2017-01-13 08:12:31,I love this app 👍
Pengguna Google,5,2017-01-12 18:38:22,Aplikasi ini membantu menghitung kalori
Pengguna Google,4,2017-01-12 12:14:46,Good
Pengguna Google,5,2017-01-11 06:02:28,"Aplikasi yang sangat bagus untuk mengetahui kalori yang kita penuhi setiap hari. Cuma daftar makanan nya aja kurang lengkap, soalnya yang dimakan bermacam macam makanan."
Pengguna Google,5,2017-01-09 20:33:46,Love
Pengguna Google,5,2017-01-07 04:02:44,GOOD APP
Pengguna Google,4,2017-01-06 00:38:20,"Nyoba dulu,semoga sebulan bisa turun 2-4kg"
Pengguna Google,5,2017-01-01 09:27:44,"Selama pake aplikasi ini wlwpun sering naik n turun dikit2 bb,tp aku tetap setia make. Bgs ini aplikasi, buat ngontrol konsumsi kalori harian"
Pengguna Google,3,2016-12-30 11:41:00,Gimana sih cara bacanya? Ada yang mau kasih pencerahan? Aku masih bingung
Pengguna Google,5,2016-12-30 08:16:50,Siiip
Pengguna Google,4,2016-12-30 06:00:35,👌👍
Pengguna Google,5,2016-12-29 09:37:46,Ini membantu banget
Pengguna Google,3,2016-12-28 20:30:27,Coba dulu kali aja bagus
Pengguna Google,4,2016-12-25 12:43:48,"ToLong yg tau cara merubah data tinggi badan, tanggaL Lahir, caraNya bagaimana? Apa harus ganti emaiL dengan yg baru?"
Pengguna Google,5,2016-12-24 16:02:04,This app so useful.
Pengguna Google,4,2016-12-23 06:30:06,"Selama 6 bulan pake aplikasi ini di pc, bb sempat turun. Lama g mbuka, bb naik lagi karena tidak terkontrol. Akhirnya install di hp, agar selalu inget."
Pengguna Google,5,2016-12-21 11:14:14,"Keren,,,,"
Pengguna Google,5,2016-12-20 06:04:04,Good aplication
Pengguna Google,5,2016-12-19 21:57:36,Tap
Pengguna Google,1,2016-12-16 16:55:29,Gue gak bisa masuk
Pengguna Google,5,2016-12-16 10:12:45,Berguna
Pengguna Google,5,2016-12-16 09:38:44,Sangat membantuu
Pengguna Google,5,2016-12-15 15:37:16,"Aplikasinya membantu sekali, dalam 2 minggu saya trun 2kg"
Pengguna Google,1,2016-12-13 19:48:48,Ok
Pengguna Google,4,2016-12-11 16:50:14,Sangat berguna bwt yg sdg diet...
Pengguna Google,5,2016-12-10 23:16:44,Nice bagus ga pake ribet sangat membantu
Pengguna Google,5,2016-12-10 11:44:22,Siap di endorse fat secret
Pengguna Google,4,2016-12-07 14:08:20,Lumayan
Pengguna Google,5,2016-12-01 19:59:50,aq bisa mengatur tiap hari makanan apa aja yg aq makan...sejauh ini semakin turun berat badan qu...aplikasi yg kereeeen dewh...tq
Pengguna Google,3,2016-11-28 17:15:27,Nggak ngerti makenya
Pengguna Google,4,2016-11-26 17:45:39,Saya akan mencoba aplikasi ini..  semoga diet saya berhasil..
Pengguna Google,5,2016-11-26 13:03:42,Sangat membantu
Pengguna Google,3,2016-11-26 04:15:49,Oke dah
Pengguna Google,5,2016-11-25 20:16:15,Aplikasi keren untuk yang sedang Diet...
Pengguna Google,5,2016-11-24 09:56:44,Sangat membantu..  😘
Pengguna Google,5,2016-11-22 01:37:13,Saya Suka
Pengguna Google,5,2016-11-21 15:49:19,"Sangat membantu sangat bermanfaat ,  seneng banget punya aplikasi ini 😍😍"
Pengguna Google,5,2016-11-18 07:27:23,Love
Pengguna Google,5,2016-11-15 17:18:48,"Ini aplikasi keren banged, love it"
Pengguna Google,5,2016-11-07 12:33:18,Gilaaa.. ini mah keren banget
Pengguna Google,5,2016-11-03 21:50:01,"Terbantu sekali dgn app ini unt program diet. FatSecret dan MiFit dapat tersinkronisasi dgn GoogleFit, kolaborasi yg bermanfaat sekali."
Pengguna Google,5,2016-11-02 12:16:49,Apk berkualitas
Pengguna Google,5,2016-11-01 19:44:08,Hebat
Pengguna Google,5,2016-10-31 21:22:37,Bagus banget jd bisa tahu klori yg kta makan
Pengguna Google,5,2016-10-31 16:16:36,Goog
Pengguna Google,5,2016-10-30 20:54:51,Tp lum ngerti banget..
Pengguna Google,5,2016-10-30 17:50:37,Bagus banget buat ngitung kalori yg dimakan...ga pake repot...n jdi terkontrol...
Pengguna Google,5,2016-10-30 17:31:59,Aplikasi ini sangat membantu teman saya yang badannya gemuk setelah saya rekomendasikan buat diet diary (seperti yang saya baca) ia langsung meng-install ini dan hasilnya lumayab bagus....
Pengguna Google,5,2016-10-29 06:22:19,Smuanx jdi mudah buat dihitung...
Pengguna Google,5,2016-10-27 08:00:08,Dengan aplikasi ini aku bisa kontrol kaloriku sehingga bisa menjalankan diet dengan aman dan tepat. Bintang 5 deh buat fat secret
Pengguna Google,5,2016-10-23 20:20:40,"Daftar makanannya update lagi dong,overall,bagus!"
Pengguna Google,3,2016-10-21 19:22:22,Ok
Pengguna Google,5,2016-10-21 16:06:20,Nice app for diet n nutritition monitoring..
Pengguna Google,5,2016-10-20 19:23:36,sempurna
Pengguna Google,5,2016-10-20 10:58:56,Jadi tau deh sehari makan berapa kalori
Pengguna Google,4,2016-10-18 11:23:12,"dari aplikasi ini aku jadi nyadar, selama ini kalori makanku gak karuan (pantes cepet banget gendutnya). semoga bisa turun bb spt yg diharapkan. aamiin. sayangnya gak bisa masukin 'olahraga yg dilakukan hari ini'-nya."
Pengguna Google,5,2016-10-17 06:11:39,Dengam aplikasi ini sangat terbantu dalam mengontrol berat badan
Pengguna Google,5,2016-10-15 05:44:58,aku suka
Pengguna Google,5,2016-10-14 12:48:22,Love it
Pengguna Google,5,2016-10-14 00:07:29,Coba
Pengguna Google,5,2016-10-11 20:55:38,Membantu sekali untuk program menaikan berat badan
Pengguna Google,5,2016-10-11 16:20:44,Cocok untuk monitoring diet
Pengguna Google,5,2016-10-10 22:12:09,Yaa kereeen hahaa
Pengguna Google,3,2016-10-07 17:30:13,Coba dulu kalo bagus nanti di tambahin bintang nya
Pengguna Google,1,2016-10-06 12:33:44,Kalori
Pengguna Google,4,2016-10-02 22:41:43,Ini dlu ya..
Pengguna Google,4,2016-09-28 06:31:40,"Bugus, jado bisa kontrol kalori yang masuk ke tubuh."
Pengguna Google,5,2016-09-25 16:43:31,Sangat membantu dan komplit info nya
Pengguna Google,3,2016-09-23 02:53:29,Coba dulu ah biar berat badan ideal
Pengguna Google,5,2016-09-22 16:06:17,SUkaaaaaaaa.. lebih bisa kontrol yg akan di makan.
Pengguna Google,5,2016-09-20 09:16:16,Siiip
Pengguna Google,5,2016-09-20 09:06:45,"Bagus sekali buat yang lagi diet maupun tidak. Kita bisa tau berapa kalori yang masuk ke dalam tubuh. Fyi, 4000 kalori = 1 kg CMIIW"
Pengguna Google,3,2016-09-17 21:48:00,Baru mau coba jadi kasi 3bintang dulu brntar kalau bagus aQ kasih full bintangnya
Pengguna Google,5,2016-09-14 16:10:42,Ini cocok sekali buat orang yang mau diet haha
Pengguna Google,4,2016-09-14 09:30:10,Sangat bermanfaat bagi saya
Pengguna Google,3,2016-09-09 13:19:32,"""melianaf7ue"" dan dapatkan TUMPANGAN GRATIS! BUKTIKAN!!"
Pengguna Google,5,2016-09-09 10:43:42,Amazing
Pengguna Google,4,2016-09-03 22:38:22,Coba dulu klo bagus bintangnya d tambah
Pengguna Google,3,2016-09-01 10:18:54,So interested to use this app
Pengguna Google,3,2016-09-01 08:40:45,Coba dulu
Pengguna Google,3,2016-08-31 08:35:07,Lumayan
Pengguna Google,4,2016-08-29 06:08:39,Penghitung kalori yg cukup membantu untuk yg menginginkan berat badan tertentu...
Pengguna Google,1,2016-08-27 02:12:06,Ji
Pengguna Google,5,2016-08-25 22:10:24,this apps is super amazing... its really help me... after 2 month using this apps i have losing 8 kilogram...
Pengguna Google,5,2016-08-22 07:18:28,Sangat membantu
Pengguna Google,5,2016-08-20 10:00:42,"Aplikasi ini sangat membantu saya, mengetahui brapa jumlah kalori dari makanan yg saya konsumsi stiap hati"
Pengguna Google,5,2016-08-18 12:25:52,✔
Pengguna Google,4,2016-08-14 07:29:48,Sangat membantu saya
Pengguna Google,5,2016-08-12 07:54:18,Jadi bisa mengontrol makanan dengan baik 😊😊
Pengguna Google,3,2016-08-08 16:33:45,"nyoba dulu gan mudah""an bermanfaat"
Pengguna Google,5,2016-08-06 11:57:15,Like it...
Pengguna Google,5,2016-08-04 21:06:17,Mantap nih aplikasi bisa ngontrol diet
Pengguna Google,5,2016-08-02 16:30:17,Sip
Pengguna Google,4,2016-07-24 21:32:19,Suka
Pengguna Google,5,2016-07-24 17:34:54,Keren
Pengguna Google,5,2016-07-22 22:59:44,Smg berhasilll
Pengguna Google,5,2016-07-22 11:11:47,Awesome..help me a lot..a great reminder !!!
Pengguna Google,1,2016-07-22 07:04:05,"Coba dlu aplikasinya , kalau bagus entar d tambahin lagi bintangnya"
Pengguna Google,5,2016-07-20 20:59:57,Setahun lalu saya download app ini dan berkat jadwal makanan yg saya buat sendiri dan saya patuhi sendiri dalam 3 bulan saya berhasil turun 13kg (dari 65kg ke 52kg tanpa rasa lapar dan berjalan begitu saja) lalu lebaran tahun 2016 ini mengacaukan pola makanku dan akhirnya naik jadi 58kg.. krna udah percaya banget jadi buat cewe2 yang mau diet wajib pake aplikasi ini.. intinya cma 1. Kamu harus patuh sama diet yang kamu buat sendiri sesuai dengan kemampuanmu. SEMANGAT!!!
Pengguna Google,5,2016-07-14 17:49:31,Sangat bermanfaat
Pengguna Google,4,2016-07-14 00:44:44,Menu makanan tambahin lg dong sayur2an dikit banget
Pengguna Google,3,2016-07-13 19:07:30,Kurang variasi makanannya
Pengguna Google,4,2016-07-12 17:17:16,"Min mau nanya.klo msalnya berat badan kita nambah,penghitung yg ada di app'nya akan otomatis bertambah ya,Atau gmna?"
Pengguna Google,5,2016-07-12 17:00:55,Membantu mengawal diet
Pengguna Google,2,2016-07-03 15:58:11,Coba dulu nanti kalo bagus tambah lagi bintangnya
Pengguna Google,5,2016-06-21 16:49:58,So helpfull
Pengguna Google,4,2016-06-20 14:55:10,Agak lambat pada saat membuka applikasinya dan opsi-opsinya
Pengguna Google,5,2016-06-19 20:50:19,Mantab
Pengguna Google,4,2016-06-15 22:01:29,Good
Pengguna Google,5,2016-06-11 03:32:39,Bagus
Pengguna Google,4,2016-06-09 13:40:50,Good
Pengguna Google,4,2016-06-05 21:23:04,"Kalau bisa menu makananya dperbanyak karena indonesia kaya akan kulinernya dan hasil"" lautnya"
Pengguna Google,5,2016-06-04 10:01:01,Saya suka dapat kontrol kalori setiap hari
Pengguna Google,5,2016-06-01 15:55:04,sukaaaaa bgeet bantu bgeet
Pengguna Google,3,2016-05-31 19:58:38,Ntar tambain kalo bgs
Pengguna Google,5,2016-05-31 10:08:36,"Suka ada aplikasi ini, jadi bisa mengontrol berat badan 😃"
Pengguna Google,5,2016-05-25 17:20:52,"Sangat membantu dlm 1 bln turun 5Kg, saran nya usahakan konsumsi kalori lebih sedikit dari pada kalori yang di bakar ..... Berat turun makan ttp enak"
Pengguna Google,5,2016-05-24 22:46:21,Sip
Pengguna Google,3,2016-05-23 10:30:35,Terkadang harus keluar dulu dari aplikasi biar konek ke internet
Pengguna Google,5,2016-05-18 20:12:50,sangat berguna
Pengguna Google,5,2016-05-17 12:15:42,Tambah lengkap
Pengguna Google,4,2016-05-17 07:19:06,Tuntunan menuju sehat
Pengguna Google,5,2016-05-17 05:35:29,Suka sekali.....
Pengguna Google,5,2016-05-16 18:43:01,Diet
Pengguna Google,5,2016-05-15 19:49:07,ok
Pengguna Google,5,2016-05-15 18:09:23,Recomended
Pengguna Google,3,2016-05-15 10:54:16,Caranya gmn sih? Bls
Pengguna Google,5,2016-05-14 08:07:29,Aplikasi yang sangat membantu mengontrol kalori
Pengguna Google,5,2016-05-14 08:05:40,👍
Pengguna Google,4,2016-05-13 10:13:27,Tambahkan lagi menu makanan yang lebih bervariasi
Pengguna Google,5,2016-05-09 18:24:21,Saya suka
Pengguna Google,3,2016-05-08 23:03:08,Good
Pengguna Google,4,2016-05-06 21:31:00,tes dulu buat membantu diet
Pengguna Google,5,2016-05-05 14:23:37,😋
Pengguna Google,5,2016-05-04 16:53:41,Jadi tau kalori disetiap makanan
Pengguna Google,5,2016-05-04 12:01:28,Nice app
Pengguna Google,5,2016-05-02 10:41:34,Ok
Pengguna Google,4,2016-04-30 05:41:16,Coba dulu
Pengguna Google,4,2016-04-24 08:39:36,Untuk badan yang lebih sehat
Pengguna Google,4,2016-04-23 09:21:05,Bingung
Pengguna Google,5,2016-04-23 00:11:20,😀😊
Pengguna Google,3,2016-04-17 15:25:02,Coba dulu ya
Pengguna Google,5,2016-04-17 09:08:40,Bagus
Pengguna Google,4,2016-04-15 09:37:25,Segitu dulu blom nyoba
Pengguna Google,4,2016-04-10 06:23:20,Bagus
Pengguna Google,5,2016-04-09 21:23:59,Sangat membantu!!
Pengguna Google,4,2016-04-04 11:55:38,Bagus utk diet udh 2 minggu saya turun hampir 2kg
Pengguna Google,5,2016-04-04 04:24:57,my diet succes with help this app too
Pengguna Google,5,2016-03-29 21:20:35,Membntu
Pengguna Google,5,2016-03-29 19:19:13,Bisa menghitung kalori yang aku konsumsi. Jadi mudah buat naikin berat badan. 😊
Pengguna Google,5,2016-03-26 20:14:52,"Thank you, it's good aplication."
Pengguna Google,5,2016-03-23 14:56:43,"Sip! Walau daftar makanannya ga lengkap tapi appsnya ringan , bisa input latihan juga"
Pengguna Google,5,2016-03-23 12:15:50,Bagus...bisa tau jumlah kalori yang kita konsumsi...
Pengguna Google,5,2016-03-23 11:16:19,Terimakasih
Pengguna Google,5,2016-03-22 08:35:43,Sangat membantu
Pengguna Google,5,2016-03-20 16:18:16,Siip
Pengguna Google,5,2016-03-18 12:18:19,Top bgt
Pengguna Google,5,2016-03-16 13:59:26,Untuk versi lawas
Pengguna Google,5,2016-03-14 06:49:59,Bisa tau brp kalori yg kita makan. Tp di perbnyak lg doank makananny
Pengguna Google,5,2016-03-11 18:44:34,"Benar benar membantu , makasih"
Pengguna Google,5,2016-03-08 05:50:56,Good
Pengguna Google,4,2016-03-06 09:39:16,"If you would do this, I will make it 5 stars"
Pengguna Google,5,2016-02-21 11:36:12,Aplikasi yg berguna banget buat control calories sehari2 ..... Big thanks !!!
Pengguna Google,5,2016-02-14 15:50:32,Joss
Pengguna Google,5,2016-02-11 14:09:26,Bagus sekali
Pengguna Google,5,2016-02-09 06:05:40,Aplikasi yg sangat bermanfaat. Hitung2an kalori belum pernah semudah ini... 👍😄💖👌
Pengguna Google,2,2016-02-08 09:51:31,"Versi web-nya sangat baik, apalagi database makanan Indonesia lengkap! Tapi versi aplikasi mobile-nya nggak mengenali makanan Indonesia... Meskipun sudah set Region Indonesia. Sebagian ada, namun makanannya disebut dalam bahasa Inggris..."
Pengguna Google,2,2016-02-05 20:40:49,Untuk daftar makanan tidak lengkap. Menggunakan barcode tapi tidak ada didlm dftr..
Pengguna Google,4,2016-02-05 02:14:11,Ini yg dicari
Pengguna Google,3,2016-02-02 08:31:32,Coba dulu kalo bagus nanti tak tambah bintangnya
Pengguna Google,5,2016-01-28 19:16:30,Sekali
Pengguna Google,5,2016-01-25 08:40:52,Bisa gemuuk nhii
Pengguna Google,4,2016-01-23 08:29:03,Fatsecret is like my bestfriend which loyalty calculate what I eat.
Pengguna Google,5,2016-01-12 19:03:41,Nice
Pengguna Google,2,2016-01-10 17:19:39,Dulu pernah pake aplikasi ini trus sya copot. Sekarang sy download lg knpah g bisa di buka???
Pengguna Google,3,2016-01-09 19:19:33,Bisa nggak klo g usah terhubung internet. .coz lelet
Pengguna Google,5,2016-01-07 06:58:08,Good
Pengguna Google,5,2016-01-06 17:38:26,Mantao
Pengguna Google,5,2016-01-04 18:30:18,Sangat membantu... thanks
Pengguna Google,5,2015-12-28 13:18:30,Boleh dicoba nih
Pengguna Google,5,2015-12-24 17:16:03,"Sangat bermanfaat ,bagi yg sedang dlm proses menjalankan diet ."
Pengguna Google,5,2015-12-22 10:18:31,Harus download bagi yg sdng progam bulking ...sangat2 mmbantu ...
Pengguna Google,4,2015-12-20 12:47:30,Kurang update terutama dalam nilai kalori makanan.
Pengguna Google,5,2015-12-19 05:24:11,"Sangat membantu dalam menjaga porsi makan, thanks"
Pengguna Google,4,2015-12-16 09:26:53,Perlu di update lagi kalori makanan lainnya
Pengguna Google,5,2015-12-15 19:51:42,Love it
Pengguna Google,4,2015-12-14 06:32:02,"Sangat membantu dalam tujuan diet penurunan berat badan. Mau kasih bintang 5,, asal menu makanan menjadi sangat lengkap. 😊😄😀"
Pengguna Google,5,2015-12-13 14:01:01,Greatt
Pengguna Google,5,2015-12-11 08:34:30,Healtly active life style
Pengguna Google,5,2015-12-01 19:02:00,"Sangat berguna nih apk utk anda yg ingin flexible dieting.Moga ada perbaikan lagi yg lebih ok,tp tetep saya beri bintang 6"
Pengguna Google,5,2015-11-28 21:23:45,Coba duluuu . soalnya dlm proses diet 😁😁😁
Pengguna Google,4,2015-11-27 18:06:01,Keren tp masih ada yang kurang match seperti kacang merah per 100 gramnya yang lain great! :).
Pengguna Google,4,2015-11-14 20:06:27,Good
Pengguna Google,5,2015-11-11 16:15:39,Sangaatt membantu
Pengguna Google,1,2015-11-07 17:23:20,Nice
Pengguna Google,5,2015-11-06 21:06:48,"Kalau bisa jenis makanan dan kalorinya lebih diperbanyak, khususnya masakan nusantara :D"
Pengguna Google,5,2015-11-04 18:06:28,Good mantap nih aplikasi lebih baik lagi deh
Pengguna Google,5,2015-11-04 13:56:02,Sangat membantu proses diet saya
Pengguna Google,5,2015-11-04 10:19:51,Good
Pengguna Google,3,2015-11-01 11:50:57,"Dicoba dulu,semoga berhasil,amin..."
Pengguna Google,5,2015-10-31 21:23:33,Semoga sukses
Pengguna Google,5,2015-10-29 19:23:31,Mancayyy
Pengguna Google,5,2015-10-25 19:30:32,Helpfull
Pengguna Google,5,2015-10-23 19:22:24,"Di coba"" dulu smg lancar."
Pengguna Google,3,2015-10-23 15:05:02,Unt ketahui kalori yg dikonsumsi harian......coba dulu app ini
Pengguna Google,5,2015-10-22 09:19:59,"Sy turun 18 kg, amazing..."
Pengguna Google,3,2015-10-20 12:26:10,Moga berhasil amin
Pengguna Google,3,2015-10-20 09:12:49,Cukup membantu
Pengguna Google,4,2015-10-19 09:12:57,"Dlm 13 hari trun 3kg, kalori masuk lbh terkontrol 😃 smjak pake aplikasi ini 😀"
Pengguna Google,5,2015-10-18 12:58:35,Good
Pengguna Google,5,2015-10-17 11:45:45,Try this up
Pengguna Google,5,2015-10-15 14:52:01,Sangat membantu
Pengguna Google,5,2015-10-12 09:31:10,Jgn di download ya
Pengguna Google,4,2015-10-11 10:43:24,"Dijajal disit yak, mbokan langsing inyong"
Pengguna Google,3,2015-10-09 09:34:08,Di coba dlu yah
Pengguna Google,5,2015-10-02 14:21:40,Terbaik dan lebih indonesia
Pengguna Google,3,2015-09-29 07:10:02,Test dulu yach
Pengguna Google,5,2015-09-25 06:32:29,Bagus..
Pengguna Google,5,2015-09-24 16:00:02,"selain untuk diet, aplikasi ini juga mengatur pola makan dan pola hidup agar lebih sehat.."
Pengguna Google,5,2015-09-22 15:59:01,coba dlu
Pengguna Google,5,2015-09-22 08:14:00,Perbanyak tag makanan2 lokal...jangan menyerah .... Sampai ideal ...sipp rec f u lah
Pengguna Google,5,2015-09-21 19:16:49,Woww..banget aplikasinya
Pengguna Google,3,2015-09-13 23:30:38,Ok
Pengguna Google,3,2015-09-13 18:00:01,Lumayan ngebantu
Pengguna Google,1,2015-09-06 12:04:44,Terlalu ribet
Pengguna Google,5,2015-09-05 18:30:36,Aku udah turun 6 kg..mengikuti program diet ini
Pengguna Google,5,2015-08-24 14:41:45,"Di catatan latihan harian, tidur/latihan nya tolong banget dihilangkan sih !!!! Ganggu banget !!!!!! Biar ditambahin manual aje, jangan kaya gitu!!!!! BENER2 TOLONG BANGET DIHILANGKAN !!!!!!!!!!!"
Pengguna Google,5,2015-08-20 12:16:06,Bagus ini
Pengguna Google,4,2015-08-12 18:30:32,Asal kenyang 😄
Pengguna Google,5,2015-08-11 23:25:10,5 stars
Pengguna Google,2,2015-08-10 11:44:29,Cara menampilkan di layar utama gimana ya?kok aku nyari di pengaturanya gak ada..
Pengguna Google,5,2015-08-09 11:08:17,Love this apps so much
Pengguna Google,3,2015-08-08 23:48:24,Boleh juga
Pengguna Google,5,2015-08-04 19:39:16,Mantap
Pengguna Google,5,2015-07-31 17:33:12,Okkk
Pengguna Google,5,2015-07-30 10:13:19,"Great app and it helped me very well. So I can manage what I eat and workout portion every a week. But, about food list please make it more and add some menu :) overall, i enjoyed and get satisfied from this application :)"
Pengguna Google,5,2015-07-28 17:15:32,"Aplikasinya asik, jumlah asupan kaloriku jadi makin bisa terhitung"
Pengguna Google,5,2015-07-14 17:47:07,Very like that
Pengguna Google,5,2015-07-13 09:35:14,Good
Pengguna Google,4,2015-06-27 09:29:57,Good
Pengguna Google,5,2015-06-25 14:50:52,Good
Pengguna Google,4,2015-06-16 13:23:08,"It's beter than MFP if Fatsecret can sync famous workout apps like runtastic, endomondo etc. Please make it sync and be better because your food databank is very excellent."
Pengguna Google,5,2015-06-09 13:55:20,Like this
Pengguna Google,5,2015-06-09 05:51:38,Sangat membantu untuk manage kalori dalam tubuh
Pengguna Google,5,2015-06-01 15:29:51,Membantu banget...
Pengguna Google,5,2015-05-16 07:08:31,Sip bgt
Pengguna Google,4,2015-05-14 14:58:18,Oke juga
Pengguna Google,5,2015-05-12 14:24:10,Baru mau nyobain..
Pengguna Google,5,2015-05-11 17:04:42,Lumayan buat kontrol kalori
Pengguna Google,5,2015-05-10 18:57:37,Sangat membantu untuk orng yang diet. Daftar kalori makanannya lengkap
Pengguna Google,5,2015-05-09 13:15:27,Diet atur pola makan seimbang
Pengguna Google,5,2015-05-09 11:28:53,Dah lama nyari app. Kaya gini
Pengguna Google,5,2015-05-03 21:05:27,Makasi membantu gue penyuluhan ttg gizi
Pengguna Google,4,2015-05-02 11:28:18,Bagus sih. Jadi lebih hati2 milih makanan
Pengguna Google,5,2015-04-30 11:37:34,Bisa kontol kalori
Pengguna Google,5,2015-04-26 03:31:11,Bolehlah
Pengguna Google,5,2015-04-19 22:41:01,Membantu ngatur makan dan aktivitas
Pengguna Google,5,2015-04-18 19:21:46,5 bintang untuk aplikasi ini
Pengguna Google,5,2015-03-28 15:53:21,ok good
Pengguna Google,1,2015-03-25 16:12:19,Mantap
Pengguna Google,5,2015-03-21 04:04:34,Bagus sekali lengkap dgn kosumsi kalori beserta pangkas kalorinya
Pengguna Google,5,2015-03-16 10:44:51,Mantap
Pengguna Google,5,2015-02-14 11:06:17,Mantap
Pengguna Google,5,2015-01-21 19:16:35,Membantu sekali dalam jurnal makanan  dan olahragaku
Pengguna Google,4,2015-01-17 16:46:39,Sngat membantu
Pengguna Google,5,2015-01-04 06:17:21,Suka sekali
Pengguna Google,5,2014-12-21 00:17:03,Tapi kekurangannya daftar menu makanan teradisional masih kurang
Pengguna Google,4,2014-12-20 01:32:12,Mantaaap nih app
Pengguna Google,5,2014-12-17 20:23:46,"Simple, but u must have dicipline."
Pengguna Google,4,2014-12-14 20:57:56,i like this appl
Pengguna Google,2,2014-12-07 16:21:13,Ga begitu suka
Pengguna Google,4,2014-12-06 11:22:55,Nice...
Pengguna Google,5,2014-12-02 19:17:56,Siiiipppp
Pengguna Google,5,2014-11-13 06:00:09,Sangat membantu
Pengguna Google,4,2014-11-11 13:19:21,Kereeeenn..
Pengguna Google,5,2014-10-19 19:56:30,Nice aplikasi
Pengguna Google,5,2014-09-17 04:25:17,Food
Pengguna Google,5,2014-09-06 02:04:53,Nice and cool
Pengguna Google,5,2014-08-01 17:45:57,"Hello costumer service fat secret  Disini, saya telah menggunakan aplikasi penghitung kalori fatsecret. Yeah, aplikasinya sangat sangat berguna dan membantu dalam mengontrol pola makan.  Tapi satu kekurangan aplikasi ini yang saya pribadi sayangkan. Aplikasi ini tidak dapat merubah goal atau tujuan berat badan yang ingin dicapai dari pengaturan awal.  Dan juga, mohon di update aplikasinya agar bisa menghitung jumlah gula darah dari catatan makanan yang saya buat (adanya informasi tentang batasan gula darah"
Pengguna Google,5,2014-07-13 12:22:52,Kerenn
Pengguna Google,5,2014-06-30 09:43:33,Like it
Pengguna Google,5,2014-06-16 23:43:47,Ok
Pengguna Google,5,2014-06-14 23:51:21,Aplikasi brillian
Pengguna Google,4,2014-01-26 07:23:25,Okkeee
Pengguna Google,5,2014-01-21 09:23:50,Awesome
Pengguna Google,1,2014-01-13 09:07:32,Ok
Pengguna Google,5,2012-12-25 12:50:38,Cocok deh
Pengguna Google,5,2012-09-14 09:35:00,Yess
Pengguna Google,3,2012-08-22 18:56:10,"I cant add new recipe or food..if i wanna add,this app directly force close"
Pengguna Google,5,2012-08-11 09:27:46,Good
Pengguna Google,3,2012-08-09 09:27:51,Crash a lot
Pengguna Google,5,2012-08-05 09:51:41,Kesehatan
Pengguna Google,5,2012-08-04 05:29:51,Sippp
Pengguna Google,5,2012-07-01 10:43:27,Calori
Pengguna Google,5,2012-06-13 08:58:21,Its good application
